segment_id,world_x_m,world_y_m
0,-1.6157710000005387,1.7168979999999996
0,-1.5757710000005396,1.7568979999999996
0,-1.5357710000005405,1.7968979999999997
0,-1.4957710000005413,1.8368979999999995
0,-1.4557710000005422,1.8768979999999995
0,-1.415771000000543,1.9168979999999995
0,-1.415771000000543,1.9968979999999994
0,-1.3757710000005439,2.036897999999999
0,-1.3357710000005447,2.076897999999999
0,-1.2957710000005456,2.116897999999999
0,-1.2557710000005464,2.156897999999999
0,-1.2157710000005473,2.196897999999999
0,-1.1757710000005481,2.236897999999999
0,-1.135771000000549,2.276897999999999
0,-1.0957710000005498,2.3168979999999992
0,-1.0957710000005498,2.3968979999999993
0,-1.0557710000005507,2.4368979999999993
0,-1.0157710000005515,2.4768979999999994
0,-0.9757710000005524,2.5168979999999994
0,-0.9357710000005532,2.5568979999999994
0,-0.8957710000005541,2.5968979999999995
0,-0.855771000000555,2.636897999999999
0,-0.8157710000005558,2.6768979999999987
0,-0.7757710000005567,2.7168979999999987
0,-0.7757710000005567,2.7968979999999988
0,-0.7357710000005575,2.836897999999999
0,-0.6957710000005584,2.876897999999999
0,-0.6557710000005592,2.916897999999999
0,-0.6157710000005601,2.956897999999999
0,-0.5757710000005609,2.996897999999999
0,-0.5357710000005618,3.036897999999999
0,-0.4957710000005626,3.076897999999999
0,-0.4557710000005635,3.116897999999999
0,-0.4557710000005635,3.196897999999999
0,-0.41577100000056433,3.2368979999999987
0,-0.3757710000005652,3.2768979999999983
0,-0.33577100000056603,3.3168979999999983
0,-0.2957710000005669,3.3568979999999984
0,-0.2957710000005669,3.4368979999999985
0,-0.2957710000005669,3.5168979999999985
0,-0.25577100000056774,3.5568979999999986
0,-0.2157710000005686,3.5968979999999986
0,-0.2157710000005686,3.6768979999999987
0,-0.2157710000005686,3.7568979999999987
0,-0.2157710000005686,3.836897999999999
0,-0.17577100000056944,3.8768979999999984
0,-0.1357710000005703,3.916897999999998
0,-0.1357710000005703,3.996897999999998
0,-0.1357710000005703,4.076897999999998
0,-0.1357710000005703,4.156897999999998
0,-0.1357710000005703,4.236897999999998
0,-0.09577100000057115,4.276897999999998
0,-0.055771000000572,4.316897999999998
0,-0.055771000000572,4.396897999999998
0,-0.055771000000572,4.4768979999999985
0,-0.055771000000572,4.556897999999998
0,-0.055771000000572,4.636897999999998
0,-0.055771000000572,4.716897999999998
0,-0.055771000000572,4.796897999999998
0,-0.055771000000572,4.876897999999998
0,-0.055771000000572,4.956897999999998
0,-0.055771000000572,5.036897999999998
0,-0.055771000000572,5.116897999999997
0,-0.055771000000572,5.196897999999997
0,-0.055771000000572,5.276897999999997
0,-0.055771000000572,5.3568979999999975
0,-0.055771000000572,5.436897999999998
0,-0.055771000000572,5.516897999999998
0,-0.055771000000572,5.596897999999998
0,-0.055771000000572,5.676897999999997
0,-0.055771000000572,5.756897999999997
0,-0.055771000000572,5.836897999999997
0,-0.055771000000572,5.916897999999997
0,-0.055771000000572,5.996897999999997
0,-0.055771000000572,6.076897999999997
0,-0.055771000000572,6.156897999999997
0,-0.055771000000572,6.236897999999997
0,-0.055771000000572,6.3168979999999975
0,-0.055771000000572,6.396897999999997
0,-0.055771000000572,6.476897999999997
0,-0.055771000000572,6.556897999999997
0,-0.055771000000572,6.636897999999997
0,-0.055771000000572,6.716897999999997
0,-0.055771000000572,6.796897999999997
0,-0.055771000000572,6.876897999999997
0,-0.055771000000572,6.956897999999996
0,-0.055771000000572,7.036897999999996
0,-0.055771000000572,7.116897999999996
0,-0.055771000000572,7.1968979999999965
0,-0.055771000000572,7.2768979999999965
0,-0.055771000000572,7.356897999999997
0,-0.015771000000572855,7.396897999999997
0,0.024228999999426293,7.436897999999997
0,0.024228999999426293,7.516897999999997
0,0.024228999999426293,7.596897999999997
0,0.024228999999426293,7.676897999999996
0,0.024228999999426293,7.756897999999996
0,0.024228999999426293,7.836897999999996
0,0.024228999999426293,7.916897999999996
0,0.024228999999426293,7.996897999999996
0,0.024228999999426293,8.076897999999996
0,0.024228999999426293,8.156897999999996
0,0.024228999999426293,8.236897999999997
0,0.024228999999426293,8.316897999999997
0,0.024228999999426293,8.396897999999997
0,-0.015771000000572855,8.436897999999996
0,-0.055771000000572,8.476897999999997
0,-0.055771000000572,8.556897999999997
0,-0.055771000000572,8.636897999999997
0,-0.055771000000572,8.716897999999997
0,-0.055771000000572,8.796897999999997
0,-0.055771000000572,8.876897999999997
0,-0.055771000000572,8.956897999999997
0,-0.055771000000572,9.036897999999997
0,-0.09577100000057115,9.076897999999996
0,-0.1357710000005703,9.116897999999997
0,-0.1357710000005703,9.196897999999997
0,-0.1357710000005703,9.276897999999996
0,-0.1357710000005703,9.356897999999996
0,-0.1357710000005703,9.436897999999996
0,-0.1357710000005703,9.516897999999996
0,-0.1357710000005703,9.596897999999996
0,-0.1357710000005703,9.676897999999996
0,-0.1357710000005703,9.756897999999996
0,-0.1357710000005703,9.836897999999996
0,-0.1357710000005703,9.916897999999996
0,-0.1357710000005703,9.996897999999996
0,-0.1357710000005703,10.076897999999996
0,-0.1357710000005703,10.156897999999996
0,-0.1357710000005703,10.236897999999997
0,-0.1357710000005703,10.316897999999997
0,-0.1357710000005703,10.396897999999997
0,-0.1357710000005703,10.476897999999995
0,-0.1357710000005703,10.556897999999995
0,-0.1357710000005703,10.636897999999995
0,-0.1357710000005703,10.716897999999995
0,-0.1357710000005703,10.796897999999995
0,-0.1357710000005703,10.876897999999995
0,-0.1357710000005703,10.956897999999995
0,-0.1357710000005703,11.036897999999995
0,-0.17577100000056944,11.076897999999996
0,-0.2157710000005686,11.116897999999996
0,-0.17577100000056944,11.156897999999995
0,-0.1357710000005703,11.196897999999996
0,-0.17577100000056944,11.236897999999997
0,-0.2157710000005686,11.276897999999996
0,-0.2157710000005686,11.356897999999996
0,-0.2157710000005686,11.436897999999996
0,-0.2157710000005686,11.516897999999996
0,-0.2157710000005686,11.596897999999996
0,-0.25577100000056774,11.636897999999995
0,-0.2957710000005669,11.676897999999996
0,-0.2957710000005669,11.756897999999996
0,-0.2957710000005669,11.836897999999994
0,-0.33577100000056603,11.876897999999994
0,-0.3757710000005652,11.916897999999994
0,-0.41577100000056433,11.956897999999995
0,-0.4557710000005635,11.996897999999995
0,-0.4557710000005635,12.076897999999995
0,-0.4957710000005626,12.116897999999996
0,-0.5357710000005618,12.156897999999995
0,-0.5757710000005609,12.196897999999994
0,-0.6157710000005601,12.236897999999995
0,-0.6157710000005601,12.316897999999995
0,-0.6557710000005592,12.356897999999994
0,-0.6957710000005584,12.396897999999995
0,-0.7357710000005575,12.436897999999996
0,-0.7757710000005567,12.476897999999995
0,-0.7757710000005567,12.556897999999995
0,-0.8157710000005558,12.596897999999996
0,-0.855771000000555,12.636897999999995
0,-0.8957710000005541,12.676897999999994
0,-0.9357710000005532,12.716897999999995
0,-0.9757710000005524,12.756897999999996
0,-1.0157710000005515,12.796897999999995
0,-1.0557710000005507,12.836897999999994
0,-1.0957710000005498,12.876897999999995
0,-1.0957710000005498,12.956897999999995
0,-1.135771000000549,12.996897999999995
0,-1.1757710000005481,13.036897999999994
0,-1.2157710000005473,13.076897999999993
0,-1.2957710000005456,13.076897999999993
0,-1.3357710000005447,13.116897999999994
0,-1.3757710000005439,13.156897999999995
0,-1.4557710000005422,13.156897999999995
0,-1.4957710000005413,13.196897999999994
0,-1.5357710000005405,13.236897999999993
0,-1.5757710000005396,13.276897999999994
0,-1.6157710000005387,13.316897999999995
0,-1.695771000000537,13.316897999999995
0,-1.7357710000005362,13.356897999999994
0,-1.7757710000005353,13.396897999999993
0,-1.8557710000005336,13.396897999999993
0,-1.8957710000005328,13.436897999999994
0,-1.935771000000532,13.476897999999995
0,-2.01577100000053,13.476897999999995
0,-2.0957710000005285,13.476897999999995
0,-2.1357710000005277,13.516897999999994
0,-2.175771000000527,13.556897999999993
0,-2.255771000000525,13.556897999999993
0,-2.2957710000005243,13.516897999999994
0,-2.3357710000005234,13.476897999999995
0,-2.3757710000005225,13.516897999999994
0,-2.3757710000005225,13.596897999999994
0,-2.3757710000005225,13.676897999999994
0,-2.4157710000005217,13.716897999999993
0,-2.455771000000521,13.756897999999994
0,-2.455771000000521,13.836897999999994
0,-2.455771000000521,13.916897999999994
0,-2.49577100000052,13.956897999999995
0,-2.535771000000519,13.996897999999995
0,-2.535771000000519,14.076897999999995
0,-2.535771000000519,14.156897999999995
0,-2.5757710000005183,14.196897999999994
0,-2.6157710000005174,14.236897999999995
0,-2.6157710000005174,14.316897999999995
0,-2.6157710000005174,14.396897999999993
0,-2.6557710000005166,14.436897999999992
0,-2.6957710000005157,14.476897999999993
0,-2.6957710000005157,14.556897999999993
0,-2.6957710000005157,14.636897999999993
0,-2.6957710000005157,14.716897999999993
0,-2.735771000000515,14.756897999999993
0,-2.775771000000514,14.796897999999993
0,-2.775771000000514,14.876897999999994
0,-2.775771000000514,14.956897999999994
0,-2.815771000000513,14.996897999999995
0,-2.8557710000005123,15.036897999999994
0,-2.8557710000005123,15.116897999999994
0,-2.8957710000005115,15.156897999999995
0,-2.9357710000005106,15.196897999999994
0,-2.9357710000005106,15.276897999999994
0,-2.9357710000005106,15.356897999999994
0,-2.9757710000005098,15.396897999999993
0,-3.015771000000509,15.436897999999994
0,-3.015771000000509,15.516897999999994
0,-3.015771000000509,15.596897999999992
0,-3.055771000000508,15.636897999999992
0,-3.095771000000507,15.676897999999992
0,-3.095771000000507,15.756897999999993
0,-3.095771000000507,15.836897999999993
0,-3.095771000000507,15.916897999999993
0,-3.095771000000507,15.996897999999993
0,-3.095771000000507,16.076897999999993
0,-3.1357710000005063,16.116897999999992
0,-3.1757710000005055,16.15689799999999
0,-3.1357710000005063,16.19689799999999
0,-3.095771000000507,16.236897999999993
0,-3.095771000000507,16.31689799999999
0,-3.095771000000507,16.396897999999993
0,-3.095771000000507,16.47689799999999
0,-3.095771000000507,16.556897999999993
0,-3.095771000000507,16.63689799999999
0,-3.1357710000005063,16.676897999999994
0,-3.1757710000005055,16.716897999999993
0,-3.1357710000005063,16.756897999999993
0,-3.095771000000507,16.79689799999999
0,-3.095771000000507,16.876897999999994
0,-3.1357710000005063,16.916897999999993
0,-3.1757710000005055,16.956897999999992
0,-3.1757710000005055,17.036897999999994
0,-3.1357710000005063,17.076897999999993
0,-3.095771000000507,17.116897999999992
0,-3.1357710000005063,17.15689799999999
0,-3.1757710000005055,17.196897999999994
0,-3.1757710000005055,17.276897999999992
0,-3.1757710000005055,17.356897999999994
0,-3.1757710000005055,17.436897999999992
0,-3.1757710000005055,17.516897999999994
0,-3.2157710000005046,17.556897999999993
0,-3.255771000000504,17.596897999999992
0,-3.255771000000504,17.67689799999999
0,-3.255771000000504,17.756897999999993
0,-3.255771000000504,17.83689799999999
0,-3.295771000000503,17.87689799999999
0,-3.335771000000502,17.916897999999993
0,-3.295771000000503,17.956897999999992
0,-3.255771000000504,17.99689799999999
0,-3.295771000000503,18.036897999999994
0,-3.335771000000502,18.076897999999993
0,-3.335771000000502,18.15689799999999
0,-3.335771000000502,18.236897999999993
0,-3.335771000000502,18.31689799999999
0,-3.335771000000502,18.396897999999993
0,-3.3757710000005012,18.436897999999992
0,-3.4157710000005004,18.47689799999999
0,-3.4157710000005004,18.556897999999993
0,-3.4157710000005004,18.63689799999999
0,-3.4557710000004995,18.676897999999994
0,-3.4957710000004987,18.716897999999993
0,-3.4957710000004987,18.79689799999999
0,-3.4957710000004987,18.87689799999999
0,-3.535771000000498,18.91689799999999
0,-3.575771000000497,18.956897999999992
0,-3.575771000000497,19.03689799999999
0,-3.615771000000496,19.076897999999993
0,-3.6557710000004953,19.116897999999992
0,-3.6557710000004953,19.19689799999999
0,-3.6557710000004953,19.276897999999992
0,-3.6957710000004944,19.31689799999999
0,-3.7357710000004936,19.35689799999999
0,-3.7357710000004936,19.436897999999992
0,-3.7757710000004927,19.47689799999999
0,-3.815771000000492,19.51689799999999
0,-3.815771000000492,19.596897999999992
0,-3.855771000000491,19.63689799999999
0,-3.89577100000049,19.67689799999999
0,-3.89577100000049,19.756897999999993
0,-3.9357710000004893,19.79689799999999
0,-3.9757710000004884,19.83689799999999
0,-3.9757710000004884,19.916897999999993
0,-4.015771000000488,19.956897999999992
0,-4.055771000000487,19.99689799999999
0,-4.095771000000486,20.03689799999999
0,-4.135771000000485,20.07689799999999
0,-4.135771000000485,20.15689799999999
0,-4.175771000000484,20.19689799999999
0,-4.215771000000483,20.23689799999999
0,-4.2557710000004825,20.27689799999999
0,-4.295771000000482,20.31689799999999
0,-4.295771000000482,20.39689799999999
0,-4.335771000000481,20.436897999999992
0,-4.37577100000048,20.47689799999999
0,-4.415771000000479,20.51689799999999
0,-4.455771000000478,20.55689799999999
0,-4.495771000000477,20.59689799999999
0,-4.5357710000004765,20.63689799999999
0,-4.575771000000476,20.67689799999999
0,-4.615771000000475,20.71689799999999
0,-4.655771000000474,20.756897999999993
0,-4.695771000000473,20.79689799999999
0,-4.735771000000472,20.83689799999999
0,-4.775771000000471,20.87689799999999
0,-4.8157710000004705,20.91689799999999
0,-4.85577100000047,20.956897999999992
0,-4.85577100000047,21.03689799999999
0,-4.895771000000469,21.076897999999993
0,-4.935771000000468,21.116897999999992
0,-4.975771000000467,21.15689799999999
0,-5.015771000000466,21.19689799999999
0,-5.055771000000465,21.23689799999999
0,-5.095771000000465,21.276897999999992
0,-5.135771000000464,21.31689799999999
0,-5.175771000000463,21.35689799999999
0,-5.215771000000462,21.39689799999999
0,-5.255771000000461,21.43689799999999
0,-5.29577100000046,21.47689799999999
0,-5.3357710000004595,21.51689799999999
0,-5.375771000000459,21.55689799999999
0,-5.415771000000458,21.59689799999999
0,-5.455771000000457,21.636897999999988
0,-5.495771000000456,21.67689799999999
0,-5.535771000000455,21.71689799999999
0,-5.575771000000454,21.75689799999999
0,-5.6157710000004535,21.79689799999999
0,-5.695771000000452,21.79689799999999
0,-5.735771000000451,21.83689799999999
0,-5.77577100000045,21.87689799999999
0,-5.815771000000449,21.91689799999999
0,-5.855771000000448,21.95689799999999
0,-5.8957710000004475,21.99689799999999
0,-5.935771000000447,22.03689799999999
0,-5.975771000000446,22.07689799999999
0,-6.015771000000445,22.116897999999992
0,-6.055771000000444,22.15689799999999
0,-6.095771000000443,22.19689799999999
0,-6.135771000000442,22.23689799999999
0,-6.1757710000004415,22.27689799999999
0,-6.215771000000441,22.31689799999999
0,-6.25577100000044,22.35689799999999
0,-6.335771000000438,22.35689799999999
0,-6.375771000000437,22.39689799999999
0,-6.415771000000436,22.436897999999992
0,-6.455771000000436,22.47689799999999
0,-6.495771000000435,22.51689799999999
0,-6.535771000000434,22.55689799999999
0,-6.575771000000433,22.59689799999999
0,-6.655771000000431,22.59689799999999
0,-6.6957710000004305,22.63689799999999
0,-6.73577100000043,22.67689799999999
0,-6.815771000000428,22.67689799999999
0,-6.855771000000427,22.71689799999999
0,-6.895771000000426,22.75689799999999
0,-6.9757710000004245,22.75689799999999
0,-7.015771000000424,22.796897999999988
0,-7.055771000000423,22.83689799999999
0,-7.135771000000421,22.83689799999999
0,-7.17577100000042,22.87689799999999
0,-7.215771000000419,22.91689799999999
0,-7.295771000000418,22.91689799999999
0,-7.335771000000417,22.95689799999999
0,-7.375771000000416,22.996897999999987
0,-7.455771000000414,22.996897999999987
0,-7.535771000000413,22.996897999999987
0,-7.575771000000412,23.03689799999999
0,-7.615771000000411,23.07689799999999
0,-7.695771000000409,23.07689799999999
0,-7.735771000000408,23.11689799999999
0,-7.775771000000407,23.15689799999999
0,-7.855771000000406,23.15689799999999
0,-7.935771000000404,23.15689799999999
0,-7.975771000000403,23.19689799999999
0,-8.015771000000402,23.23689799999999
0,-8.055771000000401,23.19689799999999
0,-8.0957710000004,23.15689799999999
0,-8.1357710000004,23.19689799999999
0,-8.175771000000399,23.23689799999999
0,-8.255771000000397,23.23689799999999
0,-8.295771000000396,23.27689799999999
0,-8.335771000000396,23.316897999999988
0,-8.415771000000394,23.316897999999988
0,-8.495771000000392,23.316897999999988
0,-8.535771000000391,23.35689799999999
0,-8.57577100000039,23.39689799999999
0,-8.61577100000039,23.35689799999999
0,-8.655771000000389,23.316897999999988
0,-8.695771000000388,23.35689799999999
0,-8.735771000000387,23.39689799999999
0,-8.815771000000385,23.39689799999999
0,-8.895771000000384,23.39689799999999
0,-8.975771000000382,23.39689799999999
0,-9.015771000000381,23.43689799999999
0,-9.05577100000038,23.47689799999999
0,-9.135771000000378,23.47689799999999
0,-9.175771000000378,23.43689799999999
0,-9.215771000000377,23.39689799999999
0,-9.255771000000376,23.43689799999999
0,-9.295771000000375,23.47689799999999
0,-9.375771000000373,23.47689799999999
0,-9.455771000000372,23.47689799999999
0,-9.53577100000037,23.47689799999999
0,-9.615771000000368,23.47689799999999
0,-9.695771000000367,23.47689799999999
0,-9.775771000000365,23.47689799999999
0,-9.815771000000364,23.51689799999999
0,-9.855771000000363,23.55689799999999
0,-9.935771000000361,23.55689799999999
0,-9.97577100000036,23.51689799999999
0,-10.01577100000036,23.47689799999999
0,-10.055771000000359,23.51689799999999
0,-10.095771000000358,23.55689799999999
0,-10.175771000000356,23.55689799999999
0,-10.215771000000355,23.51689799999999
0,-10.255771000000355,23.47689799999999
0,-10.295771000000354,23.51689799999999
0,-10.335771000000353,23.55689799999999
0,-10.415771000000351,23.55689799999999
0,-10.45577100000035,23.51689799999999
0,-10.49577100000035,23.47689799999999
0,-10.535771000000349,23.51689799999999
0,-10.575771000000348,23.55689799999999
0,-10.655771000000346,23.55689799999999
0,-10.695771000000345,23.51689799999999
0,-10.735771000000344,23.47689799999999
0,-10.775771000000343,23.51689799999999
0,-10.815771000000343,23.55689799999999
0,-10.895771000000341,23.55689799999999
0,-10.93577100000034,23.51689799999999
0,-10.97577100000034,23.47689799999999
0,-11.015771000000338,23.51689799999999
0,-11.055771000000338,23.55689799999999
0,-11.135771000000336,23.55689799999999
0,-11.175771000000335,23.51689799999999
0,-11.215771000000334,23.47689799999999
0,-11.255771000000333,23.51689799999999
0,-11.295771000000332,23.55689799999999
0,-11.37577100000033,23.55689799999999
0,-11.41577100000033,23.51689799999999
0,-11.455771000000329,23.47689799999999
0,-11.495771000000328,23.51689799999999
0,-11.535771000000327,23.55689799999999
0,-11.615771000000326,23.55689799999999
0,-11.695771000000324,23.55689799999999
0,-11.775771000000322,23.55689799999999
0,-11.815771000000321,23.51689799999999
0,-11.85577100000032,23.47689799999999
0,-11.89577100000032,23.51689799999999
0,-11.935771000000319,23.55689799999999
0,-12.015771000000317,23.55689799999999
0,-12.095771000000315,23.55689799999999
0,-12.175771000000314,23.55689799999999
0,-12.215771000000313,23.51689799999999
0,-12.255771000000312,23.47689799999999
0,-12.295771000000311,23.51689799999999
0,-12.33577100000031,23.55689799999999
0,-12.415771000000309,23.55689799999999
0,-12.455771000000308,23.51689799999999
0,-12.495771000000307,23.47689799999999
0,-12.535771000000306,23.51689799999999
0,-12.575771000000305,23.55689799999999
0,-12.655771000000303,23.55689799999999
0,-12.735771000000302,23.55689799999999
0,-12.8157710000003,23.55689799999999
0,-12.895771000000298,23.55689799999999
0,-12.975771000000297,23.55689799999999
0,-13.055771000000295,23.55689799999999
0,-13.135771000000293,23.55689799999999
0,-13.215771000000291,23.55689799999999
0,-13.29577100000029,23.55689799999999
0,-13.375771000000288,23.55689799999999
0,-13.455771000000286,23.55689799999999
0,-13.535771000000285,23.55689799999999
0,-13.615771000000283,23.55689799999999
0,-13.695771000000281,23.55689799999999
0,-13.77577100000028,23.55689799999999
0,-13.855771000000278,23.55689799999999
0,-13.935771000000276,23.55689799999999
0,-14.015771000000274,23.55689799999999
0,-14.095771000000273,23.55689799999999
0,-14.175771000000271,23.55689799999999
0,-14.25577100000027,23.55689799999999
0,-14.335771000000268,23.55689799999999
0,-14.415771000000266,23.55689799999999
0,-14.495771000000264,23.55689799999999
0,-14.575771000000262,23.55689799999999
0,-14.65577100000026,23.55689799999999
0,-14.69577100000026,23.51689799999999
0,-14.735771000000259,23.47689799999999
0,-14.815771000000257,23.47689799999999
0,-14.895771000000256,23.47689799999999
0,-14.975771000000254,23.47689799999999
0,-15.055771000000252,23.47689799999999
0,-15.13577100000025,23.47689799999999
0,-15.215771000000249,23.47689799999999
0,-15.295771000000247,23.47689799999999
0,-15.375771000000245,23.47689799999999
0,-15.455771000000244,23.47689799999999
0,-15.535771000000242,23.47689799999999
0,-15.61577100000024,23.47689799999999
0,-15.695771000000239,23.47689799999999
0,-15.775771000000237,23.47689799999999
0,-15.855771000000235,23.47689799999999
0,-15.935771000000233,23.47689799999999
0,-16.015771000000232,23.47689799999999
0,-16.09577100000023,23.47689799999999
0,-16.17577100000023,23.47689799999999
0,-16.255771000000227,23.47689799999999
0,-16.335771000000225,23.47689799999999
0,-16.415771000000223,23.47689799999999
0,-16.49577100000022,23.47689799999999
0,-16.57577100000022,23.47689799999999
0,-16.655771000000218,23.47689799999999
0,-16.735771000000216,23.47689799999999
0,-16.815771000000215,23.47689799999999
0,-16.895771000000213,23.47689799999999
0,-16.97577100000021,23.47689799999999
0,-17.05577100000021,23.47689799999999
0,-17.135771000000208,23.47689799999999
0,-17.215771000000206,23.47689799999999
0,-17.295771000000205,23.47689799999999
0,-17.375771000000203,23.47689799999999
0,-17.4557710000002,23.47689799999999
0,-17.5357710000002,23.47689799999999
0,-17.615771000000198,23.47689799999999
0,-17.695771000000196,23.47689799999999
0,-17.775771000000194,23.47689799999999
0,-17.855771000000193,23.47689799999999
0,-17.93577100000019,23.47689799999999
0,-18.01577100000019,23.47689799999999
0,-18.095771000000187,23.47689799999999
0,-18.135771000000187,23.43689799999999
0,-18.175771000000186,23.39689799999999
0,-18.255771000000184,23.39689799999999
0,-18.335771000000182,23.39689799999999
0,-18.41577100000018,23.39689799999999
0,-18.49577100000018,23.39689799999999
0,-18.575771000000177,23.39689799999999
0,-18.655771000000176,23.39689799999999
0,-18.735771000000174,23.39689799999999
0,-18.775771000000173,23.35689799999999
0,-18.815771000000172,23.316897999999988
0,-18.89577100000017,23.316897999999988
0,-18.97577100000017,23.316897999999988
0,-19.055771000000167,23.316897999999988
0,-19.135771000000165,23.316897999999988
0,-19.215771000000164,23.316897999999988
0,-19.255771000000163,23.27689799999999
0,-19.295771000000162,23.23689799999999
0,-19.37577100000016,23.23689799999999
0,-19.45577100000016,23.23689799999999
0,-19.535771000000157,23.23689799999999
0,-19.575771000000156,23.19689799999999
0,-19.615771000000155,23.15689799999999
0,-19.695771000000153,23.15689799999999
0,-19.77577100000015,23.15689799999999
0,-19.85577100000015,23.15689799999999
0,-19.89577100000015,23.11689799999999
0,-19.93577100000015,23.07689799999999
0,-20.015771000000147,23.07689799999999
0,-20.095771000000145,23.07689799999999
0,-20.175771000000143,23.07689799999999
0,-20.215771000000142,23.03689799999999
0,-20.25577100000014,22.996897999999987
0,-20.33577100000014,22.996897999999987
0,-20.37577100000014,22.95689799999999
0,-20.415771000000138,22.91689799999999
0,-20.495771000000136,22.91689799999999
0,-20.575771000000135,22.91689799999999
0,-20.615771000000134,22.87689799999999
0,-20.655771000000133,22.83689799999999
0,-20.73577100000013,22.83689799999999
0,-20.77577100000013,22.796897999999988
0,-20.81577100000013,22.75689799999999
0,-20.895771000000128,22.75689799999999
0,-20.975771000000126,22.75689799999999
0,-21.015771000000125,22.71689799999999
0,-21.055771000000124,22.67689799999999
0,-21.135771000000123,22.67689799999999
0,-21.175771000000122,22.63689799999999
0,-21.21577100000012,22.59689799999999
0,-21.29577100000012,22.59689799999999
0,-21.33577100000012,22.55689799999999
0,-21.375771000000118,22.51689799999999
0,-21.455771000000116,22.51689799999999
0,-21.495771000000115,22.47689799999999
0,-21.535771000000114,22.436897999999992
0,-21.615771000000112,22.436897999999992
0,-21.65577100000011,22.39689799999999
0,-21.69577100000011,22.35689799999999
0,-21.77577100000011,22.35689799999999
0,-21.815771000000108,22.31689799999999
0,-21.855771000000107,22.27689799999999
0,-21.935771000000106,22.27689799999999
0,-21.975771000000105,22.23689799999999
0,-22.015771000000104,22.19689799999999
0,-22.055771000000103,22.15689799999999
0,-22.095771000000102,22.116897999999992
0,-22.1757710000001,22.116897999999992
0,-22.2157710000001,22.07689799999999
0,-22.2557710000001,22.03689799999999
0,-22.295771000000098,21.99689799999999
0,-22.335771000000097,21.95689799999999
0,-22.415771000000095,21.95689799999999
0,-22.455771000000095,21.91689799999999
0,-22.495771000000094,21.87689799999999
0,-22.535771000000093,21.83689799999999
0,-22.575771000000092,21.79689799999999
0,-22.61577100000009,21.75689799999999
0,-22.65577100000009,21.71689799999999
0,-22.73577100000009,21.71689799999999
0,-22.775771000000088,21.67689799999999
0,-22.815771000000087,21.636897999999988
0,-22.855771000000086,21.59689799999999
0,-22.895771000000085,21.55689799999999
0,-22.935771000000084,21.51689799999999
0,-22.975771000000083,21.47689799999999
0,-23.015771000000083,21.43689799999999
0,-23.05577100000008,21.39689799999999
0,-23.09577100000008,21.35689799999999
0,-23.13577100000008,21.31689799999999
0,-23.17577100000008,21.276897999999992
0,-23.21577100000008,21.23689799999999
0,-23.255771000000077,21.19689799999999
0,-23.295771000000077,21.15689799999999
0,-23.335771000000076,21.116897999999992
0,-23.375771000000075,21.076897999999993
0,-23.415771000000074,21.03689799999999
0,-23.455771000000073,20.99689799999999
0,-23.495771000000072,20.956897999999992
0,-23.53577100000007,20.91689799999999
0,-23.57577100000007,20.87689799999999
0,-23.61577100000007,20.83689799999999
0,-23.65577100000007,20.79689799999999
0,-23.695771000000068,20.756897999999993
0,-23.735771000000067,20.71689799999999
0,-23.775771000000066,20.67689799999999
0,-23.815771000000066,20.63689799999999
0,-23.855771000000065,20.59689799999999
0,-23.895771000000064,20.55689799999999
0,-23.935771000000063,20.51689799999999
0,-23.975771000000062,20.47689799999999
0,-24.01577100000006,20.436897999999992
0,-24.05577100000006,20.39689799999999
0,-24.05577100000006,20.31689799999999
0,-24.09577100000006,20.27689799999999
0,-24.13577100000006,20.23689799999999
0,-24.175771000000058,20.19689799999999
0,-24.215771000000057,20.15689799999999
0,-24.255771000000056,20.116897999999992
0,-24.295771000000055,20.07689799999999
0,-24.335771000000054,20.03689799999999
0,-24.375771000000054,19.99689799999999
0,-24.375771000000054,19.916897999999993
0,-24.415771000000053,19.87689799999999
0,-24.455771000000052,19.83689799999999
0,-24.49577100000005,19.79689799999999
0,-24.53577100000005,19.756897999999993
0,-24.57577100000005,19.716897999999993
0,-24.61577100000005,19.67689799999999
0,-24.61577100000005,19.596897999999992
0,-24.655771000000048,19.55689799999999
0,-24.695771000000047,19.51689799999999
0,-24.735771000000046,19.47689799999999
0,-24.775771000000045,19.436897999999992
0,-24.775771000000045,19.35689799999999
0,-24.815771000000044,19.31689799999999
0,-24.855771000000043,19.276897999999992
0,-24.895771000000043,19.23689799999999
0,-24.93577100000004,19.19689799999999
0,-24.93577100000004,19.116897999999992
0,-24.97577100000004,19.076897999999993
0,-25.01577100000004,19.03689799999999
0,-25.05577100000004,18.99689799999999
0,-25.09577100000004,18.956897999999992
0,-25.09577100000004,18.87689799999999
0,-25.135771000000037,18.83689799999999
0,-25.175771000000037,18.79689799999999
0,-25.175771000000037,18.716897999999993
0,-25.215771000000036,18.676897999999994
0,-25.255771000000035,18.63689799999999
0,-25.295771000000034,18.596897999999992
0,-25.335771000000033,18.556897999999993
0,-25.335771000000033,18.47689799999999
0,-25.375771000000032,18.436897999999992
0,-25.41577100000003,18.396897999999993
0,-25.41577100000003,18.31689799999999
0,-25.45577100000003,18.276897999999992
0,-25.49577100000003,18.236897999999993
0,-25.49577100000003,18.15689799999999
0,-25.53577100000003,18.116897999999992
0,-25.575771000000028,18.076897999999993
0,-25.575771000000028,17.99689799999999
0,-25.575771000000028,17.916897999999993
0,-25.615771000000027,17.87689799999999
0,-25.655771000000026,17.83689799999999
0,-25.655771000000026,17.756897999999993
0,-25.695771000000025,17.716897999999993
0,-25.735771000000025,17.67689799999999
0,-25.735771000000025,17.596897999999992
0,-25.735771000000025,17.516897999999994
0,-25.735771000000025,17.436897999999992
0,-25.775771000000024,17.396897999999993
0,-25.815771000000023,17.356897999999994
0,-25.815771000000023,17.276897999999992
0,-25.815771000000023,17.196897999999994
0,-25.815771000000023,17.116897999999992
0,-25.855771000000022,17.076897999999993
0,-25.89577100000002,17.036897999999994
0,-25.89577100000002,16.956897999999992
0,-25.93577100000002,16.916897999999993
0,-25.97577100000002,16.876897999999994
0,-25.93577100000002,16.83689799999999
0,-25.89577100000002,16.79689799999999
0,-25.93577100000002,16.756897999999993
0,-25.97577100000002,16.716897999999993
0,-25.97577100000002,16.63689799999999
0,-26.01577100000002,16.596897999999992
0,-26.055771000000018,16.556897999999993
0,-26.055771000000018,16.47689799999999
0,-26.055771000000018,16.396897999999993
0,-26.055771000000018,16.31689799999999
0,-26.055771000000018,16.236897999999993
0,-26.095771000000017,16.19689799999999
0,-26.135771000000016,16.15689799999999
0,-26.135771000000016,16.076897999999993
0,-26.095771000000017,16.036897999999994
0,-26.055771000000018,15.996897999999993
0,-26.095771000000017,15.956897999999992
0,-26.135771000000016,15.916897999999993
0,-26.135771000000016,15.836897999999993
0,-26.135771000000016,15.756897999999993
0,-26.135771000000016,15.676897999999992
0,-26.135771000000016,15.596897999999992
0,-26.135771000000016,15.516897999999994
0,-26.175771000000015,15.476897999999995
0,-26.215771000000014,15.436897999999994
0,-26.215771000000014,15.356897999999994
0,-26.215771000000014,15.276897999999994
0,-26.215771000000014,15.196897999999994
0,-26.175771000000015,15.156897999999995
0,-26.135771000000016,15.116897999999994
0,-26.175771000000015,15.076897999999993
0,-26.215771000000014,15.036897999999994
0,-26.215771000000014,14.956897999999994
0,-26.215771000000014,14.876897999999994
0,-26.215771000000014,14.796897999999993
0,-26.175771000000015,14.756897999999993
0,-26.135771000000016,14.716897999999993
0,-26.175771000000015,14.676897999999994
0,-26.215771000000014,14.636897999999993
0,-26.215771000000014,14.556897999999993
0,-26.215771000000014,14.476897999999993
0,-26.215771000000014,14.396897999999993
0,-26.175771000000015,14.356897999999994
0,-26.135771000000016,14.316897999999995
0,-26.175771000000015,14.276897999999996
0,-26.215771000000014,14.236897999999995
0,-26.215771000000014,14.156897999999995
0,-26.215771000000014,14.076897999999995
0,-26.215771000000014,13.996897999999995
0,-26.215771000000014,13.916897999999994
0,-26.215771000000014,13.836897999999994
0,-26.215771000000014,13.756897999999994
0,-26.215771000000014,13.676897999999994
0,-26.215771000000014,13.596897999999994
0,-26.175771000000015,13.556897999999993
0,-26.135771000000016,13.516897999999994
0,-26.175771000000015,13.476897999999995
0,-26.215771000000014,13.436897999999994
0,-26.215771000000014,13.356897999999994
0,-26.215771000000014,13.276897999999994
0,-26.215771000000014,13.196897999999994
0,-26.175771000000015,13.156897999999995
0,-26.135771000000016,13.116897999999994
0,-26.175771000000015,13.076897999999993
0,-26.215771000000014,13.036897999999994
0,-26.215771000000014,12.956897999999995
0,-26.215771000000014,12.876897999999995
0,-26.215771000000014,12.796897999999995
0,-26.215771000000014,12.716897999999995
0,-26.215771000000014,12.636897999999995
0,-26.215771000000014,12.556897999999995
0,-26.215771000000014,12.476897999999995
0,-26.215771000000014,12.396897999999995
0,-26.215771000000014,12.316897999999995
0,-26.215771000000014,12.236897999999995
0,-26.215771000000014,12.156897999999995
0,-26.215771000000014,12.076897999999995
0,-26.215771000000014,11.996897999999995
0,-26.215771000000014,11.916897999999994
0,-26.215771000000014,11.836897999999994
0,-26.215771000000014,11.756897999999996
0,-26.215771000000014,11.676897999999996
0,-26.215771000000014,11.596897999999996
0,-26.215771000000014,11.516897999999996
0,-26.215771000000014,11.436897999999996
0,-26.215771000000014,11.356897999999996
0,-26.255771000000014,11.316897999999995
0,-26.295771000000013,11.276897999999996
0,-26.295771000000013,11.196897999999996
0,-26.295771000000013,11.116897999999996
0,-26.295771000000013,11.036897999999995
0,-26.295771000000013,10.956897999999995
0,-26.295771000000013,10.876897999999995
0,-26.295771000000013,10.796897999999995
0,-26.295771000000013,10.716897999999995
0,-26.295771000000013,10.636897999999995
0,-26.295771000000013,10.556897999999995
0,-26.295771000000013,10.476897999999995
0,-26.295771000000013,10.396897999999997
0,-26.295771000000013,10.316897999999997
0,-26.295771000000013,10.236897999999997
0,-26.295771000000013,10.156897999999996
0,-26.295771000000013,10.076897999999996
0,-26.295771000000013,9.996897999999996
0,-26.295771000000013,9.916897999999996
0,-26.295771000000013,9.836897999999996
0,-26.295771000000013,9.756897999999996
0,-26.295771000000013,9.676897999999996
0,-26.295771000000013,9.596897999999996
0,-26.295771000000013,9.516897999999996
0,-26.295771000000013,9.436897999999996
0,-26.295771000000013,9.356897999999996
0,-26.295771000000013,9.276897999999996
0,-26.295771000000013,9.196897999999997
0,-26.295771000000013,9.116897999999997
0,-26.295771000000013,9.036897999999997
0,-26.295771000000013,8.956897999999997
0,-26.295771000000013,8.876897999999997
0,-26.295771000000013,8.796897999999997
0,-26.295771000000013,8.716897999999997
0,-26.295771000000013,8.636897999999997
0,-26.295771000000013,8.556897999999997
0,-26.255771000000014,8.516897999999998
0,-26.215771000000014,8.476897999999997
0,-26.215771000000014,8.396897999999997
0,-26.215771000000014,8.316897999999997
0,-26.215771000000014,8.236897999999997
0,-26.215771000000014,8.156897999999996
0,-26.215771000000014,8.076897999999996
0,-26.215771000000014,7.996897999999996
0,-26.215771000000014,7.916897999999996
0,-26.215771000000014,7.836897999999996
0,-26.175771000000015,7.796897999999996
0,-26.135771000000016,7.756897999999996
0,-26.175771000000015,7.716897999999996
0,-26.215771000000014,7.676897999999996
0,-26.215771000000014,7.596897999999997
0,-26.215771000000014,7.516897999999997
0,-26.175771000000015,7.476897999999997
0,-26.135771000000016,7.436897999999997
0,-26.175771000000015,7.396897999999997
0,-26.215771000000014,7.356897999999997
0,-26.215771000000014,7.2768979999999965
0,-26.215771000000014,7.1968979999999965
0,-26.175771000000015,7.156897999999996
0,-26.135771000000016,7.116897999999996
0,-26.175771000000015,7.076897999999996
0,-26.215771000000014,7.036897999999996
0,-26.215771000000014,6.956897999999996
0,-26.175771000000015,6.916897999999996
0,-26.135771000000016,6.876897999999997
0,-26.175771000000015,6.836897999999997
0,-26.215771000000014,6.796897999999997
0,-26.215771000000014,6.716897999999997
0,-26.215771000000014,6.636897999999997
0,-26.175771000000015,6.596897999999997
0,-26.135771000000016,6.556897999999997
0,-26.175771000000015,6.516897999999997
0,-26.215771000000014,6.476897999999997
0,-26.215771000000014,6.396897999999997
0,-26.175771000000015,6.3568979999999975
0,-26.135771000000016,6.3168979999999975
0,-26.135771000000016,6.236897999999997
0,-26.135771000000016,6.156897999999997
0,-26.135771000000016,6.076897999999997
0,-26.135771000000016,5.996897999999997
0,-26.135771000000016,5.916897999999997
0,-26.135771000000016,5.836897999999997
0,-26.095771000000017,5.796897999999997
0,-26.01577100000002,5.796897999999997
0,-25.93577100000002,5.796897999999997
0,-25.855771000000022,5.796897999999997
0,-25.815771000000023,5.836897999999997
0,-25.775771000000024,5.876897999999997
0,-25.695771000000025,5.876897999999997
0,-25.615771000000027,5.876897999999997
0,-25.53577100000003,5.876897999999997
0,-25.49577100000003,5.916897999999997
0,-25.45577100000003,5.956897999999997
0,-25.375771000000032,5.956897999999997
0,-25.295771000000034,5.956897999999997
0,-25.215771000000036,5.956897999999997
0,-25.175771000000037,5.996897999999997
0,-25.135771000000037,6.036897999999997
0,-25.05577100000004,6.036897999999997
0,-24.97577100000004,6.036897999999997
0,-24.895771000000043,6.036897999999997
0,-24.855771000000043,6.076897999999997
0,-24.815771000000044,6.116897999999997
0,-24.735771000000046,6.116897999999997
0,-24.655771000000048,6.116897999999997
0,-24.57577100000005,6.116897999999997
0,-24.53577100000005,6.156897999999997
0,-24.49577100000005,6.196897999999997
0,-24.415771000000053,6.196897999999997
0,-24.335771000000054,6.196897999999997
0,-24.255771000000056,6.196897999999997
0,-24.215771000000057,6.236897999999997
0,-24.175771000000058,6.276897999999997
0,-24.09577100000006,6.276897999999997
0,-24.01577100000006,6.276897999999997
0,-23.935771000000063,6.276897999999997
0,-23.855771000000065,6.276897999999997
0,-23.815771000000066,6.3168979999999975
0,-23.775771000000066,6.3568979999999975
0,-23.695771000000068,6.3568979999999975
0,-23.61577100000007,6.3568979999999975
0,-23.53577100000007,6.3568979999999975
0,-23.495771000000072,6.396897999999997
0,-23.455771000000073,6.436897999999997
0,-23.415771000000074,6.476897999999997
0,-23.415771000000074,6.556897999999997
0,-23.415771000000074,6.636897999999997
0,-23.415771000000074,6.716897999999997
0,-23.415771000000074,6.796897999999997
0,-23.375771000000075,6.836897999999997
0,-23.335771000000076,6.876897999999997
0,-23.375771000000075,6.916897999999996
0,-23.415771000000074,6.956897999999996
0,-23.455771000000073,6.996897999999996
0,-23.53577100000007,6.996897999999996
0,-23.57577100000007,7.036897999999996
0,-23.53577100000007,7.076897999999996
0,-23.495771000000072,7.116897999999996
0,-23.455771000000073,7.156897999999996
0,-23.415771000000074,7.1968979999999965
0,-23.415771000000074,7.2768979999999965
0,-23.415771000000074,7.356897999999997
0,-23.415771000000074,7.436897999999997
0,-23.415771000000074,7.516897999999997
0,-23.415771000000074,7.596897999999997
0,-23.415771000000074,7.676897999999996
0,-23.415771000000074,7.756897999999996
0,-23.415771000000074,7.836897999999996
0,-23.415771000000074,7.916897999999996
0,-23.415771000000074,7.996897999999996
0,-23.415771000000074,8.076897999999996
0,-23.415771000000074,8.156897999999996
0,-23.415771000000074,8.236897999999997
0,-23.415771000000074,8.316897999999997
0,-23.415771000000074,8.396897999999997
0,-23.415771000000074,8.476897999999997
0,-23.415771000000074,8.556897999999997
0,-23.415771000000074,8.636897999999997
0,-23.415771000000074,8.716897999999997
0,-23.415771000000074,8.796897999999997
0,-23.415771000000074,8.876897999999997
0,-23.415771000000074,8.956897999999997
0,-23.415771000000074,9.036897999999997
0,-23.455771000000073,9.076897999999996
0,-23.495771000000072,9.116897999999997
0,-23.495771000000072,9.196897999999997
0,-23.495771000000072,9.276897999999996
0,-23.495771000000072,9.356897999999996
0,-23.495771000000072,9.436897999999996
0,-23.495771000000072,9.516897999999996
0,-23.495771000000072,9.596897999999996
0,-23.495771000000072,9.676897999999996
0,-23.495771000000072,9.756897999999996
0,-23.495771000000072,9.836897999999996
0,-23.495771000000072,9.916897999999996
0,-23.495771000000072,9.996897999999996
0,-23.495771000000072,10.076897999999996
0,-23.495771000000072,10.156897999999996
0,-23.495771000000072,10.236897999999997
0,-23.495771000000072,10.316897999999997
0,-23.495771000000072,10.396897999999997
0,-23.495771000000072,10.476897999999995
0,-23.495771000000072,10.556897999999995
0,-23.495771000000072,10.636897999999995
0,-23.495771000000072,10.716897999999995
0,-23.455771000000073,10.756897999999996
0,-23.415771000000074,10.796897999999995
0,-23.415771000000074,10.876897999999995
0,-23.415771000000074,10.956897999999995
0,-23.415771000000074,11.036897999999995
0,-23.415771000000074,11.116897999999996
0,-23.415771000000074,11.196897999999996
0,-23.415771000000074,11.276897999999996
0,-23.415771000000074,11.356897999999996
0,-23.415771000000074,11.436897999999996
0,-23.415771000000074,11.516897999999996
0,-23.415771000000074,11.596897999999996
0,-23.415771000000074,11.676897999999996
0,-23.415771000000074,11.756897999999996
0,-23.415771000000074,11.836897999999994
0,-23.415771000000074,11.916897999999994
0,-23.415771000000074,11.996897999999995
0,-23.415771000000074,12.076897999999995
0,-23.415771000000074,12.156897999999995
0,-23.415771000000074,12.236897999999995
0,-23.415771000000074,12.316897999999995
0,-23.415771000000074,12.396897999999995
0,-23.415771000000074,12.476897999999995
0,-23.415771000000074,12.556897999999995
0,-23.415771000000074,12.636897999999995
0,-23.415771000000074,12.716897999999995
0,-23.415771000000074,12.796897999999995
0,-23.415771000000074,12.876897999999995
0,-23.415771000000074,12.956897999999995
0,-23.415771000000074,13.036897999999994
0,-23.415771000000074,13.116897999999994
0,-23.415771000000074,13.196897999999994
0,-23.415771000000074,13.276897999999994
0,-23.415771000000074,13.356897999999994
0,-23.415771000000074,13.436897999999994
0,-23.415771000000074,13.516897999999994
0,-23.415771000000074,13.596897999999994
0,-23.415771000000074,13.676897999999994
0,-23.415771000000074,13.756897999999994
0,-23.415771000000074,13.836897999999994
0,-23.415771000000074,13.916897999999994
0,-23.415771000000074,13.996897999999995
0,-23.415771000000074,14.076897999999995
0,-23.415771000000074,14.156897999999995
0,-23.415771000000074,14.236897999999995
0,-23.415771000000074,14.316897999999995
0,-23.415771000000074,14.396897999999993
0,-23.415771000000074,14.476897999999993
0,-23.415771000000074,14.556897999999993
0,-23.415771000000074,14.636897999999993
0,-23.415771000000074,14.716897999999993
0,-23.415771000000074,14.796897999999993
0,-23.415771000000074,14.876897999999994
0,-23.415771000000074,14.956897999999994
0,-23.415771000000074,15.036897999999994
0,-23.415771000000074,15.116897999999994
0,-23.375771000000075,15.156897999999995
0,-23.335771000000076,15.196897999999994
0,-23.335771000000076,15.276897999999994
0,-23.375771000000075,15.316897999999995
0,-23.415771000000074,15.356897999999994
0,-23.375771000000075,15.396897999999993
0,-23.335771000000076,15.436897999999994
0,-23.335771000000076,15.516897999999994
0,-23.335771000000076,15.596897999999992
0,-23.335771000000076,15.676897999999992
0,-23.335771000000076,15.756897999999993
0,-23.295771000000077,15.796897999999992
0,-23.255771000000077,15.836897999999993
0,-23.255771000000077,15.916897999999993
0,-23.255771000000077,15.996897999999993
0,-23.255771000000077,16.076897999999993
0,-23.21577100000008,16.116897999999992
0,-23.17577100000008,16.15689799999999
0,-23.17577100000008,16.236897999999993
0,-23.17577100000008,16.31689799999999
0,-23.17577100000008,16.396897999999993
0,-23.13577100000008,16.436897999999992
0,-23.09577100000008,16.47689799999999
0,-23.09577100000008,16.556897999999993
0,-23.09577100000008,16.63689799999999
0,-23.05577100000008,16.676897999999994
0,-23.015771000000083,16.716897999999993
0,-23.015771000000083,16.79689799999999
0,-22.975771000000083,16.83689799999999
0,-22.935771000000084,16.876897999999994
0,-22.935771000000084,16.956897999999992
0,-22.935771000000084,17.036897999999994
0,-22.895771000000085,17.076897999999993
0,-22.855771000000086,17.116897999999992
0,-22.855771000000086,17.196897999999994
0,-22.815771000000087,17.236897999999993
0,-22.775771000000088,17.276897999999992
0,-22.73577100000009,17.316897999999995
0,-22.69577100000009,17.356897999999994
0,-22.69577100000009,17.436897999999992
0,-22.65577100000009,17.47689799999999
0,-22.61577100000009,17.516897999999994
0,-22.61577100000009,17.596897999999992
0,-22.575771000000092,17.63689799999999
0,-22.535771000000093,17.67689799999999
0,-22.495771000000094,17.716897999999993
0,-22.455771000000095,17.756897999999993
0,-22.455771000000095,17.83689799999999
0,-22.415771000000095,17.87689799999999
0,-22.375771000000096,17.916897999999993
0,-22.335771000000097,17.956897999999992
0,-22.295771000000098,17.99689799999999
0,-22.295771000000098,18.076897999999993
0,-22.2557710000001,18.116897999999992
0,-22.2157710000001,18.15689799999999
0,-22.1757710000001,18.19689799999999
0,-22.1357710000001,18.236897999999993
0,-22.095771000000102,18.276897999999992
0,-22.055771000000103,18.31689799999999
0,-22.055771000000103,18.396897999999993
0,-22.015771000000104,18.436897999999992
0,-21.975771000000105,18.47689799999999
0,-21.935771000000106,18.51689799999999
0,-21.895771000000106,18.556897999999993
0,-21.855771000000107,18.596897999999992
0,-21.815771000000108,18.63689799999999
0,-21.77577100000011,18.676897999999994
0,-21.73577100000011,18.716897999999993
0,-21.69577100000011,18.756897999999993
0,-21.65577100000011,18.79689799999999
0,-21.615771000000112,18.83689799999999
0,-21.575771000000113,18.87689799999999
0,-21.575771000000113,18.956897999999992
0,-21.535771000000114,18.99689799999999
0,-21.495771000000115,19.03689799999999
0,-21.455771000000116,19.076897999999993
0,-21.415771000000117,19.116897999999992
0,-21.375771000000118,19.15689799999999
0,-21.33577100000012,19.19689799999999
0,-21.29577100000012,19.23689799999999
0,-21.25577100000012,19.276897999999992
0,-21.21577100000012,19.31689799999999
0,-21.175771000000122,19.35689799999999
0,-21.135771000000123,19.396897999999993
0,-21.055771000000124,19.396897999999993
0,-21.015771000000125,19.436897999999992
0,-20.975771000000126,19.47689799999999
0,-20.935771000000127,19.51689799999999
0,-20.895771000000128,19.55689799999999
0,-20.85577100000013,19.596897999999992
0,-20.81577100000013,19.63689799999999
0,-20.73577100000013,19.63689799999999
0,-20.695771000000132,19.67689799999999
0,-20.655771000000133,19.716897999999993
0,-20.615771000000134,19.756897999999993
0,-20.575771000000135,19.79689799999999
0,-20.495771000000136,19.79689799999999
0,-20.455771000000137,19.83689799999999
0,-20.415771000000138,19.87689799999999
0,-20.33577100000014,19.87689799999999
0,-20.29577100000014,19.916897999999993
0,-20.25577100000014,19.956897999999992
0,-20.215771000000142,19.99689799999999
0,-20.175771000000143,20.03689799999999
0,-20.095771000000145,20.03689799999999
0,-20.055771000000146,20.07689799999999
0,-20.015771000000147,20.116897999999992
0,-19.93577100000015,20.116897999999992
0,-19.85577100000015,20.116897999999992
0,-19.81577100000015,20.15689799999999
0,-19.77577100000015,20.19689799999999
0,-19.695771000000153,20.19689799999999
0,-19.655771000000154,20.23689799999999
0,-19.615771000000155,20.27689799999999
0,-19.535771000000157,20.27689799999999
0,-19.495771000000158,20.31689799999999
0,-19.45577100000016,20.35689799999999
0,-19.37577100000016,20.35689799999999
0,-19.295771000000162,20.35689799999999
0,-19.255771000000163,20.39689799999999
0,-19.215771000000164,20.436897999999992
0,-19.135771000000165,20.436897999999992
0,-19.055771000000167,20.436897999999992
0,-18.97577100000017,20.436897999999992
0,-18.93577100000017,20.47689799999999
0,-18.89577100000017,20.51689799999999
0,-18.815771000000172,20.51689799999999
0,-18.735771000000174,20.51689799999999
0,-18.655771000000176,20.51689799999999
0,-18.615771000000176,20.55689799999999
0,-18.575771000000177,20.59689799999999
0,-18.49577100000018,20.59689799999999
0,-18.41577100000018,20.59689799999999
0,-18.335771000000182,20.59689799999999
0,-18.255771000000184,20.59689799999999
0,-18.175771000000186,20.59689799999999
0,-18.135771000000187,20.63689799999999
0,-18.095771000000187,20.67689799999999
0,-18.01577100000019,20.67689799999999
0,-17.93577100000019,20.67689799999999
0,-17.855771000000193,20.67689799999999
0,-17.775771000000194,20.67689799999999
0,-17.695771000000196,20.67689799999999
0,-17.615771000000198,20.67689799999999
0,-17.5757710000002,20.71689799999999
0,-17.5357710000002,20.756897999999993
0,-17.4957710000002,20.71689799999999
0,-17.4557710000002,20.67689799999999
0,-17.375771000000203,20.67689799999999
0,-17.335771000000204,20.71689799999999
0,-17.295771000000205,20.756897999999993
0,-17.255771000000205,20.71689799999999
0,-17.215771000000206,20.67689799999999
0,-17.135771000000208,20.67689799999999
0,-17.09577100000021,20.71689799999999
0,-17.05577100000021,20.756897999999993
0,-17.01577100000021,20.71689799999999
0,-16.97577100000021,20.67689799999999
0,-16.895771000000213,20.67689799999999
0,-16.855771000000214,20.71689799999999
0,-16.815771000000215,20.756897999999993
0,-16.775771000000216,20.71689799999999
0,-16.735771000000216,20.67689799999999
0,-16.655771000000218,20.67689799999999
0,-16.57577100000022,20.67689799999999
0,-16.49577100000022,20.67689799999999
0,-16.415771000000223,20.67689799999999
0,-16.375771000000224,20.71689799999999
0,-16.335771000000225,20.756897999999993
0,-16.255771000000227,20.756897999999993
0,-16.17577100000023,20.756897999999993
0,-16.09577100000023,20.756897999999993
0,-16.015771000000232,20.756897999999993
0,-15.975771000000233,20.79689799999999
0,-15.935771000000233,20.83689799999999
0,-15.855771000000235,20.83689799999999
0,-15.775771000000237,20.83689799999999
0,-15.695771000000239,20.83689799999999
0,-15.61577100000024,20.83689799999999
0,-15.535771000000242,20.83689799999999
0,-15.495771000000243,20.87689799999999
0,-15.455771000000244,20.91689799999999
0,-15.375771000000245,20.91689799999999
0,-15.295771000000247,20.91689799999999
0,-15.215771000000249,20.91689799999999
0,-15.13577100000025,20.91689799999999
0,-15.055771000000252,20.91689799999999
0,-14.975771000000254,20.91689799999999
0,-14.895771000000256,20.91689799999999
0,-14.815771000000257,20.91689799999999
0,-14.735771000000259,20.91689799999999
0,-14.65577100000026,20.91689799999999
0,-14.575771000000262,20.91689799999999
0,-14.495771000000264,20.91689799999999
0,-14.415771000000266,20.91689799999999
0,-14.335771000000268,20.91689799999999
0,-14.25577100000027,20.91689799999999
0,-14.175771000000271,20.91689799999999
0,-14.095771000000273,20.91689799999999
0,-14.015771000000274,20.91689799999999
0,-13.935771000000276,20.91689799999999
0,-13.855771000000278,20.91689799999999
0,-13.77577100000028,20.91689799999999
0,-13.695771000000281,20.91689799999999
0,-13.615771000000283,20.91689799999999
0,-13.535771000000285,20.91689799999999
0,-13.455771000000286,20.91689799999999
0,-13.375771000000288,20.91689799999999
0,-13.29577100000029,20.91689799999999
0,-13.215771000000291,20.91689799999999
0,-13.175771000000292,20.87689799999999
0,-13.135771000000293,20.83689799999999
0,-13.055771000000295,20.83689799999999
0,-12.975771000000297,20.83689799999999
0,-12.895771000000298,20.83689799999999
0,-12.8157710000003,20.83689799999999
0,-12.735771000000302,20.83689799999999
0,-12.655771000000303,20.83689799999999
0,-12.615771000000304,20.79689799999999
0,-12.575771000000305,20.756897999999993
0,-12.495771000000307,20.756897999999993
0,-12.415771000000309,20.756897999999993
0,-12.37577100000031,20.71689799999999
0,-12.33577100000031,20.67689799999999
0,-12.295771000000311,20.71689799999999
0,-12.255771000000312,20.756897999999993
0,-12.175771000000314,20.756897999999993
0,-12.095771000000315,20.756897999999993
0,-12.015771000000317,20.756897999999993
0,-11.935771000000319,20.756897999999993
0,-11.85577100000032,20.756897999999993
0,-11.775771000000322,20.756897999999993
0,-11.695771000000324,20.756897999999993
0,-11.615771000000326,20.756897999999993
0,-11.535771000000327,20.756897999999993
0,-11.495771000000328,20.71689799999999
0,-11.455771000000329,20.67689799999999
0,-11.41577100000033,20.71689799999999
0,-11.37577100000033,20.756897999999993
0,-11.295771000000332,20.756897999999993
0,-11.215771000000334,20.756897999999993
0,-11.135771000000336,20.756897999999993
0,-11.055771000000338,20.756897999999993
0,-10.97577100000034,20.756897999999993
0,-10.895771000000341,20.756897999999993
0,-10.815771000000343,20.756897999999993
0,-10.735771000000344,20.756897999999993
0,-10.655771000000346,20.756897999999993
0,-10.575771000000348,20.756897999999993
0,-10.49577100000035,20.756897999999993
0,-10.415771000000351,20.756897999999993
0,-10.335771000000353,20.756897999999993
0,-10.255771000000355,20.756897999999993
0,-10.175771000000356,20.756897999999993
0,-10.095771000000358,20.756897999999993
0,-10.01577100000036,20.756897999999993
0,-9.935771000000361,20.756897999999993
0,-9.855771000000363,20.756897999999993
0,-9.775771000000365,20.756897999999993
0,-9.735771000000366,20.71689799999999
0,-9.695771000000367,20.67689799999999
0,-9.655771000000367,20.71689799999999
0,-9.615771000000368,20.756897999999993
0,-9.575771000000369,20.71689799999999
0,-9.53577100000037,20.67689799999999
0,-9.455771000000372,20.67689799999999
0,-9.375771000000373,20.67689799999999
0,-9.295771000000375,20.67689799999999
0,-9.255771000000376,20.63689799999999
0,-9.215771000000377,20.59689799999999
0,-9.175771000000378,20.63689799999999
0,-9.135771000000378,20.67689799999999
0,-9.09577100000038,20.63689799999999
0,-9.05577100000038,20.59689799999999
0,-8.975771000000382,20.59689799999999
0,-8.895771000000384,20.59689799999999
0,-8.855771000000384,20.55689799999999
0,-8.815771000000385,20.51689799999999
0,-8.735771000000387,20.51689799999999
0,-8.655771000000389,20.51689799999999
0,-8.61577100000039,20.47689799999999
0,-8.57577100000039,20.436897999999992
0,-8.535771000000391,20.39689799999999
0,-8.495771000000392,20.35689799999999
0,-8.415771000000394,20.35689799999999
0,-8.335771000000396,20.35689799999999
0,-8.295771000000396,20.31689799999999
0,-8.255771000000397,20.27689799999999
0,-8.215771000000398,20.23689799999999
0,-8.175771000000399,20.19689799999999
0,-8.0957710000004,20.19689799999999
0,-8.055771000000401,20.15689799999999
0,-8.015771000000402,20.116897999999992
0,-7.975771000000403,20.07689799999999
0,-7.935771000000404,20.03689799999999
0,-7.895771000000405,19.99689799999999
0,-7.855771000000406,19.956897999999992
0,-7.815771000000407,19.916897999999993
0,-7.775771000000407,19.87689799999999
0,-7.735771000000408,19.83689799999999
0,-7.695771000000409,19.79689799999999
0,-7.65577100000041,19.756897999999993
0,-7.615771000000411,19.716897999999993
0,-7.535771000000413,19.716897999999993
0,-7.495771000000413,19.67689799999999
0,-7.455771000000414,19.63689799999999
0,-7.415771000000415,19.596897999999992
0,-7.375771000000416,19.55689799999999
0,-7.335771000000417,19.51689799999999
0,-7.295771000000418,19.47689799999999
0,-7.2557710000004185,19.436897999999992
0,-7.215771000000419,19.396897999999993
0,-7.17577100000042,19.35689799999999
0,-7.135771000000421,19.31689799999999
0,-7.095771000000422,19.276897999999992
0,-7.055771000000423,19.23689799999999
0,-7.015771000000424,19.19689799999999
0,-6.9757710000004245,19.15689799999999
0,-6.935771000000425,19.116897999999992
0,-6.935771000000425,19.03689799999999
0,-6.895771000000426,18.99689799999999
0,-6.855771000000427,18.956897999999992
0,-6.815771000000428,18.91689799999999
0,-6.775771000000429,18.87689799999999
0,-6.73577100000043,18.83689799999999
0,-6.6957710000004305,18.79689799999999
0,-6.655771000000431,18.756897999999993
0,-6.615771000000432,18.716897999999993
0,-6.575771000000433,18.676897999999994
0,-6.535771000000434,18.63689799999999
0,-6.495771000000435,18.596897999999992
0,-6.455771000000436,18.556897999999993
0,-6.455771000000436,18.47689799999999
0,-6.415771000000436,18.436897999999992
0,-6.375771000000437,18.396897999999993
0,-6.335771000000438,18.356897999999994
0,-6.295771000000439,18.31689799999999
0,-6.295771000000439,18.236897999999993
0,-6.25577100000044,18.19689799999999
0,-6.215771000000441,18.15689799999999
0,-6.215771000000441,18.076897999999993
0,-6.215771000000441,17.99689799999999
0,-6.1757710000004415,17.956897999999992
0,-6.135771000000442,17.916897999999993
0,-6.135771000000442,17.83689799999999
0,-6.095771000000443,17.79689799999999
0,-6.055771000000444,17.756897999999993
0,-6.055771000000444,17.67689799999999
0,-6.055771000000444,17.596897999999992
0,-6.055771000000444,17.516897999999994
0,-6.015771000000445,17.47689799999999
0,-5.975771000000446,17.436897999999992
0,-5.975771000000446,17.356897999999994
0,-5.975771000000446,17.276897999999992
0,-5.975771000000446,17.196897999999994
0,-5.935771000000447,17.15689799999999
0,-5.8957710000004475,17.116897999999992
0,-5.8957710000004475,17.036897999999994
0,-5.8957710000004475,16.956897999999992
0,-5.8957710000004475,16.876897999999994
0,-5.8957710000004475,16.79689799999999
0,-5.8957710000004475,16.716897999999993
0,-5.855771000000448,16.676897999999994
0,-5.815771000000449,16.63689799999999
0,-5.855771000000448,16.596897999999992
0,-5.8957710000004475,16.556897999999993
0,-5.8957710000004475,16.47689799999999
0,-5.8957710000004475,16.396897999999993
0,-5.8957710000004475,16.31689799999999
0,-5.8957710000004475,16.236897999999993
0,-5.8957710000004475,16.15689799999999
0,-5.8957710000004475,16.076897999999993
0,-5.8957710000004475,15.996897999999993
0,-5.8957710000004475,15.916897999999993
0,-5.8957710000004475,15.836897999999993
0,-5.8957710000004475,15.756897999999993
0,-5.8957710000004475,15.676897999999992
0,-5.8957710000004475,15.596897999999992
0,-5.8957710000004475,15.516897999999994
0,-5.8957710000004475,15.436897999999994
0,-5.8957710000004475,15.356897999999994
0,-5.8957710000004475,15.276897999999994
0,-5.8957710000004475,15.196897999999994
0,-5.8957710000004475,15.116897999999994
0,-5.8957710000004475,15.036897999999994
0,-5.8957710000004475,14.956897999999994
0,-5.8957710000004475,14.876897999999994
0,-5.8957710000004475,14.796897999999993
0,-5.8957710000004475,14.716897999999993
0,-5.8957710000004475,14.636897999999993
0,-5.8957710000004475,14.556897999999993
0,-5.8957710000004475,14.476897999999993
0,-5.8957710000004475,14.396897999999993
0,-5.8957710000004475,14.316897999999995
0,-5.8957710000004475,14.236897999999995
0,-5.8957710000004475,14.156897999999995
0,-5.8957710000004475,14.076897999999995
0,-5.8957710000004475,13.996897999999995
0,-5.8957710000004475,13.916897999999994
0,-5.8957710000004475,13.836897999999994
0,-5.8957710000004475,13.756897999999994
0,-5.855771000000448,13.716897999999993
0,-5.815771000000449,13.676897999999994
0,-5.815771000000449,13.596897999999994
0,-5.815771000000449,13.516897999999994
0,-5.77577100000045,13.476897999999995
0,-5.735771000000451,13.436897999999994
0,-5.735771000000451,13.356897999999994
0,-5.735771000000451,13.276897999999994
0,-5.735771000000451,13.196897999999994
0,-5.695771000000452,13.156897999999995
0,-5.655771000000453,13.116897999999994
0,-5.655771000000453,13.036897999999994
0,-5.655771000000453,12.956897999999995
0,-5.6157710000004535,12.916897999999996
0,-5.575771000000454,12.876897999999995
0,-5.575771000000454,12.796897999999995
0,-5.575771000000454,12.716897999999995
0,-5.535771000000455,12.676897999999994
0,-5.495771000000456,12.636897999999995
0,-5.495771000000456,12.556897999999995
0,-5.495771000000456,12.476897999999995
0,-5.495771000000456,12.396897999999995
0,-5.455771000000457,12.356897999999994
0,-5.415771000000458,12.316897999999995
0,-5.415771000000458,12.236897999999995
0,-5.415771000000458,12.156897999999995
0,-5.375771000000459,12.116897999999996
0,-5.29577100000046,12.116897999999996
0,-5.255771000000461,12.076897999999995
0,-5.255771000000461,11.996897999999995
0,-5.215771000000462,11.956897999999995
0,-5.175771000000463,11.916897999999994
0,-5.135771000000464,11.876897999999994
0,-5.095771000000465,11.836897999999994
0,-5.055771000000465,11.796897999999995
0,-5.015771000000466,11.756897999999996
0,-4.975771000000467,11.716897999999997
0,-4.935771000000468,11.676897999999996
0,-4.895771000000469,11.636897999999995
0,-4.85577100000047,11.596897999999996
0,-4.8157710000004705,11.556897999999997
0,-4.735771000000472,11.556897999999997
0,-4.695771000000473,11.516897999999996
0,-4.655771000000474,11.476897999999995
0,-4.615771000000475,11.436897999999996
0,-4.575771000000476,11.396897999999997
0,-4.495771000000477,11.396897999999997
0,-4.455771000000478,11.356897999999996
0,-4.415771000000479,11.316897999999995
0,-4.37577100000048,11.276897999999996
0,-4.335771000000481,11.236897999999997
0,-4.2557710000004825,11.236897999999997
0,-4.215771000000483,11.196897999999996
0,-4.175771000000484,11.156897999999995
0,-4.095771000000486,11.156897999999995
0,-4.055771000000487,11.116897999999996
0,-4.015771000000488,11.076897999999996
0,-3.9357710000004893,11.076897999999996
0,-3.89577100000049,11.036897999999995
0,-3.855771000000491,10.996897999999995
0,-3.7757710000004927,10.996897999999995
0,-3.6957710000004944,10.996897999999995
0,-3.615771000000496,10.996897999999995
0,-3.575771000000497,10.956897999999995
0,-3.535771000000498,10.916897999999996
0,-3.4557710000004995,10.916897999999996
0,-3.4157710000005004,10.876897999999995
0,-3.3757710000005012,10.836897999999994
0,-3.335771000000502,10.796897999999995
0,-3.335771000000502,10.716897999999995
0,-3.295771000000503,10.676897999999994
0,-3.255771000000504,10.636897999999995
0,-3.2157710000005046,10.596897999999996
0,-3.1757710000005055,10.556897999999995
0,-3.1757710000005055,10.476897999999995
0,-3.1357710000005063,10.436897999999996
0,-3.095771000000507,10.396897999999997
0,-3.055771000000508,10.356897999999997
0,-3.015771000000509,10.316897999999997
0,-3.015771000000509,10.236897999999997
0,-2.9757710000005098,10.196897999999997
0,-2.9357710000005106,10.156897999999996
0,-2.9357710000005106,10.076897999999996
0,-2.8957710000005115,10.036897999999997
0,-2.8557710000005123,9.996897999999996
0,-2.8957710000005115,9.956897999999995
0,-2.9357710000005106,9.916897999999996
0,-2.9357710000005106,9.836897999999996
0,-2.9357710000005106,9.756897999999996
0,-2.9357710000005106,9.676897999999996
0,-2.9357710000005106,9.596897999999996
0,-2.9357710000005106,9.516897999999996
0,-2.9357710000005106,9.436897999999996
0,-2.9357710000005106,9.356897999999996
0,-2.9357710000005106,9.276897999999996
0,-2.9357710000005106,9.196897999999997
0,-2.9357710000005106,9.116897999999997
0,-2.9357710000005106,9.036897999999997
0,-2.9357710000005106,8.956897999999997
0,-2.9357710000005106,8.876897999999997
0,-2.8957710000005115,8.836897999999998
0,-2.8557710000005123,8.796897999999997
0,-2.8957710000005115,8.756897999999996
0,-2.9357710000005106,8.716897999999997
0,-2.9357710000005106,8.636897999999997
0,-2.9357710000005106,8.556897999999997
0,-2.9357710000005106,8.476897999999997
0,-2.8957710000005115,8.436897999999996
0,-2.8557710000005123,8.396897999999997
0,-2.8557710000005123,8.316897999999997
0,-2.8557710000005123,8.236897999999997
0,-2.8557710000005123,8.156897999999996
0,-2.8557710000005123,8.076897999999996
0,-2.8557710000005123,7.996897999999996
0,-2.8557710000005123,7.916897999999996
0,-2.8557710000005123,7.836897999999996
0,-2.8557710000005123,7.756897999999996
0,-2.8557710000005123,7.676897999999996
0,-2.8557710000005123,7.596897999999997
0,-2.8557710000005123,7.516897999999997
0,-2.8557710000005123,7.436897999999997
0,-2.8957710000005115,7.396897999999997
0,-2.9357710000005106,7.356897999999997
0,-2.9357710000005106,7.2768979999999965
0,-2.9357710000005106,7.1968979999999965
0,-2.9357710000005106,7.116897999999996
0,-2.9357710000005106,7.036897999999996
0,-2.9357710000005106,6.956897999999996
0,-2.9357710000005106,6.876897999999997
0,-2.9357710000005106,6.796897999999997
0,-2.9357710000005106,6.716897999999997
0,-2.9357710000005106,6.636897999999997
0,-2.9357710000005106,6.556897999999997
0,-2.9357710000005106,6.476897999999997
0,-2.8957710000005115,6.436897999999997
0,-2.8557710000005123,6.396897999999997
0,-2.8957710000005115,6.3568979999999975
0,-2.9357710000005106,6.3168979999999975
0,-2.9357710000005106,6.236897999999997
0,-2.9357710000005106,6.156897999999997
0,-2.9357710000005106,6.076897999999997
0,-2.9357710000005106,5.996897999999997
0,-2.8957710000005115,5.956897999999997
0,-2.8557710000005123,5.916897999999997
0,-2.8957710000005115,5.876897999999997
0,-2.9357710000005106,5.836897999999997
0,-2.9357710000005106,5.756897999999997
0,-2.8957710000005115,5.716897999999997
0,-2.8557710000005123,5.676897999999997
0,-2.8957710000005115,5.636897999999997
0,-2.9357710000005106,5.596897999999998
0,-2.8957710000005115,5.556897999999998
0,-2.8557710000005123,5.516897999999998
0,-2.8957710000005115,5.476897999999998
0,-2.9357710000005106,5.436897999999998
0,-2.8957710000005115,5.3968979999999975
0,-2.8557710000005123,5.3568979999999975
0,-2.8557710000005123,5.276897999999997
0,-2.8557710000005123,5.196897999999997
0,-2.8557710000005123,5.116897999999997
0,-2.8557710000005123,5.036897999999998
0,-2.8557710000005123,4.956897999999998
0,-2.8557710000005123,4.876897999999998
0,-2.8557710000005123,4.796897999999998
0,-2.8557710000005123,4.716897999999998
0,-2.8557710000005123,4.636897999999998
0,-2.8557710000005123,4.556897999999998
0,-2.8557710000005123,4.4768979999999985
0,-2.8957710000005115,4.4368979999999985
0,-2.9357710000005106,4.396897999999998
0,-2.9357710000005106,4.316897999999998
0,-2.9357710000005106,4.236897999999998
0,-2.9357710000005106,4.156897999999998
0,-2.9357710000005106,4.076897999999998
0,-2.9757710000005098,4.036897999999998
0,-3.015771000000509,3.996897999999998
0,-3.015771000000509,3.916897999999998
0,-3.015771000000509,3.836897999999999
0,-2.9757710000005098,3.7968979999999988
0,-2.8957710000005115,3.7968979999999988
0,-2.8557710000005123,3.836897999999999
0,-2.815771000000513,3.8768979999999984
0,-2.775771000000514,3.916897999999998
0,-2.735771000000515,3.956897999999998
0,-2.6957710000005157,3.996897999999998
0,-2.6557710000005166,4.036897999999998
0,-2.6157710000005174,3.996897999999998
0,-2.6157710000005174,3.916897999999998
0,-2.6157710000005174,3.836897999999999
0,-2.5757710000005183,3.7968979999999988
0,-2.535771000000519,3.7568979999999987
0,-2.535771000000519,3.6768979999999987
0,-2.49577100000052,3.6368979999999986
0,-2.455771000000521,3.5968979999999986
0,-2.455771000000521,3.5168979999999985
0,-2.4157710000005217,3.4768979999999985
0,-2.3757710000005225,3.4368979999999985
0,-2.3757710000005225,3.3568979999999984
0,-2.3757710000005225,3.2768979999999983
0,-2.3357710000005234,3.2368979999999987
0,-2.2957710000005243,3.196897999999999
0,-2.2957710000005243,3.116897999999999
0,-2.255771000000525,3.076897999999999
0,-2.215771000000526,3.036897999999999
0,-2.215771000000526,2.956897999999999
0,-2.175771000000527,2.916897999999999
0,-2.1357710000005277,2.876897999999999
0,-2.1357710000005277,2.7968979999999988
0,-2.1357710000005277,2.7168979999999987
0,-2.0957710000005285,2.6768979999999987
0,-2.0557710000005294,2.636897999999999
0,-2.0557710000005294,2.5568979999999994
0,-2.01577100000053,2.5168979999999994
0,-1.975771000000531,2.4768979999999994
0,-1.975771000000531,2.3968979999999993
0,-1.935771000000532,2.3568979999999993
0,-1.8957710000005328,2.3168979999999992
0,-1.8957710000005328,2.236897999999999
0,-1.8557710000005336,2.196897999999999
0,-1.8157710000005345,2.156897999999999
0,-1.8157710000005345,2.076897999999999
0,-1.8157710000005345,1.9968979999999994
0,-1.7757710000005353,1.9568979999999994
0,-1.7357710000005362,1.9168979999999995
0,-1.7357710000005362,1.8368979999999995
0,-1.695771000000537,1.7968979999999997
0,-1.655771000000538,1.7568979999999996
0,-1.6157710000005387,1.7168979999999996
