time_sec,elapsed_sec,confidence,visible,avg_speed_mps,ips_x_m,ips_y_m,speed_mps,throttle_command,steering_command
1786996097.009738922,0.000000,0.000000,0,0.000000,-20.872600,4.577400,0.000000,0.000000,0.000000
1786996097.060406208,0.050667,0.000000,0,0.000000,-20.872600,4.577400,0.000000,0.000000,0.000000
1786996097.109156132,0.099417,0.000000,0,0.000000,-20.872600,4.577400,0.000000,0.000000,0.000000
1786996097.161436558,0.151698,0.000000,0,0.000000,-20.872600,4.577400,0.000000,0.000000,0.000000
1786996097.209129810,0.199391,0.000000,0,0.000000,-20.872600,4.577400,0.000000,0.000000,0.000000
1786996097.259436607,0.249698,0.000000,0,0.000000,-20.872600,4.577400,0.000000,0.000000,0.000000
1786996097.309452295,0.299713,0.000000,0,0.000000,-20.872600,4.577400,0.000000,0.130000,0.000000
1786996097.359599829,0.349861,0.000000,0,0.000000,-20.872600,4.577400,0.000000,0.130000,0.000000
1786996097.409164190,0.399425,0.000000,0,0.000000,-20.872600,4.577400,0.000000,0.130000,0.000000
1786996097.459308386,0.449569,0.000000,0,0.043886,-20.857500,4.590100,0.270957,0.130000,0.000000
1786996097.509141922,0.499403,0.000000,0,0.039507,-20.857500,4.590100,0.270957,0.130000,-0.001245
1786996097.562496424,0.552758,0.000000,0,0.152541,-20.808000,4.631600,0.768628,0.130000,-0.001245
1786996097.609618425,0.599880,0.000000,0,0.140554,-20.808000,4.631600,0.768628,0.130000,-0.000502
1786996097.659164429,0.649426,0.000000,0,0.321212,-20.712800,4.711500,1.381801,0.130000,-0.000502
1786996097.709558725,0.699820,0.000000,0,0.577358,-20.563100,4.837200,2.238141,0.130000,-0.000788
1786996097.761467695,0.751729,0.000000,0,0.537523,-20.563100,4.837200,2.238141,0.130000,-0.000788
1786996097.810316801,0.800578,0.000000,0,0.803163,-20.380000,4.990700,2.892677,0.130000,-0.000637
1786996097.859143972,0.849405,0.000000,0,0.756999,-20.380000,4.990700,2.892677,0.130000,-0.000637
1786996097.909138918,0.899400,0.000000,0,1.013243,-20.174400,5.163100,3.161101,0.130000,-0.016879
1786996097.959227085,0.949488,0.000000,0,1.246738,-19.965500,5.338000,3.099670,0.130000,-0.016879
1786996098.009139061,0.999400,0.000000,0,1.184465,-19.965500,5.338000,3.099670,0.130000,-0.017073
1786996098.059154510,1.049416,0.000000,0,1.397165,-19.748900,5.519300,3.204307,0.130000,-0.017073
1786996098.109173298,1.099434,0.000000,0,1.333601,-19.748900,5.519300,3.204307,0.130000,-0.009629
1786996098.161974192,1.152235,0.000000,0,1.529089,-19.521700,5.708500,3.547155,0.130000,-0.009629
1786996098.209136963,1.199398,0.000000,0,1.468967,-19.521700,5.708500,3.547155,0.130000,0.002959
1786996098.259130239,1.249391,0.000000,0,1.623361,-19.316000,5.877700,3.252711,0.130000,0.002959
1786996098.309440374,1.299701,0.000000,0,1.560476,-19.316000,5.877700,3.252711,0.130000,0.016944
1786996098.359588385,1.349849,0.000000,0,1.502528,-19.316000,5.877700,3.252711,0.130000,0.016944
1786996098.410463810,1.400725,0.000000,0,1.635760,-19.112000,6.043800,1.453808,0.130000,0.016944
1786996098.462466002,1.452727,0.000000,0,1.769570,-18.894900,6.219700,5.971137,0.130000,0.016944
1786996098.509154558,1.499416,0.000000,0,1.714462,-18.894900,6.219700,5.971137,0.130000,0.044066
1786996098.559101820,1.549363,0.853704,1,1.868795,-18.642800,6.424400,3.490808,0.130000,0.044066
1786996098.609522104,1.599783,0.853704,1,1.809842,-18.642800,6.424400,3.490808,0.130000,0.061499
1786996098.659733057,1.649994,0.853704,1,1.754763,-18.642800,6.424400,3.490808,0.130000,0.061499
1786996098.715394020,1.705655,0.853704,1,1.887960,-18.391400,6.630100,2.171146,0.130000,0.073089
1786996098.759154081,1.749415,0.877654,1,1.840768,-18.391400,6.630100,2.171146,0.130000,0.073089
1786996098.809668541,1.799930,0.903940,1,1.949637,-18.169500,6.815300,2.972445,0.130000,0.081542
1786996098.859172106,1.849433,0.903940,1,1.897493,-18.169500,6.815300,2.972445,0.130000,0.081542
1786996098.911436319,1.901697,0.929717,1,2.016114,-17.924800,7.028800,3.272837,0.130000,0.088605
1786996098.959135294,1.949396,0.929717,1,1.966786,-17.924800,7.028800,3.272837,0.130000,0.088605
1786996099.009112120,1.999373,0.955682,1,2.070261,-17.701000,7.236300,3.674038,0.130000,0.086163
1786996099.059250593,2.049512,0.955682,1,2.149521,-17.511300,7.423100,2.871430,0.130000,0.086163
1786996099.109151602,2.099413,0.980962,1,2.098428,-17.511300,7.423100,2.871430,0.130000,0.081645
1786996099.160444498,2.150706,0.981543,1,2.188753,-17.303400,7.642000,3.770334,0.130000,0.081645
1786996099.209109783,2.199371,0.981543,1,2.140322,-17.303400,7.642000,3.770334,0.130000,0.075187
1786996099.259772062,2.250033,0.981728,1,2.209022,-17.128800,7.838700,3.033621,0.130000,0.075187
1786996099.309088945,2.299350,0.981728,1,2.283057,-16.950000,8.053100,3.343157,0.130000,0.066312
1786996099.359105110,2.349366,0.981975,1,2.234451,-16.950000,8.053100,3.343157,0.130000,0.066312
1786996099.409110069,2.399371,0.981861,1,2.300201,-16.783600,8.265100,2.975773,0.130000,0.057873
1786996099.459133625,2.449395,0.981861,1,2.253229,-16.783600,8.265100,2.975773,0.130000,0.057873
1786996099.509461164,2.499722,0.982089,1,2.324792,-16.609400,8.499800,3.422148,0.130000,0.039961
1786996099.559125423,2.549387,0.982089,1,2.279502,-16.609400,8.499800,3.422148,0.130000,0.039961
1786996099.609100819,2.599362,0.982033,1,2.344343,-16.446700,8.730700,3.164322,0.130000,0.031322
1786996099.659282446,2.649544,0.982422,1,2.409001,-16.285000,8.970300,3.811479,0.130000,0.031322
1786996099.709097385,2.699358,0.982422,1,2.364583,-16.285000,8.970300,3.811479,0.130000,0.024220
1786996099.759484529,2.749746,0.982202,1,2.409827,-16.151600,9.174100,2.649270,0.130000,0.024220
1786996099.809143305,2.799404,0.982202,1,2.367087,-16.151600,9.174100,2.649270,0.130000,0.019350
1786996099.860420465,2.850682,0.982190,1,2.429318,-15.991400,9.426300,3.436317,0.130000,0.019350
1786996099.909153461,2.899415,0.982190,1,2.483714,-15.845900,9.661000,3.487237,0.130000,0.014722
1786996099.959134340,2.949395,0.982425,1,2.441632,-15.845900,9.661000,3.487237,0.130000,0.014722
1786996100.009332895,2.999594,0.982352,1,2.492797,-15.702400,9.896800,3.216475,0.130000,0.011161
1786996100.059394121,3.049655,0.982352,1,2.451841,-15.702400,9.896800,3.216475,0.130000,0.011161
1786996100.110173702,3.100435,0.982352,1,2.411718,-15.702400,9.896800,3.216475,0.130000,0.008931
1786996100.159113169,3.149374,0.983139,1,2.544427,-15.428000,10.357200,7.899884,0.130000,0.008931
1786996100.211419821,3.201681,0.983139,1,2.502858,-15.428000,10.357200,7.899884,0.130000,0.007360
1786996100.259050369,3.249311,0.983139,1,2.565150,-15.265100,10.634500,2.810786,0.130000,0.007360
1786996100.309082270,3.299343,0.982069,1,2.526248,-15.265100,10.634500,2.810786,0.130000,0.008180
1786996100.359191895,3.349453,0.982073,1,2.572822,-15.122900,10.878700,3.268940,0.130000,0.008180
1786996100.409170866,3.399432,0.982073,1,2.534993,-15.122900,10.878700,3.268940,0.130000,0.012030
1786996100.460317612,3.450579,0.981953,1,2.584940,-14.971800,11.140200,3.368538,0.130000,0.012030
1786996100.509140253,3.499401,0.981953,1,2.548881,-14.971800,11.140200,3.368538,0.130000,0.014759
1786996100.559097290,3.549358,0.982127,1,2.588948,-14.837500,11.373900,3.328894,0.130000,0.014759
1786996100.609221697,3.599483,0.982257,1,2.625084,-14.708800,11.599700,3.254051,0.130000,0.022540
1786996100.659195662,3.649457,0.982257,1,2.589153,-14.708800,11.599700,3.254051,0.130000,0.022540
1786996100.709968567,3.700230,0.982351,1,2.624722,-14.579500,11.828800,3.235230,0.130000,0.044839
1786996100.759110689,3.749372,0.982351,1,2.590320,-14.579500,11.828800,3.235230,0.130000,0.044839
1786996100.809356928,3.799618,0.982349,1,2.624408,-14.453200,12.055800,3.088373,0.130000,0.067474
1786996100.859196424,3.849458,0.982276,1,2.661314,-14.322400,12.295300,3.131203,0.130000,0.067474
1786996100.909607172,3.899868,0.982276,1,2.626913,-14.322400,12.295300,3.131203,0.084500,0.437215
1786996100.959155321,3.949416,0.982594,1,2.665498,-14.189800,12.544700,3.787284,0.084500,0.437215
1786996101.009134054,3.999395,0.982594,1,2.632196,-14.189800,12.544700,3.787284,0.084500,0.426966
1786996101.059123993,4.049385,0.982452,1,2.660637,-14.077800,12.764600,2.808135,0.084500,0.426966
1786996101.109813690,4.100075,0.982373,1,2.688079,-13.973900,12.989300,2.912094,0.084500,0.417155
1786996101.159168005,4.149429,0.982373,1,2.656152,-13.973900,12.989300,2.912094,0.084500,0.417155
1786996101.210407972,4.200669,0.982303,1,2.667724,-13.917900,13.165300,2.069137,0.084500,0.419889
1786996101.259135246,4.249396,0.982303,1,2.637133,-13.917900,13.165300,2.069137,0.084500,0.419889
1786996101.309117079,4.299378,0.982346,1,2.650918,-13.881600,13.352900,2.257773,0.084500,0.427175
1786996101.359230042,4.349491,0.982346,1,2.659903,-13.866800,13.524200,2.044831,0.084500,0.427175
1786996101.409160852,4.399422,0.982397,1,2.629713,-13.866800,13.524200,2.044831,0.084500,0.432778
1786996101.459126711,4.449388,0.982494,1,2.638825,-13.869100,13.696100,2.128958,0.084500,0.432778
1786996101.509136677,4.499398,0.982494,1,2.609496,-13.869100,13.696100,2.128958,0.084500,0.437015
1786996101.559111834,4.549373,0.982470,1,2.618130,-13.888300,13.864700,2.023691,0.084500,0.437015
1786996101.609641075,4.599902,0.982621,1,2.627131,-13.925300,14.034500,2.216918,0.084500,0.440631
1786996101.659308195,4.649569,0.982621,1,2.599079,-13.925300,14.034500,2.216918,0.084500,0.440631
1786996101.709448576,4.699710,0.982392,1,2.607012,-13.977600,14.193700,1.852774,0.084500,0.445719
1786996101.759153843,4.749415,0.982392,1,2.579728,-13.977600,14.193700,1.852774,0.084500,0.445719
1786996101.809136868,4.799398,0.982726,1,2.590350,-14.051400,14.357800,2.454839,0.084500,0.447033
1786996101.859735250,4.849996,0.982405,1,2.596111,-14.131300,14.495400,1.741731,0.084500,0.447033
1786996101.909111261,4.899372,0.982405,1,2.569970,-14.131300,14.495400,1.741731,0.084500,0.447520
1786996101.960462332,4.950723,0.982696,1,2.580055,-14.238700,14.642200,2.421941,0.084500,0.447520
1786996102.009127140,4.999388,0.982696,1,2.554941,-14.238700,14.642200,2.421941,0.084500,0.447089
1786996102.059101582,5.049363,0.982331,1,2.560753,-14.344100,14.758600,1.689118,0.084500,0.447089
1786996102.109482050,5.099743,0.982618,1,2.572321,-14.484500,14.883700,2.499570,0.084500,0.445585
1786996102.159225225,5.149486,0.982618,1,2.547482,-14.484500,14.883700,2.499570,0.084500,0.445585
1786996102.209125519,5.199387,0.982573,1,2.553641,-14.614000,14.976200,1.880912,0.084500,0.439717
1786996102.259142160,5.249403,0.982573,1,2.529308,-14.614000,14.976200,1.880912,0.084500,0.439717
1786996102.309130192,5.299391,0.982374,1,2.538605,-14.766700,15.063100,1.976792,0.084500,0.435823
1786996102.359133005,5.349394,0.982374,1,2.548848,-14.933700,15.135100,2.090386,0.084500,0.435823
1786996102.409096479,5.399358,0.982341,1,2.525286,-14.933700,15.135100,2.090386,0.084500,0.430539
1786996102.459139585,5.449401,0.982432,1,2.535473,-15.107700,15.188100,2.216181,0.084500,0.430539
1786996102.509188890,5.499450,0.982432,1,2.512398,-15.107700,15.188100,2.216181,0.084500,0.424158
1786996102.559115171,5.549376,0.982229,1,2.521868,-15.282600,15.221100,1.959137,0.084500,0.424158
1786996102.609145403,5.599406,0.982229,1,2.529638,-15.451700,15.235100,2.239428,0.084500,0.416941
1786996102.659283161,5.649544,0.982539,1,2.507185,-15.451700,15.235100,2.239428,0.084500,0.416941
1786996102.709123373,5.699384,0.982533,1,2.513605,-15.613200,15.232600,1.951972,0.084500,0.401358
1786996102.759371996,5.749633,0.982533,1,2.491636,-15.613200,15.232600,1.951972,0.084500,0.401358
1786996102.810444355,5.800705,0.982544,1,2.500062,-15.788200,15.212700,2.119783,0.084500,0.388772
1786996102.859142303,5.849403,0.982544,1,2.479248,-15.788200,15.212700,2.119783,0.084500,0.388772
1786996102.909106731,5.899368,0.982152,1,2.487428,-15.956500,15.176600,1.787453,0.084500,0.373194
1786996102.959100246,5.949361,0.982271,1,2.500355,-16.147900,15.114300,2.388926,0.084500,0.373194
1786996103.009712219,5.999973,0.982271,1,2.479253,-16.147900,15.114300,2.388926,0.084500,0.347636
1786996103.059165239,6.049426,0.982319,1,2.487140,-16.303600,15.045400,2.007306,0.084500,0.347636
1786996103.109113932,6.099375,0.982319,1,2.466777,-16.303600,15.045400,2.007306,0.084500,0.322738
1786996103.159368992,6.149630,0.982317,1,2.476361,-16.463400,14.956400,2.149140,0.084500,0.322738
1786996103.209379435,6.199641,0.982317,1,2.486621,-16.618000,14.850400,2.228978,0.084500,0.287414
1786996103.259136677,6.249398,0.982347,1,2.466823,-16.618000,14.850400,2.228978,0.084500,0.287414
1786996103.309977770,6.300239,0.981989,1,2.472732,-16.744400,14.747900,1.660060,0.084500,0.245028
1786996103.360580921,6.350842,0.981989,1,2.453035,-16.744400,14.747900,1.660060,0.084500,0.245028
1786996103.409130096,6.399391,0.982228,1,2.465452,-16.888700,14.611600,2.418045,0.130000,0.151659
1786996103.459213734,6.449475,0.982228,1,2.446305,-16.888700,14.611600,2.418045,0.130000,0.151659
1786996103.509448528,6.499710,0.982133,1,2.454782,-17.009300,14.480700,1.992939,0.130000,0.100705
1786996103.559151888,6.549413,0.982133,1,2.436154,-17.009300,14.480700,1.992939,0.130000,0.100705
1786996103.609164238,6.599425,0.982179,1,2.450300,-17.147100,14.315400,2.505350,0.130000,0.043843
1786996103.660430908,6.650692,0.982226,1,2.470641,-17.302700,14.106000,3.059919,0.130000,0.043843
1786996103.709152460,6.699414,0.982226,1,2.452672,-17.302700,14.106000,3.059919,0.130000,-0.017718
1786996103.761445045,6.751706,0.982629,1,2.473304,-17.451300,13.883500,3.678986,0.130000,-0.017718
1786996103.809092283,6.799353,0.982629,1,2.492247,-17.582100,13.674400,2.758441,0.130000,-0.077740
1786996103.859309435,6.849571,0.982405,1,2.473959,-17.582100,13.674400,2.758441,0.130000,-0.077740
1786996103.914436579,6.904698,0.982213,1,2.495155,-17.729900,13.433500,3.175807,0.130000,-0.126051
1786996103.959169865,6.949431,0.982213,1,2.479092,-17.729900,13.433500,3.175807,0.130000,-0.126051
1786996104.012435198,7.002696,0.982396,1,2.501959,-17.885800,13.186400,3.529702,0.084500,-0.206434
1786996104.059596539,7.049858,0.982396,1,2.485192,-17.885800,13.186400,3.529702,0.084500,-0.206434
1786996104.110657692,7.100919,0.982396,1,2.467349,-17.885800,13.186400,3.529702,0.084500,-0.206434
1786996104.159198284,7.149459,0.983100,1,2.528633,-18.210200,12.732700,10.558289,0.084500,-0.206434
1786996104.211742163,7.202003,0.983100,1,2.510185,-18.210200,12.732700,10.558289,0.084500,-0.369992
1786996104.259475470,7.249737,0.983100,1,2.493645,-18.210200,12.732700,10.558289,0.084500,-0.369992
1786996104.309159756,7.299421,0.981792,1,2.515038,-18.390500,12.518500,2.318236,0.084500,-0.414083
1786996104.364405155,7.354666,0.982005,1,2.520994,-18.519000,12.388600,2.225156,0.084500,-0.414083
1786996104.409213543,7.399475,0.982005,1,2.505725,-18.519000,12.388600,2.225156,0.084500,-0.418972
1786996104.459136724,7.449398,0.982141,1,2.512475,-18.650100,12.272100,2.191280,0.084500,-0.418972
1786996104.509138823,7.499400,0.982141,1,2.495725,-18.650100,12.272100,2.191280,0.084500,-0.425336
1786996104.559202909,7.549464,0.982009,1,2.500313,-18.778200,12.176900,1.836329,0.084500,-0.425336
1786996104.609129667,7.599391,0.981907,1,2.508410,-18.938100,12.081200,2.093316,0.084500,-0.427231
1786996104.659495831,7.649757,0.981907,1,2.491880,-18.938100,12.081200,2.093316,0.084500,-0.427231
1786996104.711426258,7.701687,0.981907,1,2.475092,-18.938100,12.081200,2.093316,0.084500,-0.428372
1786996104.759196043,7.749457,0.982999,1,2.504433,-19.258100,11.951700,5.243144,0.084500,-0.428372
1786996104.809703827,7.799965,0.982999,1,2.488223,-19.258100,11.951700,5.243144,0.084500,-0.422174
1786996104.859139919,7.849401,0.982999,1,2.472552,-19.258100,11.951700,5.243144,0.084500,-0.422174
1786996104.909137964,7.899399,0.981938,1,2.483093,-19.459900,11.906100,1.831474,0.084500,-0.422013
1786996104.959295273,7.949556,0.981988,1,2.489557,-19.634800,11.887000,2.041890,0.084500,-0.422013
1786996105.009363413,7.999624,0.981988,1,2.473966,-19.634800,11.887000,2.041890,0.084500,-0.414266
1786996105.062422991,8.052684,0.981950,1,2.481581,-19.827300,11.886900,2.191489,0.084500,-0.414266
1786996105.109206200,8.099467,0.981950,1,2.467247,-19.827300,11.886900,2.191489,0.084500,-0.412012
1786996105.159634352,8.149895,0.981933,1,2.472311,-19.992100,11.904100,1.899978,0.084500,-0.412012
1786996105.209121227,8.199382,0.981933,1,2.479381,-20.168700,11.940500,2.154190,0.084500,-0.407824
1786996105.259124517,8.249386,0.982056,1,2.464351,-20.168700,11.940500,2.154190,0.084500,-0.407824
1786996105.311618090,8.301879,0.982056,1,2.448760,-20.168700,11.940500,2.154190,0.084500,-0.400722
1786996105.359199524,8.349461,0.981005,1,2.455660,-20.334800,11.992600,1.385560,0.084500,-0.400722
1786996105.409153700,8.399415,0.982636,1,2.461777,-20.495000,12.060900,4.150359,0.084500,-0.390132
1786996105.459090471,8.449352,0.982636,1,2.471791,-20.676100,12.162000,2.604738,0.084500,-0.390132
1786996105.509186506,8.499448,0.982745,1,2.457222,-20.676100,12.162000,2.604738,0.084500,-0.381159
1786996105.559122562,8.549384,0.982745,1,2.442869,-20.676100,12.162000,2.604738,0.084500,-0.381159
1786996105.609201670,8.599463,0.980981,1,2.452530,-20.843200,12.281500,1.495109,0.084500,-0.381159
1786996105.659108400,8.649369,0.980981,1,2.438382,-20.843200,12.281500,1.495109,0.084500,-0.381159
1786996105.709625721,8.699887,0.981157,1,2.446412,-20.987400,12.410000,1.996536,0.084500,-0.361716
1786996105.759577036,8.749838,0.981157,1,2.432443,-20.987400,12.410000,1.996536,0.084500,-0.361716
1786996105.809172153,8.799433,0.981398,1,2.442119,-21.125600,12.562300,2.309156,0.084500,-0.350585
1786996105.859137297,8.849398,0.981398,1,2.428331,-21.125600,12.562300,2.309156,0.084500,-0.350585
1786996105.909581184,8.899842,0.981751,1,2.434662,-21.232200,12.705900,2.191317,0.084500,-0.336789
1786996105.959245920,8.949507,0.981891,1,2.440442,-21.322700,12.853000,2.069653,0.084500,-0.336789
1786996106.009159327,8.999420,0.981891,1,2.426912,-21.322700,12.853000,2.069653,0.084500,-0.325319
1786996106.062438011,9.052699,0.982004,1,2.431955,-21.401300,13.009300,2.056601,0.084500,-0.325319
1786996106.109197140,9.099458,0.982004,1,2.419459,-21.401300,13.009300,2.056601,0.084500,-0.312980
1786996106.159128666,9.149390,0.981858,1,2.425614,-21.467500,13.173600,1.912134,0.084500,-0.312980
1786996106.209416866,9.199678,0.981858,1,2.412345,-21.467500,13.173600,1.912134,0.084500,-0.300247
1786996106.262705326,9.252966,0.981858,1,2.398451,-21.467500,13.173600,1.912134,0.084500,-0.300247
1786996106.309172869,9.299434,0.980277,1,2.406885,-21.523600,13.354900,1.320901,0.084500,-0.287118
1786996106.359303474,9.349565,0.981992,1,2.412498,-21.561500,13.523900,3.122299,0.084500,-0.287118
1786996106.411550999,9.401812,0.981992,1,2.399092,-21.561500,13.523900,3.122299,0.084500,-0.272605
1786996106.459342957,9.449604,0.981992,1,2.386957,-21.561500,13.523900,3.122299,0.084500,-0.272605
1786996106.509436607,9.499698,0.979727,1,2.396359,-21.591000,13.730800,1.240300,0.084500,-0.259732
1786996106.559140682,9.549402,0.979727,1,2.383906,-21.591000,13.730800,1.240300,0.084500,-0.259732
1786996106.611728191,9.601989,0.980451,1,2.392614,-21.603600,13.939400,2.227140,0.084500,-0.244758
1786996106.659104347,9.649365,0.980451,1,2.380867,-21.603600,13.939400,2.227140,0.084500,-0.244758
1786996106.709108353,9.699369,0.981166,1,2.388876,-21.600500,14.136100,2.444495,0.084500,-0.229805
1786996106.759594440,9.749856,0.981317,1,2.394100,-21.586900,14.307300,1.967574,0.084500,-0.229805
1786996106.809172869,9.799434,0.981317,1,2.382002,-21.586900,14.307300,1.967574,0.084500,-0.216126
1786996106.861489058,9.851750,0.981488,1,2.387639,-21.562100,14.485700,2.066535,0.084500,-0.216126
1786996106.909222603,9.899484,0.981488,1,2.376128,-21.562100,14.485700,2.066535,0.084500,-0.205204
1786996106.961442232,9.951703,0.981272,1,2.381764,-21.526900,14.662400,1.850187,0.084500,-0.205204
1786996107.009132385,9.999393,0.981272,1,2.370405,-21.526900,14.662400,1.850187,0.084500,-0.193937
1786996107.059126377,10.049387,0.981588,1,2.379062,-21.475200,14.861300,2.442274,0.084500,-0.193937
1786996107.109473944,10.099735,0.981588,1,2.384838,-21.420800,15.031000,2.017597,0.084500,-0.184105
1786996107.159104824,10.149366,0.981747,1,2.373185,-21.420800,15.031000,2.017597,0.084500,-0.184105
1786996107.209329844,10.199591,0.982045,1,2.379815,-21.355100,15.205900,2.308403,0.130000,-0.164565
1786996107.259158373,10.249419,0.982045,1,2.368246,-21.355100,15.205900,2.308403,0.130000,-0.164565
1786996107.312425852,10.302687,0.981960,1,2.372499,-21.288100,15.362100,1.863701,0.130000,-0.156465
1786996107.359134912,10.349396,0.981960,1,2.361792,-21.288100,15.362100,1.863701,0.130000,-0.156465
1786996107.409129143,10.399390,0.981996,1,2.372221,-21.190000,15.566300,2.557763,0.130000,-0.152503
1786996107.459123850,10.449385,0.981996,1,2.386310,-21.060100,15.798200,3.022649,0.130000,-0.152503
1786996107.509139538,10.499401,0.982025,1,2.374941,-21.060100,15.798200,3.022649,0.130000,-0.140594
1786996107.561721802,10.551983,0.982250,1,2.389684,-20.908300,16.034000,3.465526,0.130000,-0.140594
1786996107.609423161,10.599684,0.982250,1,2.378919,-20.908300,16.034000,3.465526,0.130000,-0.132706
1786996107.660426140,10.650687,0.982250,1,2.367537,-20.908300,16.034000,3.465526,0.130000,-0.132706
1786996107.709229469,10.699491,0.982946,1,2.406412,-20.584300,16.455100,7.278922,0.130000,-0.121565
1786996107.759146452,10.749408,0.982946,1,2.395240,-20.584300,16.455100,7.278922,0.130000,-0.121565
1786996107.809423685,10.799685,0.982946,1,2.384084,-20.584300,16.455100,7.278922,0.130000,-0.111225
1786996107.859215021,10.849476,0.981938,1,2.403034,-20.365900,16.694800,2.877316,0.130000,-0.111225
1786996107.909571648,10.899833,0.981938,1,2.391923,-20.365900,16.694800,2.877316,0.130000,-0.105077
1786996107.959177494,10.949439,0.981081,1,2.406574,-20.167400,16.890800,2.348383,0.130000,-0.105077
1786996108.009114504,10.999376,0.982628,1,2.420728,-19.962700,17.075700,6.289138,0.130000,-0.086149
1786996108.059061527,11.049323,0.982628,1,2.439157,-19.712400,17.282300,3.793089,0.130000,-0.086149
1786996108.109453917,11.099715,0.982438,1,2.428073,-19.712400,17.282300,3.793089,0.130000,-0.084189
1786996108.161729097,11.151990,0.982438,1,2.416691,-19.712400,17.282300,3.793089,0.130000,-0.084189
1786996108.209457874,11.199719,0.982438,1,2.406391,-19.712400,17.282300,3.793089,0.130000,-0.084189
1786996108.259390593,11.249652,0.982438,1,2.395713,-19.712400,17.282300,3.793089,0.130000,-0.084189
1786996108.313100338,11.303361,0.982438,1,2.409600,-19.484600,17.454500,1.162746,0.130000,-0.084189
1786996108.359166384,11.349427,0.977795,1,2.399821,-19.484600,17.454500,1.162746,0.130000,-0.084189
1786996108.409199715,11.399461,0.979891,1,2.417772,-19.217900,17.639700,4.052999,0.130000,-0.076973
1786996108.459879875,11.450141,0.979891,1,2.407070,-19.217900,17.639700,4.052999,0.130000,-0.076973
1786996108.509165049,11.499426,0.979891,1,2.424986,-18.944500,17.814800,2.638882,0.130000,-0.076973
1786996108.559120655,11.549382,0.979405,1,2.414499,-18.944500,17.814800,2.638882,0.130000,-0.076973
1786996108.609747887,11.600009,0.980002,1,2.428018,-18.704500,17.957500,3.108556,0.130000,-0.073300
1786996108.659253120,11.649514,0.980002,1,2.417708,-18.704500,17.957500,3.108556,0.130000,-0.073300
1786996108.709092140,11.699353,0.980701,1,2.432388,-18.449100,18.099400,3.596710,0.130000,-0.077307
1786996108.759135008,11.749396,0.980701,1,2.422027,-18.449100,18.099400,3.596710,0.130000,-0.077307
1786996108.811599731,11.801861,0.980945,1,2.433552,-18.215600,18.220600,2.994619,0.130000,-0.084890
1786996108.859897614,11.850159,0.981409,1,2.447991,-17.955600,18.346500,3.668426,0.130000,-0.084890
1786996108.909176826,11.899438,0.981409,1,2.437873,-17.955600,18.346500,3.668426,0.130000,-0.087682
1786996108.960430145,11.950691,0.981570,1,2.448881,-17.721700,18.451800,2.982451,0.130000,-0.087682
1786996109.009639978,11.999901,0.981570,1,2.438839,-17.721700,18.451800,2.982451,0.130000,-0.098036
1786996109.059126377,12.049387,0.981754,1,2.451461,-17.469900,18.556700,3.205569,0.130000,-0.098036
1786996109.109696865,12.099958,0.981991,1,2.463468,-17.218100,18.652500,3.238871,0.130000,-0.102390
1786996109.159218311,12.149479,0.981991,1,2.453438,-17.218100,18.652500,3.238871,0.130000,-0.102390
1786996109.210410833,12.200672,0.982034,1,2.465761,-16.957100,18.742000,3.182834,0.130000,-0.128000
1786996109.259426117,12.249687,0.982034,1,2.455890,-16.957100,18.742000,3.182834,0.130000,-0.128000
1786996109.310960293,12.301221,0.982002,1,2.468563,-16.686700,18.823500,3.104064,0.130000,-0.132317
1786996109.359017372,12.349278,0.982002,1,2.483117,-16.397600,18.897200,3.626874,0.130000,-0.132317
1786996109.409135580,12.399397,0.982216,1,2.473078,-16.397600,18.897200,3.626874,0.130000,-0.144984
1786996109.459421635,12.449683,0.982216,1,2.463075,-16.397600,18.897200,3.626874,0.130000,-0.144984
1786996109.509126425,12.499388,0.981234,1,2.474581,-16.136900,18.950300,2.164921,0.130000,-0.154609
1786996109.559696436,12.549958,0.983059,1,2.488114,-15.845200,18.995000,8.857214,0.130000,-0.154609
1786996109.609820843,12.600082,0.983059,1,2.478223,-15.845200,18.995000,8.857214,0.130000,-0.166483
1786996109.659159184,12.649420,0.983059,1,2.468559,-15.845200,18.995000,8.857214,0.130000,-0.166483
1786996109.712433815,12.702695,0.980731,1,2.483723,-15.522500,19.025400,2.051107,0.084500,-0.176440
1786996109.759137392,12.749398,0.980731,1,2.474625,-15.522500,19.025400,2.051107,0.084500,-0.176440
1786996109.811408043,12.801669,0.981242,1,2.489831,-15.198600,19.034000,3.693263,0.084500,-0.182448
1786996109.859328270,12.849589,0.981500,1,2.502234,-14.920100,19.023200,3.286389,0.084500,-0.182448
1786996109.909237623,12.899499,0.981500,1,2.492553,-14.920100,19.023200,3.286389,0.084500,-0.178560
1786996109.960572243,12.950833,0.981804,1,2.501720,-14.674600,18.999400,3.077627,0.084500,-0.178560
1786996110.009144545,12.999406,0.981804,1,2.492372,-14.674600,18.999400,3.077627,0.084500,-0.183405
1786996110.059395552,13.049657,0.981859,1,2.496464,-14.498300,18.970600,2.119636,0.084500,-0.183405
1786996110.109135151,13.099396,0.981859,1,2.486984,-14.498300,18.970600,2.119636,0.130000,-0.172551
1786996110.159102201,13.149363,0.981333,1,2.490830,-14.327300,18.934200,1.667293,0.130000,-0.172551
1786996110.209592581,13.199854,0.981611,1,2.497200,-14.124300,18.880900,2.431737,0.130000,-0.168432
1786996110.259213686,13.249475,0.981611,1,2.487849,-14.124300,18.880900,2.431737,0.130000,-0.168432
1786996110.310576439,13.300838,0.982025,1,2.493414,-13.931600,18.821000,2.570412,0.130000,-0.163854
1786996110.359135628,13.349397,0.982025,1,2.484344,-13.931600,18.821000,2.570412,0.130000,-0.163854
1786996110.409154654,13.399416,0.982063,1,2.492958,-13.707300,18.736500,2.776037,0.130000,-0.156470
1786996110.459216595,13.449478,0.982176,1,2.504462,-13.452300,18.622000,3.331478,0.130000,-0.156470
1786996110.509144545,13.499406,0.982176,1,2.495200,-13.452300,18.622000,3.331478,0.130000,-0.154344
1786996110.559107542,13.549369,0.982456,1,2.505830,-13.214400,18.497100,3.547969,0.130000,-0.154344
1786996110.609294415,13.599555,0.982456,1,2.496581,-13.214400,18.497100,3.547969,0.130000,-0.145291
1786996110.659142017,13.649403,0.982430,1,2.506214,-12.995000,18.365300,3.006911,0.130000,-0.145291
1786996110.709429979,13.699691,0.982693,1,2.516889,-12.769800,18.212300,3.638249,0.130000,-0.133877
1786996110.759202719,13.749464,0.982693,1,2.507778,-12.769800,18.212300,3.638249,0.130000,-0.133877
1786996110.809103727,13.799365,0.982517,1,2.516562,-12.573700,18.063200,2.824646,0.130000,-0.125472
1786996110.859100580,13.849362,0.982645,1,2.527385,-12.362800,17.885600,3.494344,0.130000,-0.125472
1786996110.909236193,13.899497,0.982645,1,2.518267,-12.362800,17.885600,3.494344,0.130000,-0.119574
1786996110.959142208,13.949403,0.982525,1,2.527855,-12.172800,17.709000,3.043848,0.130000,-0.119574
1786996111.009384871,13.999646,0.982525,1,2.518771,-12.172800,17.709000,3.043848,0.130000,-0.119135
1786996111.059196234,14.049457,0.982753,1,2.529476,-11.979900,17.512000,3.632358,0.130000,-0.119135
1786996111.109347343,14.099608,0.982613,1,2.537506,-11.819500,17.333300,2.873303,0.130000,-0.114528
1786996111.159197092,14.149458,0.982613,1,2.528572,-11.819500,17.333300,2.873303,0.130000,-0.114528
1786996111.209372282,14.199633,0.982749,1,2.538825,-11.646000,17.123200,3.431803,0.130000,-0.116320
1786996111.259129763,14.249391,0.982749,1,2.529960,-11.646000,17.123200,3.431803,0.130000,-0.116320
1786996111.309164286,14.299425,0.982348,1,2.539263,-11.489300,16.916200,2.753628,0.130000,-0.114652
1786996111.359779358,14.350040,0.982655,1,2.551547,-11.316100,16.665100,4.077412,0.130000,-0.114652
1786996111.409251451,14.399513,0.982655,1,2.542796,-11.316100,16.665100,4.077412,0.130000,-0.114458
1786996111.460453749,14.450715,0.982532,1,2.550853,-11.184900,16.456300,2.864481,0.130000,-0.114458
1786996111.509688139,14.499949,0.982532,1,2.542180,-11.184900,16.456300,2.864481,0.130000,-0.113246
1786996111.559130907,14.549392,0.981967,1,2.552509,-11.047800,16.217000,2.657828,0.130000,-0.113246
1786996111.609370470,14.599632,0.983588,1,2.562159,-10.923900,15.977900,8.726036,0.130000,-0.126171
1786996111.659396410,14.649657,0.983588,1,2.553415,-10.923900,15.977900,8.726036,0.130000,-0.126171
1786996111.709129572,14.699391,0.982129,1,2.564867,-10.799600,15.710100,2.412330,0.130000,-0.129199
1786996111.759334803,14.749596,0.982129,1,2.556132,-10.799600,15.710100,2.412330,0.130000,-0.129199
1786996111.812066078,14.802327,0.982026,1,2.565007,-10.697900,15.464200,2.955067,0.130000,-0.132262
1786996111.859107494,14.849369,0.982026,1,2.556882,-10.697900,15.464200,2.955067,0.130000,-0.132262
1786996111.909125328,14.899386,0.982147,1,2.568330,-10.596500,15.183500,3.626295,0.130000,-0.136019
1786996111.959796429,14.950058,0.982196,1,2.577395,-10.518600,14.929300,3.170893,0.130000,-0.136019
1786996112.009159565,14.999421,0.982196,1,2.568925,-10.518600,14.929300,3.170893,0.130000,-0.147513
1786996112.061420918,15.051682,0.982044,1,2.578106,-10.451400,14.665300,3.015738,0.130000,-0.147513
1786996112.109126091,15.099387,0.982044,1,2.569960,-10.451400,14.665300,3.015738,0.130000,-0.149360
1786996112.160427332,15.150688,0.981866,1,2.580741,-10.393300,14.375900,3.163031,0.130000,-0.149360
1786996112.209219217,15.199480,0.981866,1,2.572455,-10.393300,14.375900,3.163031,0.130000,-0.150877
1786996112.259145498,15.249407,0.981832,1,2.584650,-10.349300,14.064600,3.408600,0.130000,-0.150877
1786996112.309120893,15.299382,0.981832,1,2.595699,-10.325800,13.767300,3.401839,0.130000,-0.149880
1786996112.359178543,15.349440,0.981926,1,2.587234,-10.325800,13.767300,3.401839,0.130000,-0.149880
1786996112.409132242,15.399393,0.982117,1,2.596737,-10.320100,13.491800,3.361862,0.130000,-0.140132
1786996112.459265232,15.449526,0.982117,1,2.588306,-10.320100,13.491800,3.361862,0.130000,-0.140132
1786996112.510245562,15.500507,0.982154,1,2.596529,-10.328800,13.232600,3.000744,0.130000,-0.134472
1786996112.559130907,15.549392,0.982154,1,2.588366,-10.328800,13.232600,3.000744,0.130000,-0.134472
1786996112.609096050,15.599357,0.982136,1,2.597327,-10.352000,12.964500,3.033361,0.130000,-0.121595
1786996112.659180403,15.649441,0.982374,1,2.607864,-10.393200,12.672400,3.725253,0.130000,-0.121595
1786996112.709628820,15.699890,0.982374,1,2.599481,-10.393200,12.672400,3.725253,0.130000,-0.115129
1786996112.759115934,15.749377,0.982315,1,2.607998,-10.443300,12.414500,3.054171,0.130000,-0.115129
1786996112.809115410,15.799376,0.982315,1,2.617198,-10.508700,12.146600,3.668835,0.130000,-0.106590
1786996112.859109163,15.849370,0.982612,1,2.608942,-10.508700,12.146600,3.668835,0.130000,-0.106590
1786996112.909458876,15.899720,0.982299,1,2.615973,-10.576400,11.912900,2.649827,0.130000,-0.098752
1786996112.959418774,15.949680,0.982299,1,2.607787,-10.576400,11.912900,2.649827,0.130000,-0.098752
1786996113.009418249,15.999679,0.982506,1,2.618302,-10.671000,11.629700,3.725199,0.130000,-0.083825
1786996113.059140205,16.049401,0.982506,1,2.610190,-10.671000,11.629700,3.725199,0.130000,-0.083825
1786996113.109130621,16.099392,0.982184,1,2.618417,-10.764300,11.383900,2.792191,0.130000,-0.071441
1786996113.159075737,16.149337,0.982354,1,2.629212,-10.883200,11.102900,3.714656,0.130000,-0.071441
1786996113.209179878,16.199441,0.982354,1,2.621079,-10.883200,11.102900,3.714656,0.130000,-0.063575
1786996113.259332418,16.249593,0.982203,1,2.629371,-10.995800,10.861700,2.938501,0.130000,-0.063575
1786996113.309156179,16.299417,0.982203,1,2.621334,-10.995800,10.861700,2.938501,0.130000,-0.053994
1786996113.359097481,16.349359,0.982226,1,2.631796,-11.131800,10.592100,3.475215,0.130000,-0.053994
1786996113.409344196,16.399605,0.982226,1,2.623732,-11.131800,10.592100,3.475215,0.130000,-0.046845
1786996113.459178448,16.449440,0.982341,1,2.632361,-11.261100,10.352000,3.358071,0.130000,-0.046845
1786996113.509406567,16.499668,0.982543,1,2.640292,-11.390900,10.123200,3.369386,0.130000,-0.034844
1786996113.559165955,16.549427,0.982543,1,2.632352,-11.390900,10.123200,3.369386,0.130000,-0.034844
1786996113.609168530,16.599430,0.982510,1,2.639883,-11.521500,9.902300,3.060010,0.130000,-0.031028
1786996113.659433365,16.649694,0.982510,1,2.648487,-11.665700,9.666900,3.486087,0.130000,-0.031028
1786996113.709224224,16.699485,0.982587,1,2.640594,-11.665700,9.666900,3.486087,0.130000,-0.026088
1786996113.759176970,16.749438,0.982574,1,2.647459,-11.797200,9.458000,2.971061,0.130000,-0.026088
1786996113.809144735,16.799406,0.982574,1,2.639584,-11.797200,9.458000,2.971061,0.130000,-0.024362
1786996113.859124660,16.849386,0.982600,1,2.647947,-11.945200,9.228800,3.368010,0.130000,-0.024362
1786996113.909196854,16.899458,0.982597,1,2.655846,-12.092000,9.006700,3.242498,0.130000,-0.022956
1786996113.959180593,16.949442,0.982597,1,2.648021,-12.092000,9.006700,3.242498,0.130000,-0.022956
1786996114.011432409,17.001693,0.982601,1,2.655935,-12.244500,8.780400,3.250666,0.130000,-0.021272
1786996114.059126377,17.049387,0.982601,1,2.648506,-12.244500,8.780400,3.250666,0.130000,-0.021272
1786996114.109061003,17.099322,0.982415,1,2.656158,-12.393400,8.563500,2.951761,0.130000,-0.020782
1786996114.159101248,17.149362,0.982415,1,2.648407,-12.393400,8.563500,2.951761,0.130000,-0.020782
1786996114.209122419,17.199383,0.982188,1,2.657699,-12.560800,8.323900,3.155625,0.130000,-0.020591
1786996114.259380102,17.249641,0.982413,1,2.667468,-12.735900,8.077700,3.800359,0.130000,-0.020591
1786996114.309271097,17.299532,0.982413,1,2.659776,-12.735900,8.077700,3.800359,0.130000,-0.020311
1786996114.359614611,17.349876,0.982407,1,2.667030,-12.888100,7.867200,3.066238,0.130000,-0.020311
1786996114.409324646,17.399586,0.982407,1,2.659408,-12.888100,7.867200,3.066238,0.130000,-0.019927
1786996114.459136963,17.449398,0.982474,1,2.667271,-13.047600,7.649800,3.296541,0.130000,-0.019927
1786996114.509133577,17.499395,0.982480,1,2.675054,-13.208700,7.433700,3.259461,0.130000,-0.019968
1786996114.559131622,17.549393,0.982480,1,2.667433,-13.208700,7.433700,3.259461,0.130000,-0.019968
1786996114.610620260,17.600881,0.982776,1,2.674206,-13.363500,7.229100,3.456506,0.130000,-0.020542
1786996114.659545660,17.649807,0.982744,1,2.680946,-13.515700,7.030600,3.100191,0.130000,-0.020542
1786996114.709170818,17.699432,0.982744,1,2.673448,-13.515700,7.030600,3.100191,0.130000,-0.020386
1786996114.761484385,17.751745,0.982592,1,2.680571,-13.679200,6.820400,3.120899,0.130000,-0.020386
1786996114.809197903,17.799459,0.982592,1,2.673386,-13.679200,6.820400,3.120899,0.130000,-0.020790
1786996114.859234571,17.849496,0.982404,1,2.681354,-13.850200,6.603700,3.067516,0.130000,-0.020790
1786996114.909156799,17.899418,0.982404,1,2.689840,-14.029000,6.380700,3.546857,0.130000,-0.020420
1786996114.959209919,17.949471,0.982520,1,2.682346,-14.029000,6.380700,3.546857,0.130000,-0.020420
1786996115.009217739,17.999479,0.966522,0,2.689689,-14.197200,6.174200,3.267768,0.130000,0.001163
1786996115.059238911,18.049500,0.966522,0,2.682224,-14.197200,6.174200,3.267768,0.130000,0.001163
1786996115.109407902,18.099669,0.949695,0,2.689338,-14.364800,5.971400,3.065376,0.084500,0.427287
1786996115.159099817,18.149361,0.949695,0,2.681974,-14.364800,5.971400,3.065376,0.084500,0.427287
1786996115.209162235,18.199423,0.931795,0,2.690298,-14.547900,5.752000,3.024736,0.084500,0.439029
1786996115.259197950,18.249459,0.914200,0,2.699117,-14.737200,5.525000,3.639395,0.084500,0.439029
1786996115.309329748,18.299591,0.914200,0,2.691720,-14.737200,5.525000,3.639395,0.084500,0.447159
1786996115.359125137,18.349386,0.896057,0,2.697543,-14.888400,5.337600,2.856621,0.084500,0.447159
1786996115.409135103,18.399396,0.896057,0,2.690211,-14.888400,5.337600,2.856621,0.084500,0.447312
1786996115.459110498,18.449372,0.877087,0,2.692985,-14.988700,5.181400,2.048024,0.084500,0.447312
1786996115.509065390,18.499326,0.858664,0,2.695455,-15.067200,5.019100,2.296751,0.084500,0.447516
1786996115.559143782,18.549405,0.858664,0,2.688182,-15.067200,5.019100,2.296751,0.084500,0.447516
1786996115.613406658,18.603668,0.879582,1,2.689227,-15.123000,4.863500,2.186699,0.084500,0.445622
1786996115.659142256,18.649403,0.879582,1,2.682631,-15.123000,4.863500,2.186699,0.084500,0.445622
1786996115.709123611,18.699385,0.904891,1,2.684409,-15.162900,4.701000,1.774534,0.084500,0.443817
1786996115.759137154,18.749398,0.904891,1,2.677249,-15.162900,4.701000,1.774534,0.084500,0.443817
1786996115.809184551,18.799446,0.930228,1,2.680558,-15.188100,4.506400,2.031332,0.084500,0.441627
1786996115.859114408,18.849375,0.956324,1,2.683216,-15.190100,4.322500,2.589803,0.084500,0.441627
1786996115.909195662,18.899457,0.956324,1,2.676104,-15.190100,4.322500,2.589803,0.084500,0.438941
1786996115.959176779,18.949438,0.981894,1,2.677224,-15.175600,4.168200,2.030590,0.084500,0.438941
1786996116.009407759,18.999669,0.982399,1,2.678199,-15.147100,4.017900,2.117118,0.084500,0.430456
1786996116.059136391,19.049397,0.982399,1,2.671208,-15.147100,4.017900,2.117118,0.084500,0.430456
1786996116.109132767,19.099394,0.982565,1,2.672121,-15.105300,3.872800,1.920153,0.084500,0.425848
1786996116.159256697,19.149518,0.982565,1,2.674191,-15.041200,3.711300,1.990752,0.084500,0.425848
1786996116.209112644,19.199374,0.982434,1,2.667256,-15.041200,3.711300,1.990752,0.084500,0.420325
1786996116.259226322,19.249487,0.982405,1,2.669127,-14.962900,3.560700,1.953169,0.084500,0.420325
1786996116.309211254,19.299472,0.982405,1,2.662217,-14.962900,3.560700,1.953169,0.084500,0.413680
1786996116.359130144,19.349391,0.982317,1,2.664656,-14.863700,3.410400,2.045315,0.084500,0.413680
1786996116.409563780,19.399825,0.982317,1,2.657722,-14.863700,3.410400,2.045315,0.084500,0.403995
1786996116.459466934,19.449728,0.982317,1,2.660278,-14.747900,3.269700,1.534887,0.084500,0.403995
1786996116.509202480,19.499464,0.983243,1,2.662850,-14.617800,3.141800,5.931903,0.084500,0.385227
1786996116.560619354,19.550880,0.983243,1,2.655847,-14.617800,3.141800,5.931903,0.084500,0.385227
1786996116.609113455,19.599375,0.983243,1,2.649275,-14.617800,3.141800,5.931903,0.084500,0.385227
1786996116.659448385,19.649709,0.981639,1,2.652936,-14.456600,3.014700,1.555677,0.084500,0.385227
1786996116.709435463,19.699697,0.981639,1,2.646197,-14.456600,3.014700,1.555677,0.084500,0.369125
1786996116.760710478,19.750972,0.981639,1,2.639327,-14.456600,3.014700,1.555677,0.084500,0.369125
1786996116.809486151,19.799747,0.979791,1,2.642880,-14.287400,2.909800,1.296586,0.084500,0.348063
1786996116.859156847,19.849418,0.979791,1,2.645897,-14.115300,2.826900,2.078693,0.084500,0.348063
1786996116.909138203,19.899399,0.980629,1,2.639252,-14.115300,2.826900,2.078693,0.084500,0.332520
1786996116.959196091,19.949457,0.981817,1,2.643065,-13.919600,2.755900,3.286942,0.084500,0.332520
1786996117.009179831,19.999441,0.981817,1,2.636458,-13.919600,2.755900,3.286942,0.084500,0.308653
1786996117.059187651,20.049449,0.980481,1,2.639853,-13.725900,2.706400,1.526624,0.084500,0.308653
1786996117.109615326,20.099876,0.980481,1,2.633232,-13.725900,2.706400,1.526624,0.084500,0.281382
1786996117.159356833,20.149618,0.980859,1,2.636559,-13.530300,2.675300,2.148017,0.084500,0.281382
1786996117.209187984,20.199449,0.980859,1,2.630056,-13.530300,2.675300,2.148017,0.084500,0.252249
1786996117.262454271,20.252715,0.981287,1,2.632106,-13.349200,2.661900,2.169788,0.084500,0.252249
1786996117.309072018,20.299333,0.981287,1,2.634815,-13.171500,2.661700,2.136131,0.084500,0.222097
1786996117.359340906,20.349602,0.981638,1,2.628302,-13.171500,2.661700,2.136131,0.084500,0.222097
1786996117.411808252,20.402069,0.981630,1,2.630166,-12.996000,2.672800,1.984756,0.084500,0.193808
1786996117.459289312,20.449550,0.981630,1,2.624056,-12.996000,2.672800,1.984756,0.084500,0.193808
1786996117.509422541,20.499684,0.982053,1,2.626438,-12.817000,2.694600,2.294635,0.130000,0.151149
1786996117.559361696,20.549623,0.982053,1,2.628220,-12.651600,2.723200,2.034136,0.130000,0.151149
1786996117.609101057,20.599362,0.982175,1,2.621878,-12.651600,2.723200,2.034136,0.130000,0.127651
1786996117.659208059,20.649469,0.982360,1,2.623949,-12.481500,2.760500,2.164503,0.130000,0.127651
1786996117.709292173,20.699553,0.982360,1,2.617599,-12.481500,2.760500,2.164503,0.130000,0.106692
1786996117.759419441,20.749681,0.982257,1,2.620475,-12.296800,2.808600,2.187967,0.130000,0.106692
1786996117.809096336,20.799357,0.982257,1,2.627183,-12.039600,2.889800,3.307525,0.130000,0.089169
1786996117.859112978,20.849374,0.982397,1,2.620881,-12.039600,2.889800,3.307525,0.130000,0.089169
1786996117.909368753,20.899630,0.982383,1,2.626748,-11.800700,2.977300,3.023098,0.130000,0.065195
1786996117.959481001,20.949742,0.982383,1,2.620461,-11.800700,2.977300,3.023098,0.130000,0.065195
1786996118.014739513,21.005001,0.982383,1,2.613569,-11.800700,2.977300,3.023098,0.130000,0.046956
1786996118.064490557,21.054752,0.982383,1,2.620337,-11.548400,3.080100,1.845363,0.130000,0.046956
1786996118.109362364,21.099623,0.980656,1,2.627531,-11.301900,3.189200,4.218570,0.130000,0.033318
1786996118.164415121,21.154676,0.981950,1,2.620705,-11.301900,3.189200,4.218570,0.130000,0.033318
1786996118.209160089,21.199421,0.982055,1,2.630494,-11.008100,3.327700,3.750045,0.130000,0.022344
1786996118.259117842,21.249379,0.982055,1,2.624310,-11.008100,3.327700,3.750045,0.130000,0.022344
1786996118.309125185,21.299386,0.982055,1,2.618148,-11.008100,3.327700,3.750045,0.130000,0.022344
1786996118.359339952,21.349601,0.981021,1,2.625372,-10.751600,3.453700,2.381852,0.130000,0.022344
1786996118.411428690,21.401690,0.981416,1,2.632191,-10.499200,3.580800,3.319985,0.130000,0.020824
1786996118.459168434,21.449430,0.981416,1,2.626332,-10.499200,3.580800,3.319985,0.130000,0.020824
1786996118.511204958,21.501466,0.981744,1,2.632814,-10.253700,3.707000,3.307901,0.130000,0.036964
1786996118.559137106,21.549398,0.981744,1,2.626958,-10.253700,3.707000,3.307901,0.130000,0.036964
1786996118.611417055,21.601678,0.981893,1,2.633232,-10.012000,3.833600,3.232278,0.130000,0.042014
1786996118.659109116,21.649370,0.981893,1,2.627431,-10.012000,3.833600,3.232278,0.130000,0.042014
1786996118.709209442,21.699471,0.981530,1,2.634083,-9.768700,3.964000,2.750426,0.130000,0.051023
1786996118.759417772,21.749679,0.981530,1,2.628000,-9.768700,3.964000,2.750426,0.130000,0.051023
1786996118.809176207,21.799437,0.980879,1,2.636902,-9.484700,4.121500,2.732437,0.130000,0.057785
1786996118.859473467,21.849735,0.982243,1,2.642870,-9.256500,4.252500,4.796382,0.130000,0.057785
1786996118.909697533,21.899959,0.982243,1,2.636809,-9.256500,4.252500,4.796382,0.130000,0.061498
1786996118.959475517,21.949737,0.982243,1,2.630829,-9.256500,4.252500,4.796382,0.130000,0.061498
1786996119.009100199,21.999361,0.982243,1,2.624901,-9.256500,4.252500,4.796382,0.130000,0.061498
1786996119.059453726,22.049715,0.979500,1,2.633631,-8.978000,4.419500,1.779309,0.130000,0.061498
1786996119.109148502,22.099410,0.979500,1,2.627711,-8.978000,4.419500,1.779309,0.130000,0.062108
1786996119.160698414,22.150959,0.979917,1,2.636254,-8.703800,4.593400,2.916278,0.130000,0.062108
1786996119.209132671,22.199394,0.979917,1,2.630503,-8.703800,4.593400,2.916278,0.130000,0.051718
1786996119.259105206,22.249366,0.980793,1,2.639192,-8.434000,4.774200,3.884713,0.130000,0.051718
1786996119.309218168,22.299479,0.980793,1,2.644326,-8.232300,4.916400,2.749858,0.130000,0.015563
1786996119.359100580,22.349362,0.981019,1,2.638426,-8.232300,4.916400,2.749858,0.130000,0.015563
1786996119.412432909,22.402694,0.981406,1,2.645045,-7.999600,5.087800,3.490653,0.084500,-0.238474
1786996119.459188223,22.449449,0.981406,1,2.639536,-7.999600,5.087800,3.490653,0.084500,-0.238474
1786996119.509120703,22.499382,0.981428,1,2.645806,-7.782500,5.253100,3.022061,0.084500,-0.311149
1786996119.559388638,22.549650,0.981428,1,2.651262,-7.577100,5.406200,3.218998,0.084500,-0.311149
1786996119.609106779,22.599368,0.981797,1,2.645436,-7.577100,5.406200,3.218998,0.084500,-0.351514
1786996119.659291744,22.649553,0.981769,1,2.647375,-7.428300,5.501600,1.976716,0.084500,-0.351514
1786996119.709423542,22.699685,0.981769,1,2.641527,-7.428300,5.501600,1.976716,0.084500,-0.351742
1786996119.759055376,22.749316,0.981769,1,2.644141,-7.261100,5.592800,1.720166,0.084500,-0.351742
1786996119.809108496,22.799370,0.982941,1,2.645463,-7.112800,5.659200,4.777986,0.084500,-0.356202
1786996119.859112263,22.849373,0.982941,1,2.639673,-7.112800,5.659200,4.777986,0.084500,-0.356202
1786996119.909372091,22.899633,0.982941,1,2.642598,-6.924000,5.724600,1.736047,0.084500,-0.351058
1786996119.959330082,22.949591,0.981919,1,2.636853,-6.924000,5.724600,1.736047,0.084500,-0.351058
1786996120.009511948,22.999773,0.981919,1,2.631092,-6.924000,5.724600,1.736047,0.084500,-0.347189
1786996120.059177876,23.049439,0.980507,1,2.633008,-6.754400,5.766500,1.247792,0.084500,-0.347189
1786996120.109147787,23.099409,0.982711,1,2.634976,-6.579600,5.794300,6.069052,0.084500,-0.326491
1786996120.159146070,23.149407,0.982711,1,2.629285,-6.579600,5.794300,6.069052,0.084500,-0.326491
1786996120.212429523,23.202691,0.981708,1,2.632217,-6.371900,5.807700,1.859234,0.084500,-0.313178
1786996120.259111881,23.249373,0.981708,1,2.626929,-6.371900,5.807700,1.859234,0.084500,-0.313178
1786996120.309316874,23.299578,0.982075,1,2.629225,-6.186600,5.802400,2.426656,0.084500,-0.296233
1786996120.359636307,23.349897,0.982141,1,2.630259,-6.031100,5.785700,1.962356,0.084500,-0.296233
1786996120.409203768,23.399465,0.982141,1,2.624688,-6.031100,5.785700,1.962356,0.084500,-0.277908
1786996120.460074902,23.450336,0.982207,1,2.626202,-5.864700,5.756000,2.117518,0.084500,-0.277908
1786996120.509175301,23.499436,0.982207,1,2.627828,-5.702600,5.715100,2.050108,0.084500,-0.260965
1786996120.559148550,23.549410,0.982244,1,2.622252,-5.702600,5.715100,2.050108,0.084500,-0.260965
1786996120.609240770,23.599502,0.982071,1,2.623859,-5.541500,5.663000,1.868570,0.084500,-0.240958
1786996120.659142971,23.649404,0.982071,1,2.618324,-5.541500,5.663000,1.868570,0.084500,-0.240958
1786996120.711425066,23.701686,0.982390,1,2.620495,-5.366500,5.593400,2.481728,0.084500,-0.195668
1786996120.759080648,23.749342,0.982390,1,2.622025,-5.220500,5.524900,1.839473,0.084500,-0.195668
1786996120.809127092,23.799388,0.965987,0,2.616513,-5.220500,5.524900,1.839473,0.130000,-0.165996
1786996120.859375238,23.849636,0.949473,0,2.618728,-5.058400,5.437200,2.361201,0.130000,-0.165996
1786996120.909105778,23.899367,0.949473,0,2.613279,-5.058400,5.437200,2.361201,0.130000,-0.129451
1786996120.959131479,23.949393,0.932347,0,2.614564,-4.920500,5.353100,1.986659,0.130000,-0.129451
1786996121.009424210,23.999685,0.915047,0,2.617262,-4.757200,5.244300,2.555805,0.130000,-0.086670
1786996121.059135675,24.049397,0.915047,0,2.611851,-4.757200,5.244300,2.555805,0.130000,-0.086670
1786996121.109084368,24.099345,0.896330,0,2.615827,-4.575500,5.109500,2.406356,0.130000,-0.037612
1786996121.159319878,24.149581,0.896330,0,2.610385,-4.575500,5.109500,2.406356,0.130000,-0.037612
1786996121.209125996,24.199387,0.877389,0,2.617507,-4.340700,4.919000,3.356184,0.130000,-0.009661
1786996121.259408712,24.249670,0.877389,0,2.612075,-4.340700,4.919000,3.356184,0.130000,-0.009661
1786996121.309078693,24.299340,0.877389,0,2.618895,-4.116800,4.726400,2.397124,0.130000,-0.009661
1786996121.359138250,24.349399,0.839904,0,2.624980,-3.907300,4.541700,7.062216,0.130000,-0.009661
1786996121.411451101,24.401712,0.839904,0,2.619353,-3.907300,4.541700,7.062216,0.084500,0.420802
1786996121.459166050,24.449427,0.839904,0,2.614241,-3.907300,4.541700,7.062216,0.084500,0.420802
1786996121.510270834,24.500532,0.815909,0,2.622046,-3.664600,4.325800,2.364360,0.084500,0.439532
1786996121.559539795,24.549801,0.815909,0,2.616779,-3.664600,4.325800,2.364360,0.084500,0.439532
1786996121.609213591,24.599475,0.796207,0,2.624701,-3.422900,4.108900,4.000225,0.084500,0.447201
1786996121.659009457,24.649271,0.775765,0,2.628772,-3.249200,3.956600,2.642190,0.084500,0.447201
1786996121.709146023,24.699407,0.775765,0,2.623435,-3.249200,3.956600,2.642190,0.084500,0.447264
1786996121.759123802,24.749385,0.842165,0,2.625783,-3.095100,3.846800,2.397923,0.084500,0.447264
1786996121.809224367,24.799485,0.842165,0,2.620473,-3.095100,3.846800,2.397923,0.084500,0.447508
1786996121.859267235,24.849528,0.822795,0,2.622126,-2.944000,3.764300,1.986809,0.084500,0.447508
1786996121.909101009,24.899362,0.804391,0,2.623850,-2.783700,3.697900,2.440167,0.084500,0.446065
1786996121.959135294,24.949396,0.804391,0,2.618588,-2.783700,3.697900,2.440167,0.084500,0.446065
1786996122.009145498,24.999407,0.784404,0,2.619380,-2.639300,3.654500,1.760948,0.084500,0.444267
1786996122.059190035,25.049451,0.784404,0,2.621162,-2.466800,3.621100,2.022374,0.084500,0.444267
1786996122.111402750,25.101664,0.764125,0,2.615710,-2.466800,3.621100,2.022374,0.084500,0.442401
1786996122.159132481,25.149394,0.764125,0,2.610746,-2.466800,3.621100,2.022374,0.084500,0.442401
1786996122.209102154,25.199363,0.929835,1,2.612537,-2.291800,3.606500,1.560276,0.084500,0.439728
1786996122.259453773,25.249715,0.956035,1,2.615506,-2.085300,3.613600,2.790989,0.084500,0.439728
1786996122.309203625,25.299465,0.956035,1,2.610367,-2.085300,3.613600,2.790989,0.084500,0.436166
1786996122.359154701,25.349416,0.981322,1,2.611338,-1.931900,3.636100,1.728962,0.084500,0.436166
1786996122.409456491,25.399718,0.981322,1,2.613327,-1.755500,3.680700,2.467999,0.084500,0.430546
1786996122.459149361,25.449410,0.982008,1,2.608229,-1.755500,3.680700,2.467999,0.084500,0.430546
1786996122.511416674,25.501678,0.982282,1,2.608725,-1.615500,3.731600,1.872566,0.084500,0.418373
1786996122.559470892,25.549732,0.982282,1,2.603816,-1.615500,3.731600,1.872566,0.084500,0.418373
1786996122.609235048,25.599496,0.982450,1,2.605463,-1.460500,3.805400,2.170318,0.084500,0.410510
1786996122.659503698,25.649765,0.982450,1,2.606736,-1.320300,3.889900,1.926988,0.084500,0.410510
1786996122.709136486,25.699398,0.982450,1,2.601704,-1.320300,3.889900,1.926988,0.084500,0.402868
1786996122.759405851,25.749667,0.982353,1,2.603380,-1.180800,3.993800,1.985774,0.084500,0.402868
1786996122.809190750,25.799452,0.982353,1,2.598356,-1.180800,3.993800,1.985774,0.084500,0.391319
1786996122.859106302,25.849367,0.982356,1,2.600476,-1.044900,4.118600,2.175131,0.084500,0.391319
1786996122.909249544,25.899511,0.982673,1,2.602168,-0.929000,4.248700,2.362393,0.084500,0.381824
1786996122.959187746,25.949449,0.982673,1,2.597161,-0.929000,4.248700,2.362393,0.084500,0.381824
1786996123.009097338,25.999358,0.982665,1,2.598162,-0.836400,4.373800,1.778011,0.084500,0.347170
1786996123.059123993,26.049385,0.982665,1,2.593173,-0.836400,4.373800,1.778011,0.084500,0.347170
1786996123.109048843,26.099310,0.982426,1,2.594742,-0.747200,4.519000,2.015693,0.084500,0.328766
1786996123.159140825,26.149402,0.982426,1,2.589771,-0.747200,4.519000,2.015693,0.084500,0.328766
1786996123.210774899,26.201036,0.982211,1,2.591899,-0.663100,4.688800,2.049494,0.084500,0.307762
1786996123.259127617,26.249389,0.982364,1,2.594585,-0.592600,4.871500,2.376649,0.084500,0.307762
1786996123.309187412,26.299448,0.982364,1,2.589647,-0.592600,4.871500,2.376649,0.084500,0.284127
1786996123.359125853,26.349387,0.982176,1,2.590986,-0.546400,5.029500,1.805102,0.084500,0.284127
1786996123.409431219,26.399692,0.982176,1,2.586043,-0.546400,5.029500,1.805102,0.084500,0.257961
1786996123.459110022,26.449371,0.982176,1,2.588374,-0.507300,5.215400,1.636044,0.084500,0.257961
1786996123.509178638,26.499440,0.983192,1,2.589953,-0.484400,5.385300,5.446157,0.084500,0.207166
1786996123.559140444,26.549402,0.983192,1,2.585079,-0.484400,5.385300,5.446157,0.084500,0.207166
1786996123.609599113,26.599860,0.983192,1,2.588031,-0.471200,5.594200,1.722710,0.084500,0.207166
1786996123.659116507,26.649378,0.981865,1,2.583236,-0.471200,5.594200,1.722710,0.084500,0.207166
1786996123.709179163,26.699440,0.981919,1,2.584913,-0.470700,5.768300,2.002790,0.084500,0.182005
1786996123.759233952,26.749495,0.981919,1,2.580076,-0.470700,5.768300,2.002790,0.084500,0.182005
1786996123.810021162,26.800282,0.982017,1,2.582071,-0.479600,5.952600,2.172790,0.130000,0.136754
1786996123.859022141,26.849283,0.982017,1,2.583772,-0.496000,6.124000,2.068279,0.130000,0.136754
1786996123.909265995,26.899527,0.982097,1,2.578942,-0.496000,6.124000,2.068279,0.130000,0.111062
1786996123.960458040,26.950719,0.982367,1,2.580512,-0.519900,6.296600,2.294897,0.130000,0.111062
1786996124.009132624,26.999394,0.982367,1,2.575860,-0.519900,6.296600,2.294897,0.130000,0.093307
1786996124.059108734,27.049370,0.982276,1,2.577861,-0.551500,6.476700,2.127635,0.130000,0.093307
1786996124.109488487,27.099750,0.982276,1,2.582489,-0.606500,6.726200,3.042099,0.130000,0.078361
1786996124.159114838,27.149376,0.982297,1,2.577776,-0.606500,6.726200,3.042099,0.130000,0.078361
1786996124.209641695,27.199903,0.982109,1,2.583396,-0.678600,7.000100,3.110556,0.130000,0.061132
1786996124.259123325,27.249384,0.982109,1,2.578709,-0.678600,7.000100,3.110556,0.130000,0.061132
1786996124.310429573,27.300691,0.982049,1,2.584201,-0.759500,7.270500,3.093865,0.130000,0.030825
1786996124.359090567,27.349352,0.982049,1,2.590054,-0.849100,7.541900,4.008510,0.130000,0.030825
1786996124.409125805,27.399387,0.982545,1,2.585324,-0.849100,7.541900,4.008510,0.130000,0.021731
1786996124.459176302,27.449437,0.982291,1,2.589482,-0.929700,7.771800,2.655082,0.130000,0.021731
1786996124.509656668,27.499918,0.982291,1,2.584726,-0.929700,7.771800,2.655082,0.130000,0.018422
1786996124.560754776,27.551016,0.982507,1,2.590545,-1.029700,8.046400,3.741423,0.130000,0.018422
1786996124.609128714,27.599390,0.982507,1,2.586004,-1.029700,8.046400,3.741423,0.130000,0.019743
1786996124.660570621,27.650832,0.982547,1,2.590473,-1.120000,8.286600,3.143986,0.130000,0.019743
1786996124.709314346,27.699575,0.982434,1,2.595412,-1.214400,8.532200,3.060268,0.130000,0.022749
1786996124.759226084,27.749487,0.982434,1,2.590745,-1.214400,8.532200,3.060268,0.130000,0.022749
1786996124.809192419,27.799453,0.982439,1,2.596254,-1.317500,8.795300,3.337946,0.130000,0.038385
1786996124.859263182,27.849524,0.982439,1,2.601265,-1.417800,9.045500,3.525185,0.130000,0.038385
1786996124.909281492,27.899543,0.982653,1,2.596601,-1.417800,9.045500,3.525185,0.130000,0.045104
1786996124.959428310,27.949689,0.982684,1,2.600892,-1.512700,9.276900,3.140528,0.130000,0.045104
1786996125.009150028,27.999411,0.982684,1,2.596273,-1.512700,9.276900,3.140528,0.130000,0.054572
1786996125.059163094,28.049424,0.982724,1,2.600791,-1.612200,9.513400,3.185729,0.130000,0.054572
1786996125.109364033,28.099625,0.982724,1,2.596145,-1.612200,9.513400,3.185729,0.130000,0.065298
1786996125.159110308,28.149371,0.982228,1,2.601132,-1.720100,9.760400,2.748707,0.130000,0.065298
1786996125.209536791,28.199798,0.982333,1,2.607878,-1.854500,10.052500,3.846349,0.130000,0.074580
1786996125.259213448,28.249475,0.982333,1,2.603297,-1.854500,10.052500,3.846349,0.130000,0.074580
1786996125.311444044,28.301705,0.982352,1,2.607555,-1.966800,10.283100,3.014750,0.130000,0.053747
1786996125.359138727,28.349400,0.982352,1,2.603168,-1.966800,10.283100,3.014750,0.130000,0.053747
1786996125.409105301,28.399366,0.982414,1,2.608650,-2.098300,10.536800,3.437157,0.130000,0.032192
1786996125.459072590,28.449334,0.982404,1,2.613542,-2.228300,10.772900,3.200150,0.130000,0.032192
1786996125.509106398,28.499367,0.982404,1,2.608954,-2.228300,10.772900,3.200150,0.130000,0.010369
1786996125.559188366,28.549449,0.982214,1,2.613817,-2.362900,11.006400,2.914239,0.130000,0.010369
1786996125.610491514,28.600753,0.982214,1,2.609129,-2.362900,11.006400,2.914239,0.130000,-0.012128
1786996125.659220695,28.649482,0.981869,1,2.615461,-2.521800,11.270900,3.103155,0.130000,-0.012128
1786996125.709198475,28.699460,0.981869,1,2.610906,-2.521800,11.270900,3.103155,0.130000,-0.036393
1786996125.761415005,28.751676,0.981866,1,2.617461,-2.692000,11.547500,3.576207,0.130000,-0.036393
1786996125.809135914,28.799397,0.981866,1,2.613124,-2.692000,11.547500,3.576207,0.130000,-0.058186
1786996125.859460115,28.849721,0.982029,1,2.618587,-2.843900,11.793500,3.340638,0.130000,-0.058186
1786996125.909359694,28.899621,0.982458,1,2.623503,-2.985700,12.026500,3.837399,0.130000,-0.073843
1786996125.959269047,28.949530,0.982458,1,2.618978,-2.985700,12.026500,3.837399,0.130000,-0.073843
1786996126.012425423,29.002687,0.982421,1,2.622804,-3.112600,12.242000,2.899437,0.130000,-0.083207
1786996126.059096336,29.049357,0.982421,1,2.618590,-3.112600,12.242000,2.899437,0.130000,-0.083207
1786996126.109127760,29.099389,0.982309,1,2.623236,-3.242800,12.474200,3.060550,0.130000,-0.081626
1786996126.159140825,29.149402,0.982320,1,2.628536,-3.375700,12.727100,3.326649,0.130000,-0.081626
1786996126.209208012,29.199469,0.982320,1,2.624029,-3.375700,12.727100,3.326649,0.130000,-0.076252
1786996126.259105206,29.249366,0.982271,1,2.629433,-3.502500,12.986800,3.317143,0.130000,-0.076252
1786996126.309209108,29.299470,0.982271,1,2.624936,-3.502500,12.986800,3.317143,0.130000,-0.065563
1786996126.359116793,29.349378,0.982606,1,2.629432,-3.610600,13.226500,3.600608,0.130000,-0.065563
1786996126.410439491,29.400701,0.982614,1,2.633234,-3.705800,13.454100,3.046715,0.130000,-0.053227
1786996126.459136009,29.449397,0.982614,1,2.628879,-3.705800,13.454100,3.046715,0.130000,-0.053227
1786996126.509101391,29.499362,0.982912,1,2.633125,-3.798900,13.693200,3.574952,0.130000,-0.026545
1786996126.559522629,29.549784,0.982845,1,2.636652,-3.880300,13.915800,2.916021,0.130000,-0.026545
1786996126.609218121,29.599479,0.982845,1,2.632226,-3.880300,13.915800,2.916021,0.130000,-0.013082
1786996126.659112215,29.649373,0.982912,1,2.636777,-3.967200,14.167500,3.466857,0.130000,-0.013082
1786996126.709184885,29.699446,0.982912,1,2.640751,-4.045200,14.405100,3.160991,0.130000,0.000678
1786996126.759155750,29.749417,0.982912,1,2.636316,-4.045200,14.405100,3.160991,0.130000,0.000678
1786996126.809362888,29.799624,0.982876,1,2.640267,-4.121200,14.643400,3.142223,0.130000,0.026514
1786996126.859022617,29.849284,0.982876,1,2.644798,-4.201300,14.897400,3.398402,0.130000,0.026514
1786996126.909107208,29.899368,0.982909,1,2.640368,-4.201300,14.897400,3.398402,0.130000,0.037182
1786996126.959380388,29.949641,0.982740,1,2.644391,-4.277500,15.139000,2.975532,0.130000,0.037182
1786996127.009553194,29.999814,0.982740,1,2.639971,-4.277500,15.139000,2.975532,0.130000,0.047088
1786996127.061418772,30.051680,0.982582,1,2.644603,-4.361500,15.402000,3.157697,0.130000,0.047088
1786996127.109129667,30.099391,0.982582,1,2.640411,-4.361500,15.402000,3.157697,0.130000,0.056581
1786996127.159155130,30.149416,0.982559,1,2.645399,-4.450200,15.670200,3.419412,0.130000,0.056581
1786996127.209180355,30.199441,0.982473,1,2.650050,-4.539700,15.927900,3.152572,0.130000,0.063811
1786996127.259196520,30.249458,0.982473,1,2.645668,-4.539700,15.927900,3.152572,0.130000,0.063811
1786996127.310425520,30.300687,0.982431,1,2.650091,-4.632700,16.180900,3.124507,0.130000,0.073554
1786996127.359178782,30.349440,0.982431,1,2.645834,-4.632700,16.180900,3.124507,0.130000,0.073554
1786996127.410560846,30.400822,0.982420,1,2.650762,-4.737100,16.446900,3.360425,0.130000,0.076850
1786996127.459434509,30.449696,0.982420,1,2.655568,-4.844400,16.701200,3.199668,0.130000,0.076850
1786996127.509140730,30.499402,0.982356,1,2.651243,-4.844400,16.701200,3.199668,0.130000,0.078363
1786996127.560227871,30.550489,0.982448,1,2.656055,-4.961300,16.958300,3.432795,0.130000,0.078363
1786996127.609098196,30.599359,0.982448,1,2.651813,-4.961300,16.958300,3.432795,0.130000,0.079001
1786996127.661465406,30.651726,0.982428,1,2.655968,-5.078200,17.197500,3.152993,0.130000,0.079001
1786996127.709138870,30.699400,0.982428,1,2.651844,-5.078200,17.197500,3.152993,0.130000,0.078918
1786996127.759103537,30.749365,0.982398,1,2.656721,-5.209300,17.447700,3.299790,0.130000,0.078918
1786996127.809174538,30.799436,0.982398,1,2.661259,-5.343000,17.685500,2.850820,0.130000,0.079027
1786996127.859142065,30.849403,0.982099,1,2.656948,-5.343000,17.685500,2.850820,0.130000,0.079027
1786996127.911421299,30.901682,0.982176,1,2.662852,-5.509200,17.960500,3.797987,0.130000,0.077937
1786996127.959140301,30.949401,0.982176,1,2.658746,-5.509200,17.960500,3.797987,0.130000,0.077937
1786996128.010620356,31.000881,0.982485,1,2.662710,-5.650300,18.178600,3.354366,0.130000,0.079226
1786996128.059107542,31.049369,0.982485,1,2.666709,-5.793600,18.387400,2.851798,0.130000,0.079226
1786996128.109077930,31.099339,0.982329,1,2.662424,-5.793600,18.387400,2.851798,0.130000,0.077631
1786996128.159185886,31.149447,0.982091,1,2.667313,-5.961900,18.618300,3.052501,0.130000,0.077631
1786996128.209165573,31.199427,0.982091,1,2.663040,-5.961900,18.618300,3.052501,0.130000,0.076012
1786996128.261408329,31.251669,0.981963,1,2.668770,-6.157300,18.869400,3.426741,0.130000,0.076012
1786996128.309151888,31.299413,0.981963,1,2.664699,-6.157300,18.869400,3.426741,0.130000,0.073391
1786996128.359187603,31.349449,0.982345,1,2.669663,-6.342000,19.091600,3.814806,0.130000,0.073391
1786996128.409371138,31.399632,0.982345,1,2.673255,-6.505000,19.276900,2.796288,0.130000,0.069248
1786996128.459131002,31.449392,0.982271,1,2.669026,-6.505000,19.276900,2.796288,0.130000,0.069248
1786996128.510441303,31.500702,0.982591,1,2.673543,-6.694900,19.481600,3.737922,0.130000,0.063340
1786996128.559126854,31.549388,0.982591,1,2.669417,-6.694900,19.481600,3.737922,0.130000,0.063340
1786996128.609418869,31.599680,0.982331,1,2.673081,-6.869600,19.660500,2.744197,0.130000,0.060405
1786996128.659516096,31.649777,0.982539,1,2.678287,-7.083500,19.869000,3.875588,0.130000,0.060405
1786996128.709223747,31.699485,0.982539,1,2.674088,-7.083500,19.869000,3.875588,0.130000,0.062470
1786996128.759409189,31.749670,0.982461,1,2.677635,-7.264100,20.037200,2.862928,0.130000,0.062470
1786996128.809129238,31.799390,0.982461,1,2.673448,-7.264100,20.037200,2.862928,0.130000,0.060441
1786996128.859112740,31.849374,0.982655,1,2.677919,-7.470200,20.220800,3.602888,0.130000,0.060441
1786996128.909018040,31.899279,0.982655,1,2.681670,-7.662900,20.385200,2.641260,0.130000,0.059157
1786996128.959506035,31.949767,0.982262,1,2.677432,-7.662900,20.385200,2.641260,0.130000,0.059157
1786996129.009756327,32.000017,0.982348,1,2.682662,-7.897000,20.576000,3.658329,0.130000,0.057681
1786996129.059151173,32.049412,0.982348,1,2.678531,-7.897000,20.576000,3.658329,0.130000,0.057681
1786996129.109091282,32.099352,0.982212,1,2.683265,-8.122700,20.751200,3.135892,0.130000,0.054479
1786996129.159169197,32.149430,0.982212,1,2.679085,-8.122700,20.751200,3.135892,0.130000,0.054479
1786996129.209131002,32.199392,0.982016,1,2.683904,-8.354900,20.923300,3.064366,0.130000,0.056844
1786996129.259126186,32.249387,0.982016,1,2.679743,-8.354900,20.923300,3.064366,0.130000,0.056844
1786996129.309096336,32.299357,0.981918,1,2.685551,-8.617600,21.108600,3.487688,0.130000,0.055621
1786996129.359138727,32.349400,0.982376,1,2.690130,-8.851900,21.266500,3.771743,0.130000,0.055621
1786996129.409237146,32.399498,0.982376,1,2.685970,-8.851900,21.266500,3.771743,0.130000,0.058795
1786996129.460412979,32.450674,0.982134,1,2.689340,-9.059200,21.400400,2.685061,0.130000,0.058795
1786996129.509389877,32.499651,0.982134,1,2.685283,-9.059200,21.400400,2.685061,0.130000,0.058571
1786996129.559014797,32.549276,0.981529,1,2.690071,-9.305100,21.552200,2.581689,0.130000,0.058571
1786996129.609135628,32.599397,0.983289,1,2.693806,-9.526200,21.682400,8.569276,0.130000,0.063705
1786996129.659272194,32.649533,0.983289,1,2.689661,-9.526200,21.682400,8.569276,0.130000,0.063705
1786996129.709337950,32.699599,0.982032,1,2.694884,-9.792500,21.831500,2.651662,0.130000,0.063705
1786996129.759188414,32.749449,0.982032,1,2.690783,-9.792500,21.831500,2.651662,0.130000,0.063705
1786996129.809527159,32.799788,0.982032,1,2.686651,-9.792500,21.831500,2.651662,0.130000,0.065131
1786996129.859125853,32.849387,0.980794,1,2.691199,-10.042200,21.963800,2.129973,0.130000,0.065131
1786996129.909241438,32.899503,0.980794,1,2.695186,-10.280200,22.083100,3.277183,0.130000,0.071271
1786996129.959208727,32.949470,0.981450,1,2.691104,-10.280200,22.083100,3.277183,0.130000,0.071271
1786996130.009197712,32.999459,0.981801,1,2.696866,-10.574000,22.221300,3.956807,0.130000,0.081728
1786996130.059129477,33.049391,0.981801,1,2.692792,-10.574000,22.221300,3.956807,0.130000,0.081728
1786996130.110407114,33.100668,0.981583,1,2.696666,-10.817900,22.328200,2.816925,0.130000,0.089343
1786996130.159138203,33.149399,0.981583,1,2.692702,-10.817900,22.328200,2.816925,0.130000,0.089343
1786996130.209118843,33.199380,0.981809,1,2.698134,-11.109900,22.446200,3.734868,0.130000,0.098333
1786996130.259110212,33.249371,0.981809,1,2.702181,-11.362900,22.538900,3.078749,0.130000,0.098333
1786996130.309221745,33.299483,0.981842,1,2.698115,-11.362900,22.538900,3.078749,0.130000,0.098398
1786996130.359431028,33.349692,0.982180,1,2.702423,-11.628000,22.626300,3.551209,0.130000,0.098398
1786996130.409344673,33.399606,0.982180,1,2.698384,-11.628000,22.626300,3.551209,0.130000,0.105409
1786996130.459883213,33.450144,0.982004,1,2.702167,-11.880300,22.700200,2.852111,0.130000,0.105409
1786996130.509446859,33.499708,0.982004,1,2.706785,-12.160300,22.771300,3.662369,0.130000,0.105407
1786996130.559091806,33.549353,0.982285,1,2.702787,-12.160300,22.771300,3.662369,0.130000,0.105407
1786996130.609282255,33.599543,0.982336,1,2.706571,-12.417300,22.826400,3.132790,0.130000,0.108721
1786996130.659166574,33.649428,0.982336,1,2.702559,-12.417300,22.826400,3.132790,0.130000,0.108721
1786996130.710664272,33.700925,0.982336,1,2.698429,-12.417300,22.826400,3.132790,0.130000,0.108721
1786996130.759414673,33.749676,0.983081,1,2.712028,-13.001100,22.915100,10.733999,0.130000,0.108721
1786996130.810420752,33.800682,0.983081,1,2.707940,-13.001100,22.915100,10.733999,0.130000,0.103101
1786996130.859409571,33.849671,0.983081,1,2.704017,-13.001100,22.915100,10.733999,0.130000,0.103101
1786996130.909100771,33.899362,0.983081,1,2.709631,-13.324500,22.942400,2.052808,0.130000,0.103101
1786996130.959257603,33.949519,0.982809,1,2.713656,-13.596900,22.953300,8.935939,0.130000,0.103101
1786996131.011432648,34.001694,0.982809,1,2.709494,-13.596900,22.953300,8.935939,0.130000,0.093003
1786996131.059179544,34.049441,0.982809,1,2.705694,-13.596900,22.953300,8.935939,0.130000,0.093003
1786996131.109035730,34.099297,0.981325,1,2.711255,-13.921400,22.952400,2.543784,0.130000,0.086186
1786996131.159084558,34.149346,0.981325,1,2.715739,-14.209900,22.939300,3.054019,0.130000,0.086186
1786996131.209188700,34.199450,0.981136,1,2.711758,-14.209900,22.939300,3.054019,0.130000,0.080279
1786996131.259191990,34.249453,0.981272,1,2.717278,-14.533300,22.911200,3.661839,0.130000,0.080279
1786996131.309397697,34.299659,0.981272,1,2.713301,-14.533300,22.911200,3.661839,0.130000,0.071632
1786996131.359099150,34.349360,0.981695,1,2.717125,-14.797500,22.878600,3.487202,0.130000,0.071632
1786996131.409434319,34.399695,0.981695,1,2.720511,-15.047800,22.840200,3.099796,0.130000,0.063288
1786996131.459502220,34.449763,0.981902,1,2.716553,-15.047800,22.840200,3.099796,0.130000,0.063288
1786996131.509472370,34.499733,0.981902,1,2.712621,-15.047800,22.840200,3.099796,0.130000,0.057301
1786996131.559226036,34.549487,0.980815,1,2.723847,-15.561000,22.740700,10.984006,0.130000,0.057301
1786996131.609121084,34.599382,0.982970,1,2.719920,-15.561000,22.740700,10.984006,0.130000,0.047846
1786996131.659313917,34.649575,0.982970,1,2.715976,-15.561000,22.740700,10.984006,0.130000,0.047846
1786996131.709376335,34.699637,0.981761,1,2.721421,-15.877400,22.667300,2.733989,0.130000,0.045155
1786996131.759438276,34.749699,0.981761,1,2.717500,-15.877400,22.667300,2.733989,0.130000,0.045155
1786996131.809099674,34.799361,0.981760,1,2.721928,-16.157300,22.595300,3.269690,0.130000,0.041750
1786996131.859195709,34.849457,0.982118,1,2.726029,-16.426300,22.520100,3.598483,0.130000,0.041750
1786996131.909157753,34.899419,0.982118,1,2.722127,-16.426300,22.520100,3.598483,0.130000,0.039767
1786996131.959124088,34.949385,0.981985,1,2.725484,-16.669100,22.447900,2.869986,0.130000,0.039767
1786996132.009649515,34.999911,0.982328,1,2.729435,-16.932400,22.365100,3.692473,0.130000,0.039861
1786996132.059197664,35.049459,0.982328,1,2.725574,-16.932400,22.365100,3.692473,0.130000,0.039861
1786996132.111658573,35.101920,0.982087,1,2.728534,-17.166700,22.287600,2.753691,0.130000,0.041054
1786996132.159146547,35.149408,0.982087,1,2.724847,-17.166700,22.287600,2.753691,0.130000,0.041054
1786996132.209143877,35.199405,0.982426,1,2.729374,-17.446000,22.190900,3.883584,0.130000,0.046137
1786996132.259211063,35.249472,0.982426,1,2.732868,-17.690200,22.102100,2.973568,0.130000,0.046137
1786996132.309237003,35.299498,0.982319,1,2.728996,-17.690200,22.102100,2.973568,0.130000,0.048797
1786996132.360802412,35.351063,0.982344,1,2.732640,-17.942200,22.006400,3.183246,0.130000,0.048797
1786996132.409101725,35.399363,0.982344,1,2.728912,-17.942200,22.006400,3.183246,0.130000,0.052836
1786996132.459166050,35.449427,0.982519,1,2.732570,-18.189700,21.908100,3.388835,0.130000,0.052836
1786996132.509091616,35.499353,0.982519,1,2.736228,-18.435500,21.805700,3.172165,0.130000,0.050426
1786996132.559125662,35.549387,0.982510,1,2.732376,-18.435500,21.805700,3.172165,0.130000,0.050426
1786996132.611407757,35.601669,0.982656,1,2.735935,-18.682400,21.697600,3.442507,0.130000,0.057781
1786996132.659187317,35.649448,0.982656,1,2.732267,-18.682400,21.697600,3.442507,0.130000,0.057781
1786996132.711546183,35.701807,0.982256,1,2.735536,-18.918400,21.589100,2.696212,0.130000,0.061643
1786996132.759132385,35.749393,0.982256,1,2.731895,-18.918400,21.589100,2.696212,0.130000,0.061643
1786996132.809147358,35.799408,0.982288,1,2.737059,-19.207700,21.448800,3.779692,0.130000,0.066302
1786996132.859147787,35.849409,0.982478,1,2.740761,-19.447500,21.325700,3.369911,0.130000,0.066302
1786996132.909167528,35.899429,0.982478,1,2.736942,-19.447500,21.325700,3.369911,0.130000,0.069318
1786996132.959529877,35.949791,0.982455,1,2.740784,-19.690200,21.194400,3.295859,0.130000,0.069318
1786996133.009098053,35.999359,0.982455,1,2.737010,-19.690200,21.194400,3.295859,0.130000,0.073474
1786996133.059133053,36.049394,0.982359,1,2.740236,-19.910200,21.068900,2.896974,0.130000,0.073474
1786996133.109263897,36.099525,0.982469,1,2.744164,-20.149400,20.924900,3.523703,0.130000,0.077059
1786996133.159096718,36.149358,0.982469,1,2.740383,-20.149400,20.924900,3.523703,0.130000,0.077059
1786996133.209692001,36.199953,0.982058,1,2.743722,-20.368500,20.785300,2.636118,0.130000,0.081223
1786996133.259177685,36.249439,0.982058,1,2.739984,-20.368500,20.785300,2.636118,0.130000,0.081223
1786996133.309869766,36.300131,0.982308,1,2.745013,-20.634400,20.604700,3.884394,0.130000,0.079206
1786996133.359129429,36.349391,0.982308,1,2.741293,-20.634400,20.604700,3.884394,0.130000,0.079206
1786996133.409106016,36.399367,0.982179,1,2.744933,-20.852600,20.446500,2.988118,0.130000,0.080240
1786996133.459147692,36.449409,0.982509,1,2.749092,-21.081300,20.269900,3.834992,0.130000,0.080240
1786996133.509308815,36.499570,0.982509,1,2.745312,-21.081300,20.269900,3.834992,0.130000,0.081945
1786996133.559299231,36.549560,0.982293,1,2.748309,-21.272100,20.113500,2.744302,0.130000,0.081945
1786996133.609337807,36.599599,0.982293,1,2.752447,-21.490300,19.924000,3.940886,0.130000,0.082834
1786996133.659295321,36.649556,0.982635,1,2.748696,-21.490300,19.924000,3.940886,0.130000,0.082834
1786996133.709768772,36.700030,0.982324,1,2.751548,-21.669500,19.759100,2.612427,0.130000,0.084922
1786996133.759143353,36.749404,0.982324,1,2.747854,-21.669500,19.759100,2.612427,0.130000,0.084922
1786996133.812424421,36.802685,0.982404,1,2.752254,-21.889900,19.543500,3.734816,0.130000,0.079252
1786996133.859147787,36.849409,0.982404,1,2.748764,-21.889900,19.543500,3.734816,0.130000,0.079252
1786996133.909101725,36.899363,0.982509,1,2.752083,-22.069700,19.356000,3.220186,0.130000,0.077908
1786996133.959305286,36.949566,0.982460,1,2.755460,-22.246100,19.161000,3.096708,0.130000,0.077908
1786996134.009239197,36.999500,0.982460,1,2.751741,-22.246100,19.161000,3.096708,0.130000,0.077502
1786996134.059617758,37.049879,0.982351,1,2.755449,-22.425300,18.951100,3.147088,0.130000,0.077502
1786996134.109098673,37.099360,0.982351,1,2.751774,-22.425300,18.951100,3.147088,0.130000,0.077114
1786996134.159477711,37.149739,0.982413,1,2.755559,-22.600300,18.733500,3.358633,0.130000,0.077114
1786996134.209248066,37.199509,0.982413,1,2.759289,-22.766900,18.513500,3.159403,0.130000,0.070042
1786996134.259105444,37.249367,0.982318,1,2.755597,-22.766900,18.513500,3.159403,0.130000,0.070042
1786996134.309251070,37.299512,0.982360,1,2.759289,-22.927100,18.288800,3.247693,0.130000,0.066790
1786996134.359209538,37.349471,0.982360,1,2.755600,-22.927100,18.288800,3.247693,0.130000,0.066790
1786996134.409117222,37.399378,0.982348,1,2.759737,-23.089900,18.046100,3.413796,0.130000,0.064935
1786996134.459140778,37.449402,0.982348,1,2.756051,-23.089900,18.046100,3.413796,0.130000,0.064935
1786996134.509148121,37.499409,0.982314,1,2.759647,-23.235900,17.815700,3.156544,0.130000,0.058210
1786996134.559196711,37.549458,0.982586,1,2.763320,-23.377800,17.579000,3.638815,0.130000,0.058210
1786996134.609149456,37.599411,0.982586,1,2.759648,-23.377800,17.579000,3.638815,0.130000,0.057096
1786996134.659702063,37.649963,0.982376,1,2.762415,-23.498200,17.367200,2.710330,0.130000,0.057096
1786996134.709137678,37.699399,0.982376,1,2.758793,-23.498200,17.367200,2.710330,0.130000,0.055775
1786996134.759126186,37.749387,0.982337,1,2.763053,-23.639900,17.104200,3.490401,0.130000,0.055775
1786996134.809584379,37.799845,0.982364,1,2.766492,-23.762500,16.864200,3.220571,0.130000,0.055371
1786996134.859161377,37.849422,0.982364,1,2.762871,-23.762500,16.864200,3.220571,0.130000,0.055371
1786996134.909108162,37.899369,0.982474,1,2.766514,-23.882900,16.615800,3.364115,0.130000,0.049316
1786996134.959100723,37.949362,0.982474,1,2.762869,-23.882900,16.615800,3.364115,0.130000,0.049316
1786996135.009099722,37.999361,0.982320,1,2.766242,-23.994300,16.373900,2.992408,0.130000,0.049146
1786996135.059115887,38.049377,0.982320,1,2.762606,-23.994300,16.373900,2.992408,0.130000,0.049146
1786996135.113408327,38.103669,0.982021,1,2.766168,-24.108700,16.112100,2.935992,0.130000,0.049226
1786996135.159130335,38.149391,0.982021,1,2.771024,-24.227800,15.824000,3.439517,0.130000,0.049226
1786996135.209150076,38.199411,0.982004,1,2.767395,-24.227800,15.824000,3.439517,0.130000,0.049440
1786996135.262405396,38.252666,0.982150,1,2.771695,-24.341100,15.533500,3.731858,0.130000,0.049440
1786996135.309600830,38.299862,0.982150,1,2.768274,-24.341100,15.533500,3.731858,0.130000,0.044743
1786996135.359422922,38.349684,0.982222,1,2.771372,-24.429900,15.292800,3.018987,0.130000,0.044743
1786996135.409545183,38.399806,0.982222,1,2.774940,-24.520900,15.032200,3.290633,0.130000,0.044672
1786996135.459203720,38.449465,0.982302,1,2.771359,-24.520900,15.032200,3.290633,0.130000,0.044672
1786996135.509127140,38.499388,0.982487,1,2.774852,-24.606300,14.773100,3.468128,0.130000,0.045823
1786996135.559138298,38.549399,0.982487,1,2.771252,-24.606300,14.773100,3.468128,0.130000,0.045823
1786996135.609942675,38.600204,0.982485,1,2.774328,-24.683600,14.525100,3.129914,0.130000,0.041959
1786996135.661410570,38.651672,0.982774,1,2.777445,-24.758000,14.272800,3.627403,0.130000,0.041959
1786996135.709421635,38.699683,0.982774,1,2.773996,-24.758000,14.272800,3.627403,0.130000,0.043402
1786996135.759115458,38.749377,0.982774,1,2.776646,-24.822400,14.041200,2.143757,0.130000,0.043402
1786996135.809375048,38.799636,0.983230,1,2.780077,-24.891400,13.777300,6.646176,0.130000,0.044478
1786996135.859849215,38.850110,0.983230,1,2.776466,-24.891400,13.777300,6.646176,0.130000,0.044478
1786996135.909147501,38.899409,0.983230,1,2.772949,-24.891400,13.777300,6.646176,0.130000,0.046150
1786996135.959521055,38.949782,0.981950,1,2.777700,-24.968300,13.461800,2.679332,0.130000,0.046150
1786996136.009618521,38.999880,0.982161,1,2.780705,-25.024900,13.211500,3.111459,0.130000,0.048214
1786996136.059148550,39.049410,0.982161,1,2.777184,-25.024900,13.211500,3.111459,0.130000,0.048214
1786996136.109673977,39.099935,0.981817,1,2.780490,-25.080200,12.947700,2.809370,0.130000,0.044234
1786996136.159135342,39.149396,0.981817,1,2.776977,-25.080200,12.947700,2.809370,0.130000,0.044234
1786996136.209222555,39.199484,0.982334,1,2.781546,-25.139800,12.635100,4.357736,0.130000,0.047688
1786996136.259335041,39.249596,0.982353,1,2.784032,-25.180200,12.401500,2.905142,0.130000,0.047688
1786996136.309236765,39.299498,0.982353,1,2.780500,-25.180200,12.401500,2.905142,0.130000,0.048563
1786996136.359129190,39.349390,0.982448,1,2.783743,-25.221600,12.138400,3.307387,0.130000,0.048563
1786996136.409130096,39.399391,0.982448,1,2.780210,-25.221600,12.138400,3.307387,0.130000,0.045685
1786996136.459138632,39.449400,0.982306,1,2.783271,-25.258000,11.881200,2.972239,0.130000,0.045685
1786996136.509058714,39.499320,0.982326,1,2.786906,-25.292600,11.600800,3.415525,0.130000,0.047838
1786996136.559314251,39.549575,0.982326,1,2.783363,-25.292600,11.600800,3.415525,0.130000,0.047838
1786996136.609115839,39.599377,0.982470,1,2.786507,-25.320300,11.339200,3.216035,0.130000,0.050345
1786996136.659291506,39.649553,0.982470,1,2.782980,-25.320300,11.339200,3.216035,0.130000,0.050345
1786996136.709182024,39.699443,0.982473,1,2.786354,-25.344500,11.067500,3.295761,0.130000,0.051866
1786996136.759098530,39.749360,0.982605,1,2.789557,-25.363500,10.801800,3.349901,0.130000,0.051866
1786996136.809137106,39.799398,0.982605,1,2.786050,-25.363500,10.801800,3.349901,0.130000,0.052731
1786996136.859102488,39.849364,0.982760,1,2.788992,-25.377300,10.545700,3.386035,0.130000,0.052731
1786996136.909285069,39.899546,0.982775,1,2.791671,-25.386500,10.299000,3.093087,0.130000,0.048850
1786996136.959577560,39.949839,0.982775,1,2.788154,-25.386500,10.299000,3.093087,0.130000,0.048850
1786996137.009239674,39.999501,0.982775,1,2.784694,-25.386500,10.299000,3.093087,0.130000,0.049568
1786996137.059238672,40.049500,0.983340,1,2.794192,-25.391800,9.779500,7.848239,0.130000,0.049568
1786996137.109159231,40.099420,0.983340,1,2.790713,-25.391800,9.779500,7.848239,0.130000,0.049158
1786996137.159326077,40.149587,0.983340,1,2.787224,-25.391800,9.779500,7.848239,0.130000,0.049158
1786996137.209416866,40.199678,0.981721,1,2.791832,-25.386000,9.454800,2.482730,0.130000,0.049201
1786996137.259129763,40.249391,0.981721,1,2.788384,-25.386000,9.454800,2.482730,0.130000,0.049201
1786996137.309113503,40.299375,0.981861,1,2.792420,-25.374300,9.153000,3.468553,0.130000,0.047674
1786996137.359035254,40.349296,0.981861,1,2.795563,-25.359000,8.887200,3.054232,0.130000,0.047674
1786996137.409242630,40.399504,0.981880,1,2.792087,-25.359000,8.887200,3.054232,0.130000,0.046289
1786996137.461427212,40.451688,0.982145,1,2.795471,-25.337600,8.605500,3.658814,0.130000,0.046289
1786996137.509130001,40.499391,0.982145,1,2.792178,-25.337600,8.605500,3.658814,0.130000,0.045065
1786996137.561412573,40.551674,0.982144,1,2.794666,-25.314800,8.359700,2.903640,0.130000,0.045065
1786996137.609249592,40.599511,0.982330,1,2.798171,-25.284600,8.085300,3.556166,0.130000,0.043814
1786996137.659093142,40.649354,0.982330,1,2.794741,-25.284600,8.085300,3.556166,0.130000,0.043814
1786996137.711427689,40.701689,0.981923,1,2.797532,-25.252100,7.827500,2.679035,0.130000,0.042503
1786996137.759258509,40.749520,0.981923,1,2.794246,-25.252100,7.827500,2.679035,0.130000,0.042503
1786996137.809123516,40.799385,0.982346,1,2.798314,-25.208700,7.525400,3.968601,0.130000,0.042128
1786996137.859195948,40.849457,0.982346,1,2.794883,-25.208700,7.525400,3.968601,0.130000,0.042128
1786996137.909154892,40.899416,0.982194,1,2.797664,-25.168700,7.275200,2.834355,0.130000,0.040230
1786996137.960416317,40.950677,0.982475,1,2.801220,-25.118600,6.990600,3.765521,0.130000,0.040230
1786996138.009310246,40.999571,0.982475,1,2.797879,-25.118600,6.990600,3.765521,0.130000,0.038651
1786996138.059348822,41.049610,0.982560,1,2.800560,-25.071400,6.745000,3.089992,0.130000,0.038651
1786996138.109333515,41.099595,0.982560,1,2.803554,-25.018200,6.487400,3.029534,0.130000,0.037920
1786996138.159262657,41.149524,0.982417,1,2.800152,-25.018200,6.487400,3.029534,0.130000,0.037920
1786996138.211416960,41.201678,0.982591,1,2.803387,-24.957800,6.214700,3.549299,0.130000,0.036173
1786996138.259140730,41.249402,0.982591,1,2.800144,-24.957800,6.214700,3.549299,0.130000,0.036173
1786996138.309166431,41.299428,0.966375,0,2.803044,-24.898000,5.961800,3.015262,0.130000,0.034146
1786996138.359142303,41.349403,0.966375,0,2.806330,-24.831000,5.694000,3.355779,0.130000,0.034146
1786996138.409234047,41.399495,0.949711,0,2.802936,-24.831000,5.694000,3.355779,0.084500,0.445628
1786996138.459134579,41.449396,0.932596,0,2.806066,-24.762100,5.433400,3.295680,0.084500,0.445628
1786996138.509195328,41.499456,0.932596,0,2.802681,-24.762100,5.433400,3.295680,0.084500,0.446545
1786996138.562500477,41.552762,0.914720,0,2.805414,-24.691700,5.180000,3.029390,0.084500,0.446545
1786996138.610366344,41.600627,0.914720,0,2.808200,-24.617800,4.941000,3.004959,0.084500,0.447162
1786996138.659112930,41.649374,0.896642,0,2.804914,-24.617800,4.941000,3.004959,0.084500,0.447162
1786996138.709314823,41.699576,0.877739,0,2.805902,-24.543300,4.774800,2.030417,0.084500,0.447304
1786996138.759279966,41.749541,0.877739,0,2.802546,-24.543300,4.774800,2.030417,0.084500,0.447304
1786996138.809125662,41.799387,0.859235,0,2.803615,-24.448200,4.616900,2.271320,0.084500,0.438092
1786996138.859228611,41.849490,0.859235,0,2.800258,-24.448200,4.616900,2.271320,0.084500,0.438092
1786996138.909151554,41.899413,0.000000,0,2.801016,-24.344100,4.480500,1.884522,0.084500,0.429468
1786996138.959372044,41.949633,0.000000,0,2.802194,-24.212700,4.343200,2.593428,0.084500,0.429468
1786996139.009131908,41.999393,0.000000,0,2.798874,-24.212700,4.343200,2.593428,0.084500,0.418121
1786996139.059107780,42.049369,0.000000,0,2.798989,-24.102400,4.249500,1.817001,0.084500,0.418121
1786996139.109371901,42.099633,0.000000,0,2.799675,-23.963300,4.152200,2.198251,0.084500,0.404252
1786996139.159245253,42.149506,0.000000,0,2.796366,-23.963300,4.152200,2.198251,0.084500,0.404252
1786996139.209197998,42.199459,0.000000,0,2.796885,-23.822500,4.072900,1.686933,0.084500,0.390325
1786996139.259144783,42.249406,0.000000,0,2.793580,-23.822500,4.072900,1.686933,0.084500,0.390325
1786996139.309094906,42.299356,0.000000,0,2.794790,-23.647800,3.996300,2.207190,0.084500,0.353896
1786996139.359473228,42.349734,0.000000,0,2.791464,-23.647800,3.996300,2.207190,0.084500,0.353896
1786996139.409231663,42.399493,0.000000,0,2.792547,-23.471900,3.939800,2.175558,0.084500,0.331104
1786996139.462431192,42.452692,0.000000,0,2.793166,-23.301200,3.902000,2.338717,0.084500,0.331104
1786996139.509164572,42.499426,0.000000,0,2.790094,-23.301200,3.902000,2.338717,0.084500,0.308318
1786996139.561396599,42.551658,0.000000,0,2.790437,-23.142400,3.880200,1.825886,0.084500,0.308318
1786996139.609129429,42.599391,0.000000,0,2.787310,-23.142400,3.880200,1.825886,0.084500,0.286699
1786996139.659135580,42.649397,0.000000,0,2.788246,-22.963400,3.870000,1.882273,0.084500,0.286699
1786996139.709151745,42.699413,0.000000,0,2.784980,-22.963400,3.870000,1.882273,0.084500,0.264746
1786996139.759513855,42.749775,0.000000,0,2.786385,-22.763100,3.875300,2.083206,0.084500,0.264746
1786996139.812527180,42.802788,0.000000,0,2.787573,-22.565700,3.896600,2.367206,0.084500,0.240339
1786996139.859118462,42.849380,0.000000,0,2.784542,-22.565700,3.896600,2.367206,0.084500,0.240339
1786996139.909150600,42.899412,0.000000,0,2.785343,-22.394800,3.927400,1.652493,0.084500,0.214943
1786996139.959192991,42.949454,0.000000,0,2.782097,-22.394800,3.927400,1.652493,0.084500,0.214943
