s_m,confidence,speed_mps,curvature_1pm,horizon_score,selected_roc
0.125,0.0,0.6433815764375341,2.0,0.016336288455703302,0
0.375,0.877654492855072,2.8924602790797485,0.6490260379049183,0.13684649081222794,0
0.625,0.9039397835731506,3.0679637532172017,0.2684570590436829,0.3533382910627348,0
0.875,0.929717481136322,3.1903503634240513,0.15399368863302249,0.485638990748274,0
1.125,0.9556822776794434,3.1903503634240513,0.10358594757496602,0.5680269601513361,0
1.375,0.9683222472667694,3.2008160709593896,0.07562206607279502,0.617198560611515,0
1.625,0.9809622168540955,3.211281778494728,0.05866118111287636,0.651907422795984,0
1.875,0.9815433025360107,3.211281778494728,0.04696202752365838,0.6725058315440666,0
2.125,0.9817283153533936,3.2534306063041702,0.03798079244438328,0.6854604141619806,0
2.375,0.9818606376647949,3.2534306063041702,0.03126875091780884,0.7018388365725685,0
2.625,0.9819747805595398,3.2534306063041702,0.026887271302926462,0.7091991841200321,0
2.875,0.9820330739021301,3.2722783701881846,0.02405677261608982,0.712389899538544,0
3.125,0.982088565826416,3.2722783701881846,0.022198469216800243,0.7191936514829017,0
3.375,0.9821898341178894,3.2722783701881846,0.02108439215516615,0.7195965847564818,0
3.625,0.9822024703025818,3.2722783701881846,0.020886387262171624,0.7195965847564818,0
3.875,0.9822024703025818,3.2722783701881846,0.020886387262171624,0.7200757798916465,0
4.125,0.9823120832443237,3.2722783701881846,0.020886387262171624,0.7200757798916465,0
4.375,0.9823120832443237,3.2722783701881846,0.020886387262171624,0.7200757798916465,0
4.625,0.9822024703025818,3.2722783701881846,0.020886387262171624,0.7195965847564818,0
4.875,0.9821898341178894,3.2722783701881846,0.021201907522931357,0.7192165416597321,0
5.125,0.9820734858512878,3.2722783701881846,0.02217931552612751,0.7191379882000775,0
5.375,0.9820734858512878,3.2722783701881846,0.0234523976455173,0.7143370993402384,0
5.625,0.9820734858512878,3.25369140433012,0.025074744848548384,0.7137149895205892,0
5.875,0.9820734858512878,3.25369140433012,0.027164406003118712,0.7086554531764271,0
6.125,0.9821266531944275,3.238199074887674,0.029788475933364866,0.7030984810389244,0
6.375,0.9821266531944275,3.238199074887674,0.033100845974859495,0.6959040993159601,0
6.625,0.9822571873664856,3.238199074887674,0.03732804902368831,0.6893294033261006,0
6.875,0.9822763204574585,3.238199074887674,0.04281266294329436,0.6794386498636387,0
7.125,0.982338160276413,3.238199074887674,0.050090468384830535,0.6631063741160653,0
7.375,0.982345700263977,3.238199074887674,0.060033362299021086,0.6475579994860988,0
7.625,0.9823493957519531,3.238199074887674,0.07412654004370159,0.6227202891295619,0
7.875,0.9823505282402039,3.2339688642424265,0.09503432118387664,0.5844477249076058,0
8.125,0.9824457764625549,3.1771550115501355,0.1283445874234465,0.5341237679924309,0
8.375,0.9824521541595459,3.13725383822633,0.19068687181096472,0.45395814605121326,0
8.625,0.9824703931808472,3.0881100841297044,0.29504979175680257,0.34036865964998636,0
8.875,0.9824592620134354,2.9182490595814383,0.48834749433038843,0.21056665888428863,0
9.125,0.9824592620134354,2.802076096216544,0.9451606021923377,0.16049132390971105,0
9.375,0.9824703931808472,2.6657937779533714,1.963641380593231,0.16049132390971105,0
9.625,0.9824703931808472,2.529511459690199,2.0,0.16049132390971105,0
9.875,0.9824703931808472,2.3932291414270264,1.3137332729375233,0.16049132390971105,0
10.125,0.982513040304184,2.2569468231638536,0.6177081009473212,0.16049132390971105,0
10.375,0.9824592620134354,2.2182875061694998,0.37576771470863446,0.2918563017641724,0
10.625,0.9824054837226868,2.0742967347852868,0.27567742426407205,0.3829486979786991,0
10.875,0.9823744297027588,2.0742967347852868,0.23297251870899438,0.43115098586721257,0
11.125,0.9823481440544128,2.0742967347852868,0.19054394565461408,0.48272335711024345,0
11.375,0.9823469519615173,2.0742967347852868,0.13803888679540366,0.5592542558468853,0
11.625,0.9823304414749146,2.0742967347852868,0.08011018045634868,0.5779329533199842,0
11.875,0.982318103313446,2.093834239605538,0.057662772247132565,0.5779329533199842,0
12.125,0.9822705984115601,2.093834239605538,0.057662772247132565,0.5779329533199842,0
12.375,0.982227623462677,2.093834239605538,0.08431647879913244,0.5779329533199842,0
12.625,0.982227623462677,2.093834239605538,0.12632124890331398,0.5779329533199842,0
12.875,0.982227623462677,2.135321330292852,0.1590897547545572,0.5759175325876422,0
13.125,0.9822255969047546,2.1461637108036293,0.16649999225450074,0.5759175325876422,0
13.375,0.9822255969047546,2.1461637108036293,0.16649999225450074,0.5759175325876422,0
13.625,0.9822255969047546,2.230305725048466,0.14938138543087293,0.5759175325876422,0
13.875,0.9822255969047546,2.230305725048466,0.12442239715204967,0.5759175325876422,0
14.125,0.9822255969047546,2.400937060162221,0.10625060304731522,0.5961263113291034,0
14.375,0.9822255969047546,2.400937060162221,0.09289580137646558,0.6204934008215893,0
14.625,0.9822130799293518,2.4167677079259122,0.08292886663409103,0.6357799792723053,0
14.875,0.9820728898048401,2.4167677079259122,0.07557352764668357,0.651094298546965,0
15.125,0.9820728898048401,2.4167677079259122,0.07041914028753639,0.651094298546965,0
15.375,0.9820094108581543,2.4167677079259122,0.06853718770380013,0.651094298546965,0
15.625,0.9819692075252533,2.4167677079259122,0.06853718770380013,0.651094298546965,0
15.875,0.9819692075252533,2.4167677079259122,0.06988904200465619,0.651094298546965,0
16.125,0.9819375872612,2.31826395345294,0.08643009862277508,0.6331822263689241,0
16.375,0.9819692075252533,2.2275361080874374,0.2950866993005906,0.35920047546598544,0
16.625,0.9819375872612,2.190503951516696,0.9049747884383742,0.3559371213014027,0
16.875,0.9819329380989075,2.1538836110302784,1.9545800549567645,0.3559371213014027,0
17.125,0.9819329380989075,2.1538836110302784,1.7124087036751514,0.3559371213014027,0
17.375,0.9819329380989075,2.1250508470138696,0.6765614562357154,0.3559371213014027,0
17.625,0.9818630814552307,2.085876861755186,0.30243368291148937,0.3559371213014027,0
17.875,0.9818582534790039,2.068768685191036,0.1927208843524574,0.479635546773402,0
18.125,0.9815748929977417,2.068768685191036,0.17694300077476216,0.4925909234193255,0
18.375,0.9815748929977417,2.068768685191036,0.17592672285480582,0.4925909234193255,0
18.625,0.9813174605369568,2.0656966981321414,0.17592672285480582,0.4925909234193255,0
18.875,0.9813174605369568,2.0656966981321414,0.1768681706760423,0.4925909234193255,0
19.125,0.9813800752162933,2.0656966981321414,0.18395459622701985,0.4925909234193255,0
19.375,0.9813800752162933,2.0558577557513713,0.1930550126379077,0.4795606168352948,0
19.625,0.9813800752162933,2.0558577557513713,0.20355925539678638,0.4667951710673559,0
19.875,0.9813800752162933,2.0558577557513713,0.21518403098829184,0.451553551595561,0
20.125,0.9815883040428162,2.0558577557513713,0.2275590318555182,0.43732894255045607,0
20.375,0.9818958938121796,2.0558577557513713,0.24018746467246613,0.42222373054744694,0
20.625,0.9818958938121796,2.0558577557513713,0.25246244263732914,0.40894692888593376,0
20.875,0.9819604754447937,2.0558577557513713,0.26382836341212806,0.40021269359514794,0
21.125,0.9819604754447937,2.2270491250107742,0.2643668334132929,0.40021269359514794,0
21.375,0.9819604754447937,2.2270491250107742,0.2643668334132929,0.40021269359514794,0
21.625,0.9819604754447937,2.2270491250107742,0.2643668334132929,0.40021269359514794,0
21.875,0.981996476650238,2.309600566899777,0.2583795690867687,0.40021269359514794,0
22.125,0.9820250272750854,2.326062744250906,0.23605042763953596,0.42452836461042254,0
22.375,0.9819382429122925,2.326062744250906,0.21378789781249655,0.4506479851558067,0
22.625,0.9818548262119293,2.383704778909873,0.19516693435219462,0.4722410083787263,0
22.875,0.9818548262119293,2.4413468135688396,0.1796634881495064,0.49084052019301383,0
23.125,0.9810814261436462,2.4413468135688396,0.16701020960216534,0.5078477997411475,0
23.375,0.9803513884544373,2.5573907864462075,0.156927819772431,0.5182113831960021,0
23.625,0.9803513884544373,2.63885668881269,0.14884599067633728,0.5274929617034027,0
23.875,0.9803513884544373,2.8832573729226243,0.1425418253539889,0.5292131510702422,0
24.125,0.9803513884544373,3.0230010472434636,0.13784255422083325,0.5311609004047569,0
24.375,0.9803513884544373,3.023173009784256,0.1367464693502214,0.5311609004047569,0
24.625,0.9807007908821106,3.0233449723250487,0.1367464693502214,0.5311609004047569,0
24.875,0.9809449315071106,3.1079946214558327,0.1367464693502214,0.5311609004047569,0
25.125,0.9814093708992004,3.1079946214558327,0.1367464693502214,0.5311609004047569,0
25.375,0.9815703630447388,3.1079946214558327,0.1367464693502214,0.5311438894160427,0
25.625,0.9817541837692261,3.1928968862107263,0.1407876049025776,0.5230971890498479,0
25.875,0.9817541837692261,3.1928968862107263,0.1469834654078094,0.5131651412132083,0
26.125,0.9817541837692261,3.1928968862107263,0.1552774534307863,0.5012345977179868,0
26.375,0.9819906949996948,3.1928968862107263,0.16604726879688372,0.4876123549051779,0
26.625,0.9819906949996948,3.1928968862107263,0.1800332821616546,0.46887792711747656,0
26.875,0.9819906949996948,3.1928968862107263,0.19762330884435686,0.4467522327953631,0
27.125,0.9817252159118652,3.1928968862107263,0.21493493440647832,0.42524328005971274,0
27.375,0.9817252159118652,3.1928968862107263,0.22849928132299313,0.41014780773477794,0
27.625,0.9815962016582489,3.1928968862107263,0.23990509298529644,0.39808895606490946,0
27.875,0.9815962016582489,3.1928968862107263,0.24938430815294996,0.3889603017488214,0
28.125,0.9815962016582489,3.1928968862107263,0.25412852053844404,0.3889603017488214,0
28.375,0.9816108345985413,3.1928968862107263,0.25412852053844404,0.3889603017488214,0
28.625,0.9816108345985413,3.149966388716857,0.25412852053844404,0.3889603017488214,0
28.875,0.9818036556243896,3.107035891222988,0.2538702031926587,0.3889603017488214,0
29.125,0.9820247888565063,3.0766022908988564,0.24643258621336897,0.3955807527274497,0
29.375,0.9820626974105835,3.0766022908988564,0.23603533624259046,0.4077586068361001,0
29.625,0.9821763038635254,3.0766022908988564,0.2234164837140097,0.42232518339688424,0
29.875,0.9824300408363342,3.0283148706427836,0.2094746298781755,0.4408380928129966,0
30.125,0.982456386089325,3.0283148706427836,0.19481377950849083,0.45733920542822193,0
30.375,0.9825169444084167,3.0283148706427836,0.18003999247105085,0.4758781347123416,0
30.625,0.9825254678726196,3.010975581405132,0.16557540644959803,0.4966389238999234,0
30.875,0.9825807809829712,3.010975581405132,0.1517054668390235,0.5167602430942593,0
31.125,0.9826131463050842,3.010975581405132,0.14206404776700196,0.5279176769908418,0
31.375,0.9826131463050842,3.010975581405132,0.14078321909608604,0.5279176769908418,0
31.625,0.9826131463050842,3.0283148706427836,0.14078321909608604,0.5279176769908418,0
31.875,0.9826131463050842,3.045654159880435,0.14078321909608604,0.5279176769908418,0
32.125,0.9826131463050842,3.045654159880435,0.14120472666160025,0.5279176769908418,0
32.375,0.9826131463050842,3.045654159880435,0.15047034317136804,0.5177704157799404,0
32.625,0.9826131463050842,3.045654159880435,0.15969287451522599,0.5052046035590735,0
32.875,0.9825323224067688,3.045654159880435,0.1687677083927409,0.491561487913864,0
33.125,0.9823477268218994,3.045654159880435,0.17747107592869626,0.4812234741136722,0
33.375,0.982171356678009,3.045654159880435,0.1856516285600234,0.4680738191724609,0
33.625,0.982171356678009,3.045654159880435,0.1930999987998735,0.4599447026441346,0
33.875,0.9821470379829407,3.045654159880435,0.19953760215864447,0.4534675665303143,0
34.125,0.9821287393569946,3.045654159880435,0.20454278174229015,0.4448338235855367,0
34.375,0.9821287393569946,3.045654159880435,0.2067864838043647,0.44467177087070753,0
34.625,0.9820438027381897,3.045654159880435,0.2067864838043647,0.44467177087070753,0
34.875,0.9820438027381897,3.045654159880435,0.2067864838043647,0.44467177087070753,0
35.125,0.9821167588233948,3.172050925639916,0.2067864838043647,0.44467177087070753,0
35.375,0.9821167588233948,3.172050925639916,0.20606680533719918,0.44467177087070753,0
35.625,0.9821167588233948,3.172050925639916,0.20142781235766874,0.4484063744471736,0
35.875,0.9821167588233948,3.172050925639916,0.19552475513427278,0.4534643562338845,0
36.125,0.9821359515190125,3.172050925639916,0.18859899281594758,0.46608978162973275,0
36.375,0.9821449518203735,3.172050925639916,0.1809078012461282,0.47499972142681174,0
36.625,0.9821539521217346,3.172050925639916,0.17270389633659627,0.48684166582677746,0
36.875,0.9822989106178284,3.172050925639916,0.1636664916978673,0.4987261023637369,0
37.125,0.9822989106178284,3.172050925639916,0.15199606726793907,0.5130716792452018,0
37.375,0.9823150634765625,3.172050925639916,0.1369020341062723,0.5355215305034661,0
37.625,0.9823150634765625,3.172050925639916,0.12084775448868385,0.5602792294347599,0
37.875,0.9823150634765625,3.172050925639916,0.10692536241645974,0.5792746807116931,0
38.125,0.9823150634765625,3.172050925639916,0.09548519814488828,0.5988552632932513,0
38.375,0.9823409914970398,3.172050925639916,0.08602481839490622,0.6144411501274354,0
38.625,0.9823409914970398,3.172050925639916,0.07794715036134543,0.6251233208073759,0
38.875,0.9823540449142456,3.172050925639916,0.07099926507804007,0.6400034560998263,0
39.125,0.9823540449142456,3.172050925639916,0.06498623547985538,0.6504328232122395,0
39.375,0.9825103282928467,3.172050925639916,0.05977462024628398,0.6513642497582737,0
39.625,0.9825264513492584,3.2511170552252455,0.055393738746610084,0.6544207419040169,0
39.875,0.9825425744056702,3.2511170552252455,0.05150978898402467,0.6596186818856771,0
40.125,0.9825736880302429,3.2511170552252455,0.0480603636379697,0.666102714585284,0
40.375,0.9825736880302429,3.2511170552252455,0.04499260856817424,0.6712847615008134,0
40.625,0.9825736880302429,3.2511170552252455,0.04234059874966979,0.6721771624823885,0
40.875,0.9825736880302429,3.2511170552252455,0.03999349375570893,0.6777640507720438,0
41.125,0.9825736880302429,3.2511170552252455,0.0378836038375049,0.6782468325413626,0
41.375,0.9824742674827576,3.2511170552252455,0.03599091343620774,0.6798593205272138,0
41.625,0.9824742674827576,3.2511170552252455,0.034323033389123354,0.6822216196429084,0
41.875,0.9824742674827576,3.2730493613272755,0.03286979662115891,0.6824391097133439,0
42.125,0.9824742674827576,3.2730493613272755,0.031572745561153595,0.6831755812271985,0
42.375,0.9824742674827576,3.2730493613272755,0.03042597768338549,0.6846876418708057,0
42.625,0.9824804067611694,3.2730493613272755,0.02942508396991082,0.6846904833055341,0
42.875,0.9824804067611694,3.2620832082762607,0.02858964362097339,0.6882765161154253,0
43.125,0.9825204014778137,3.2620832082762607,0.028015497215251185,0.6884652013586173,0
43.375,0.9825204014778137,3.2511170552252455,0.02784686892679744,0.6884652013586173,0
43.625,0.9825204014778137,3.2511170552252455,0.02784686892679744,0.6884652013586173,0
43.875,0.9825204014778137,3.250324700187553,0.02784686892679744,0.6884652013586173,0
44.125,0.9824041128158569,3.250324700187553,0.027804019580037195,0.6882765161154253,0
44.375,0.8215435802936554,3.250324700187553,0.027552708457405244,0.6020001913977416,0
44.625,0.807240691781044,3.250324700187553,0.027165382560338874,0.5981280329248035,0
44.875,0.807240691781044,3.250324700187553,0.027159355739840407,0.5981280329248035,0
45.125,0.807240691781044,3.23909626399459,0.02757365249219776,0.5978968723215101,0
45.375,0.807240691781044,3.23909626399459,0.027885949436785885,0.5978753440966248,0
45.625,0.807240691781044,3.094895825266005,0.02915944456712697,0.5954132018071647,0
45.875,0.8922366797924042,3.094895825266005,0.03404674866821666,0.5950505807643937,0
46.125,0.9024445354938507,3.0478296537841083,0.17484310811106468,0.5950505807643937,0
46.375,0.9126523911952973,3.000763482302212,1.056522257572871,0.5970615794720627,0
46.625,0.9228602468967437,2.9536973108203153,2.0,0.5970615794720627,0
46.875,0.9330681025981903,2.906631139338419,0.2927045021219779,0.5970615794720627,0
47.125,0.9432759582996368,2.8595649678565223,0.0770534279993938,0.5970615794720627,0
47.375,0.9807147979736328,2.288465931498643,0.05969863593723302,0.6746393970634623,0
47.625,0.9807147979736328,2.138726563913592,0.031042083003869195,0.728628414492938,0
47.875,0.981817364692688,2.046656394160761,0.03470870038402296,0.728628414492938,0
48.125,0.981817364692688,2.041864565317404,0.03470870038402296,0.728628414492938,0
48.375,0.981817364692688,2.041864565317404,0.03470870038402296,0.728628414492938,0
48.625,0.9816339612007141,2.041864565317404,0.036438058694677686,0.728628414492938,0
48.875,0.9816339612007141,2.041864565317404,0.04460866016122023,0.7065382115099584,0
49.125,0.9816339612007141,2.041864565317404,0.05300541906206799,0.6871618957963583,0
49.375,0.9816339612007141,2.041864565317404,0.06121358827761541,0.6716806886462855,0
49.625,0.981817364692688,2.0827413405524595,0.06956834032967056,0.6521548921464536,0
49.875,0.9820532202720642,2.0827413405524595,0.07843313273048694,0.6355857408768242,0
50.125,0.9822566509246826,2.123618115787515,0.08806346204659887,0.6141240477950469,0
50.375,0.9822566509246826,2.136780567203192,0.09869855905370614,0.5980279933354238,0
50.625,0.9822566509246826,2.136780567203192,0.11061154993002602,0.5792698570114161,0
50.875,0.9822566509246826,2.136780567203192,0.12410254770964585,0.5518967721807152,0
51.125,0.9822566509246826,2.136780567203192,0.13983528192372097,0.5320096971555749,0
51.375,0.9820547103881836,2.168144808261185,0.15796554010663766,0.4930021137920912,0
51.625,0.9819495677947998,2.168144808261185,0.178895639054843,0.4786374157236032,0
51.875,0.9818930625915527,2.209885558784056,0.20302926440407815,0.4476667678214611,0
52.125,0.9817443490028381,2.209885558784056,0.22042565001572,0.43085304493825055,0
52.375,0.9817117750644684,2.209885558784056,0.22042565001572,0.43085304493825055,0
52.625,0.9817117750644684,2.209885558784056,0.22042565001572,0.43085304493825055,0
52.875,0.981530487537384,2.251693244333445,0.22042565001572,0.43085304493825055,0
53.125,0.981530487537384,2.293500929882834,0.21447315497862635,0.43085304493825055,0
53.375,0.981530487537384,2.3294345180748675,0.1960036959349658,0.4518685989036215,0
53.625,0.9808790683746338,2.3294345180748675,0.17661615200115136,0.4804414366369744,0
53.875,0.9808790683746338,2.756413371392553,0.15660668297179312,0.49676368862733117,0
54.125,0.9808790683746338,2.8519607273618286,0.13604278107587342,0.5214516112656931,0
54.375,0.9808790683746338,2.947508083331104,0.11448125262500797,0.5528456754874189,0
54.625,0.9810194969177246,2.947508083331104,0.09148655939180823,0.5860394896417586,0
54.875,0.9810194969177246,2.947508083331104,0.07472007447158902,0.5860394896417586,0
55.125,0.9813581109046936,2.947508083331104,0.07472007447158902,0.5860394896417586,0
55.375,0.9814057946205139,2.947508083331104,0.07472007447158902,0.5860394896417586,0
55.625,0.9816123843193054,2.947508083331104,0.08049578293910671,0.5860394896417586,0
55.875,0.9817690849304199,2.947508083331104,0.16785592646328473,0.4771726221503927,0
56.125,0.9819188117980957,2.947508083331104,0.36578382984210706,0.27985485689515244,0
56.375,0.9819188117980957,2.8881112476991877,0.8401636699440679,0.1976480482790063,0
56.625,0.9821740388870239,2.85841282988323,1.6289691268408717,0.1976480482790063,0
56.875,0.9821740388870239,2.828714412067272,1.6289691268408717,0.1976480482790063,0
57.125,0.9821829398473104,2.769317576435356,1.1117320739098477,0.1976480482790063,0
57.375,0.9821740388870239,2.769317576435356,0.5126231702028902,0.1976480482790063,0
57.625,0.9821740388870239,2.4187822060516098,0.2120184142781647,0.32888117722502713,0
57.875,0.9821571409702301,2.1184104716764143,0.13501241091983474,0.32888117722502713,0
58.125,0.981891393661499,2.0527186655440586,0.13501241091983474,0.335548122844755,0
58.375,0.8140704706311226,2.0527186655440586,0.21429292404510786,0.3513804657719882,0
58.625,0.7924946457147598,2.0527186655440586,0.260955184119112,0.3561342033128767,0
58.875,0.7777901947498321,2.0527186655440586,0.260955184119112,0.354101624368497,0
59.125,0.7698352456092834,2.0527186655440586,0.24609321218092597,0.3513804657719882,0
59.375,0.7618802964687347,2.0527186655440586,0.2283091419126843,0.3454651081449916,0
59.625,0.7457804590463638,2.1184104716764143,0.21822699757063901,0.335548122844755,0
59.875,0.7271736681461334,2.157050589607367,0.21822699757063901,0.335548122844755,0
60.125,0.7205460384488106,2.34461187687369,0.22426958829887236,0.335548122844755,0
60.375,0.7139184087514877,2.34461187687369,0.26677256388807136,0.3067796544508975,0
60.625,0.6993754744529724,2.34461187687369,0.4331423387297027,0.3067796544508975,0
60.875,0.6993754744529724,2.34461187687369,1.0364897124395402,0.2006669146746109,0
61.125,0.6993754744529724,2.364786816277589,1.8505733079457263,0.14539899334796427,0
61.375,0.6993754744529724,2.364786816277589,0.5769910661238706,0.14539899334796427,0
61.625,0.6993754744529724,2.364786816277589,0.22125878086444573,0.14539899334796427,0
61.875,0.7192214603225391,2.364786816277589,1.9741152563244244,0.14539899334796427,0
62.125,0.7555892586708068,2.364786816277589,1.409014921456868,0.3462505647808116,0
62.375,0.7928358688950538,2.364786816277589,0.11248451563111672,0.5135819724525835,1
62.625,0.9820080399513245,2.364786816277589,0.11248451563111672,0.6001149018475612,1
62.875,0.9823533892631531,2.2609187029424778,0.11248451563111672,0.6028494095089368,1
63.125,0.9823533892631531,2.140229891582738,0.10555775038404892,0.6185089202490491,1
63.375,0.9823533892631531,2.0747241844471587,0.06276345219816905,0.6994831151629021,1
63.625,0.9823533892631531,2.0092184773115798,0.041210602057432766,0.6994831151629021,1
63.875,0.9823533892631531,2.0092184773115798,0.041210602057432766,0.6994831151629021,1
64.125,0.9823213219642639,2.0092184773115798,0.041210602057432766,0.6994831151629021,1
64.375,0.9822876155376434,2.0092184773115798,0.05104057398069416,0.6994831151629021,1
64.625,0.982275664806366,2.0092184773115798,0.06543088042889751,0.6973874106683506,1
64.875,0.982275664806366,2.0092184773115798,0.07899410345647567,0.670107229068033,1
65.125,0.9822317659854889,2.039477632316336,0.09246983762214785,0.6452447485349248,1
65.375,0.9821760654449463,2.140229891582738,0.10646517319567039,0.617680610763742,1
65.625,0.9822317659854889,2.17233306736426,0.12139568578431974,0.5926356564842788,1
65.875,0.9822317659854889,2.17233306736426,0.13765996850549075,0.5661829858337003,1
66.125,0.982275664806366,2.2051181595630314,0.15569028907692836,0.5393799712052038,1
66.375,0.982290506362915,2.294370917474084,0.17560449550990453,0.5077637682093449,1
66.625,0.9822968244552612,2.294370917474084,0.19795653574394403,0.4784455789455178,1
66.875,0.9824339151382446,2.294370917474084,0.21674260431796633,0.4577511026460961,1
67.125,0.9824392795562744,2.5049330093338993,0.21674260431796633,0.4577511026460961,1
67.375,0.9825068712234497,2.6458005444384876,0.21674260431796633,0.4577511026460961,1
67.625,0.9825448989868164,2.6458005444384876,0.21674260431796633,0.4577511026460961,1
67.875,0.9825068712234497,3.0950058846724104,0.20166926460814116,0.4577511026460961,1
68.125,0.9825068712234497,3.0950058846724104,0.18707684909221642,0.47340984268659225,1
68.375,0.9824392795562744,3.148814676398837,0.1739491710057262,0.48792268999101435,1
68.625,0.9824339151382446,3.148814676398837,0.16241914426928283,0.5033517474083876,1
68.875,0.9824139475822449,3.1842116487832937,0.15245185931943248,0.5164552202332123,1
69.125,0.982403576374054,3.1842116487832937,0.14413554492253663,0.5281266330854893,1
69.375,0.9823519587516785,3.1842116487832937,0.13771500778092505,0.5306784410570518,1
69.625,0.9823326468467712,3.1842116487832937,0.13477546924758954,0.5306784410570518,1
69.875,0.9822805225849152,3.1842581441364577,0.13477546924758954,0.5306784410570518,1
70.125,0.9822805225849152,3.1842581441364577,0.13477546924758954,0.5306784410570518,1
70.375,0.9822136759757996,3.1842581441364577,0.14647030368437852,0.5306784410570518,1
70.625,0.9822136759757996,3.1842581441364577,0.16138854765497257,0.5083898149551107,1
70.875,0.9822136759757996,3.1842581441364577,0.17639827174357128,0.5083898149551107,1
71.125,0.9822136759757996,3.1842581441364577,0.5694096645479073,0.5083898149551107,1
71.375,0.9822136759757996,3.1842581441364577,0.8282873904810941,0.5083898149551107,1
71.625,0.9822706580162048,3.1842581441364577,0.27393084582882443,0.5083898149551107,1
71.875,0.982308566570282,3.1842581441364577,0.09770124870058582,0.6054367545382989,1
72.125,0.9823198318481445,3.1842581441364577,0.04108126156418716,0.706620196075039,1
72.375,0.9824211001396179,3.1842581441364577,0.02735590317416836,0.7192497364277554,1
72.625,0.9824580550193787,3.1842581441364577,0.02735590317416836,0.7192497364277554,1
72.875,0.9826056361198425,3.1842581441364577,0.02735590317416836,0.7192497364277554,1
73.125,0.9826140403747559,3.1842581441364577,0.030141102686909626,0.7192497364277554,1
73.375,0.982876181602478,3.1842581441364577,0.034812119559368374,0.7192497364277554,1
73.625,0.9829091429710388,3.1842581441364577,0.03858517023865612,0.7118790670561331,1
73.875,0.9829091429710388,3.1842581441364577,0.04182068869103839,0.7054858032649695,1
74.125,0.9829091429710388,3.1842581441364577,0.04475255231715543,0.6998704961108073,1
74.375,0.9829091429710388,3.1842581441364577,0.04753082077647342,0.694815743238146,1
74.625,0.982876181602478,3.174786399988737,0.050256655243105366,0.68975958168024,1
74.875,0.9827399253845215,3.1274136749329813,0.05300545849340713,0.6864630373295807,1
75.125,0.9825818538665771,3.1274136749329813,0.05582808935710775,0.6812786570883085,1
75.375,0.9825704395771027,3.174786399988737,0.05876369362583665,0.6737491451509469,1
75.625,0.9825590252876282,3.174786399988737,0.06184547761577748,0.6681007463909121,1
75.875,0.9824730753898621,3.174786399988737,0.06510297807303207,0.6618842888049793,1
76.125,0.9824305772781372,3.174786399988737,0.06856354052015538,0.6559253094476822,1
76.375,0.9824276566505432,3.174786399988737,0.07225327063319296,0.6489771472548607,1
76.625,0.9824199676513672,3.174786399988737,0.07619761162651162,0.6416770670014486,1
76.875,0.9823980927467346,3.174786399988737,0.0804216303546089,0.6339839190703549,1
77.125,0.9823559522628784,3.174786399988737,0.08495004760273776,0.6258748818056937,1
77.375,0.9823559522628784,3.174786399988737,0.08980701339264947,0.6177172793881079,1
77.625,0.9823559522628784,3.1846842401903244,0.09502748919232196,0.60868341780908,1
77.875,0.982329249382019,3.194582080391912,0.09518560636059714,0.6078083183531411,1
78.125,0.9822485446929932,3.194582080391912,0.09518560636059714,0.6076663488745768,1
78.375,0.9822485446929932,3.194582080391912,0.09518560636059714,0.6076663488745768,1
78.625,0.9822485446929932,3.194582080391912,0.09518560636059714,0.6076663488745768,1
78.875,0.9822713732719421,3.194582080391912,0.09518560636059714,0.6076663488745768,1
79.125,0.982329249382019,3.3676386544980534,0.09351759888275676,0.6078083183531411,1
79.375,0.9823306798934937,3.3676386544980534,0.09116893796712068,0.6083336979380384,1
79.625,0.9823306798934937,3.3676386544980534,0.08888976020653004,0.611795293022122,1
79.875,0.9823453426361084,3.3676386544980534,0.08677611628302158,0.6151615701869633,1
80.125,0.9824609160423279,3.3676386544980534,0.08483355726237808,0.6190601290523251,1
80.375,0.9824609160423279,3.3688724541237605,0.08306741227784603,0.6216657012157789,1
80.625,0.9824609160423279,3.370106253749468,0.0814831894332183,0.6242212635799483,1
80.875,0.9824609160423279,3.370106253749468,0.08008698473146009,0.6266685894524358,1
81.125,0.9823477268218994,3.370106253749468,0.07888591320500898,0.6287776587843601,1
81.375,0.9823477268218994,3.370106253749468,0.07788858043641093,0.628805435211814,1
81.625,0.9823477268218994,3.370106253749468,0.07736635265636183,0.6291314149954431,1
81.875,0.9822618365287781,3.370106253749468,0.07732320039928009,0.6291314149954431,1
82.125,0.9822548031806946,3.4285634006908277,0.07732320039928009,0.6291314149954431,1
82.375,0.9822120070457458,3.4285634006908277,0.07732320039928009,0.6291314149954431,1
82.625,0.9822120070457458,3.4285634006908277,0.07732320039928009,0.6289384413753647,1
82.875,0.9821340441703796,3.4285634006908277,0.07732320039928009,0.628805435211814,1
83.125,0.9821340441703796,3.4285634006908277,0.07795345560701271,0.6278680527091214,1
83.375,0.9821340441703796,3.4285634006908277,0.07931757823780224,0.6258254053133534,1
83.625,0.9821340441703796,3.4285634006908277,0.08117500688080853,0.6223697060440382,1
83.875,0.9820324182510376,3.3903412673577833,0.0836160587543856,0.6196258252967703,1
84.125,0.9818012118339539,3.3903412673577833,0.08676150197316851,0.6140903451781404,1
84.375,0.9818012118339539,3.2947523603785154,0.09095363705016052,0.6109372384810319,1
84.625,0.9818012118339539,3.2947523603785154,0.097170031577358,0.6009639023486887,1
84.875,0.9818012118339539,3.2947523603785154,0.10624363305439778,0.5859297976541099,1
85.125,0.9818012118339539,3.2947523603785154,0.11663529051476568,0.5697338399679871,1
85.375,0.9818088412284851,3.2947523603785154,0.12701106451723115,0.5546742752716088,1
85.625,0.9818415641784668,3.2947523603785154,0.13677588202954477,0.5400662829681,1
85.875,0.9818415641784668,3.2947523603785154,0.1454796007901319,0.5274793363223906,1
86.125,0.9820044636726379,3.2947523603785154,0.1522358492333024,0.5202112969155409,1
86.375,0.9821186363697052,3.2947523603785154,0.15357003268727532,0.5202112969155409,1
86.625,0.9821186363697052,3.2947523603785154,0.15357003268727532,0.5202112969155409,1
86.875,0.9821802377700806,3.2285720367227646,0.15357003268727532,0.5202112969155409,1
87.125,0.9821186363697052,3.2285720367227646,0.15357003268727532,0.5202112969155409,1
87.375,0.9821186363697052,3.2285720367227646,0.14836762491409855,0.5270505154967706,1
87.625,0.9813253283500671,3.2285720367227646,0.13988985264906192,0.539082223890184,1
87.875,0.9812723398208618,3.2947523603785154,0.13002751673907528,0.5515256278217349,1
88.125,0.9813253283500671,3.2947523603785154,0.1192415134543795,0.568255881789623,1
88.375,0.9813253283500671,3.2947523603785154,0.10810004662465977,0.585078568463095,1
88.625,0.9812723398208618,3.2947523603785154,0.09705843083313762,0.6033163200785556,1
88.875,0.9813253283500671,3.2947523603785154,0.08641249791790274,0.6215458362513022,1
89.125,0.9813253283500671,3.2947523603785154,0.0764717915962702,0.6387492983439409,1
89.375,0.9816945791244507,3.264257099146363,0.06759077171123501,0.6553373691451505,1
89.625,0.981759786605835,3.264257099146363,0.06322065784304431,0.6629101143877376,1
89.875,0.9817607402801514,3.264257099146363,0.06322065784304431,0.6629101143877376,1
90.125,0.9819023609161377,3.264257099146363,0.06322065784304431,0.6629101143877376,1
90.375,0.9819849729537964,3.264257099146363,0.06322065784304431,0.6629101143877376,1
90.625,0.9820868968963623,3.264257099146363,0.06322065784304431,0.6629101143877376,1
90.875,0.9821181297302246,3.264257099146363,0.06470846449422643,0.660931761541802,1
91.125,0.9821181297302246,3.264257099146363,0.0667203710586711,0.6569096600017612,1
91.375,0.9822073876857758,3.264257099146363,0.06875726876614624,0.6535266735110522,1
91.625,0.9823194146156311,3.264257099146363,0.0708251999119718,0.6500069570061603,1
91.875,0.9823278784751892,3.264257099146363,0.07292734302743396,0.6453876144151317,1
92.125,0.9823437333106995,3.264257099146363,0.07506455721707048,0.6415306542607554,1
92.375,0.9823437333106995,3.264257099146363,0.07723574587312279,0.6382294627547566,1
92.625,0.9823437333106995,3.264257099146363,0.0794381059710298,0.6332883802280973,1
92.875,0.982426106929779,3.264257099146363,0.08166730716525852,0.6290401972014138,1
93.125,0.9824552536010742,3.264257099146363,0.08391763055527802,0.6251391213333317,1
93.375,0.9824552536010742,3.264257099146363,0.08618211981811902,0.6188660633406118,1
93.625,0.9824552536010742,3.225298921369568,0.08845089982067184,0.6158947995370456,1
93.875,0.9824552536010742,3.264257099146363,0.09071090534378289,0.6097688567227884,1
94.125,0.98240727186203,3.296919448059978,0.0929500664313694,0.6018757201845166,1
94.375,0.9823592901229858,3.296919448059978,0.09515537482892676,0.5965564603462739,1
94.625,0.9823592901229858,3.296919448059978,0.09731308461312017,0.5927360581457807,1
94.875,0.98240727186203,3.296919448059978,0.09940892804940107,0.586297357113134,1
95.125,0.9823592901229858,3.296919448059978,0.10142130154335818,0.5825321854677966,1
95.375,0.9823592901229858,3.296919448059978,0.10331522848531867,0.5777050414020793,1
95.625,0.9823238253593445,3.296919448059978,0.10508858312563814,0.5695679417932429,1
95.875,0.9823238253593445,3.296919448059978,0.10593542321979443,0.5647332824247601,1
96.125,0.9823238253593445,3.296919448059978,0.10593542321979443,0.5626864647162246,1
96.375,0.982403576374054,3.296919448059978,0.10593542321979443,0.5577183095581404,1
96.625,0.9824562072753906,3.296919448059978,0.10593542321979443,0.5523433987783778,1
96.875,0.9824562072753906,3.296919448059978,0.10593542321979443,0.5500887212656268,1
97.125,0.9824128150939941,3.296919448059978,0.10593542321979443,0.5404812341406409,1
97.375,0.9824128150939941,3.296919448059978,0.10553903854109643,0.5404812341406409,1
97.625,0.982403576374054,3.241363449569372,0.10372981018999948,0.5404812341406409,1
97.875,0.982403576374054,3.219643538385112,0.0995647824713008,0.5404812341406409,1
98.125,0.9823601245880127,3.219643538385112,0.0954543551502385,0.5404812341406409,1
98.375,0.9823601245880127,3.219643538385112,0.09163080656469448,0.5409924187077751,1
98.625,0.9823601245880127,3.219643538385112,0.0881090321667211,0.5445217551876923,1
98.875,0.9823564887046814,3.219643538385112,0.08494118312114197,0.5445217551876923,1
99.125,0.9823564887046814,3.219643538385112,0.08200219777714443,0.5445217551876923,1
99.375,0.9823564887046814,3.219643538385112,0.07927988203238118,0.5445217551876923,1
99.625,0.9823601245880127,3.219643538385112,0.07682325710192883,0.5445217551876923,1
99.875,0.9823564887046814,3.219643538385112,0.07460759658047611,0.5085698800974109,1
100.125,0.9823564887046814,3.219643538385112,0.07256365160037934,0.5085698800974109,1
100.375,0.9823564887046814,3.219643538385112,0.07068581769879692,0.5085698800974109,1
100.625,0.9823371767997742,3.219643538385112,0.06906299385456702,0.5085698800974109,1
100.875,0.9823204278945923,3.219643538385112,0.06757910908959985,0.5085698800974109,1
101.125,0.982262134552002,3.219643538385112,0.06622977060037404,0.5092915892855243,1
101.375,0.982262134552002,3.219643538385112,0.06507066769539718,0.5108169093178674,1
101.625,0.982262134552002,3.219643538385112,0.06406171152636143,0.5114861060061461,1
101.875,0.982262134552002,3.241363449569372,0.06316781953321307,0.5119644285606804,1
102.125,0.982262134552002,3.241363449569372,0.062419105233836696,0.5121082814079247,1
102.375,0.982262134552002,3.241363449569372,0.06183718784713915,0.5121082814079247,1
102.625,0.9823021292686462,3.241363449569372,0.06149928924241799,0.5121082814079247,1
102.875,0.9823021292686462,3.241363449569372,0.06149928924241799,0.5121082814079247,1
103.125,0.9823021292686462,3.219525308117569,0.06149928924241799,0.512272906125496,1
103.375,0.9823021292686462,3.219525308117569,0.06149928924241799,0.5121082814079247,1
103.625,0.9823337197303772,3.219525308117569,0.06149928924241799,0.5121082814079247,1
103.875,0.9823337197303772,3.1144302549378082,0.06149928924241799,0.5119644285606804,1
104.125,0.9823337197303772,3.1144302549378082,0.06149928924241799,0.5113242927125214,1
104.375,0.9823337197303772,3.1144302549378082,0.061585814192052966,0.5105351916229792,1
104.625,0.9823337197303772,3.0184871492448275,0.06216476018482903,0.5102974470304378,1
104.875,0.9823257327079773,3.0184871492448275,0.06289461888572148,0.510242762995961,1
105.125,0.9823337197303772,3.0184871492448275,0.06374938414520126,0.5097295100757427,1
105.375,0.9823529124259949,3.0184871492448275,0.06476646582049989,0.5059530095301771,1
105.625,0.9823768436908722,3.0184871492448275,0.0656243103696618,0.5041376417542375,1
105.875,0.9824476838111877,3.0184871492448275,0.0660822371056824,0.5029814179752604,1
106.125,0.9824699759483337,3.0184871492448275,0.0660822371056824,0.5012610939028023,1
106.375,0.9824699759483337,3.097389032333593,0.0660822371056824,0.49938190166330715,1
106.625,0.9824730157852173,3.097389032333593,0.0660822371056824,0.4970721761426276,1
106.875,0.9824730157852173,3.097389032333593,0.0660822371056824,0.49684805136491544,1
107.125,0.9824730157852173,3.097389032333593,0.0660822371056824,0.4961868760892512,1
107.375,0.9824730157852173,3.097389032333593,0.0660822371056824,0.4961868760892512,1
107.625,0.9818803668022156,3.097389032333593,0.06523321133977641,0.4958814629786548,1
107.875,0.9818803668022156,3.097389032333593,0.06378444195253591,0.495746321584762,1
108.125,0.9818803668022156,3.097389032333593,0.06237963265970549,0.49452318436398407,1
108.375,0.9818803668022156,3.1144302549378082,0.061033098563816245,0.4945156585533576,1
108.625,0.9819231629371643,3.2015951973588948,0.05973181351677374,0.4945156585533576,1
108.875,0.9819231629371643,3.3058013623841966,0.058477732450400284,0.4939016151204574,1
109.125,0.982144296169281,3.3058013623841966,0.05727285801556602,0.4939016151204574,1
109.375,0.9821454882621765,3.3058013623841966,0.05612523137159442,0.4916971605289546,1
109.625,0.9821938872337341,3.3058013623841966,0.055037656901807966,0.4907365559509145,1
109.875,0.9823296666145325,3.3058013623841966,0.054002596050450075,0.4907365559509145,1
110.125,0.9823462963104248,3.097389032333593,0.05302101555557977,0.4916971605289546,1
110.375,0.9823462963104248,3.350001163090405,0.05209335683779954,0.4916971605289546,1
110.625,0.9823462963104248,3.2955075266211984,0.05121912069189751,0.49038588390869436,1
110.875,0.9823462963104248,3.097389032333593,0.050396113845026354,0.48977812936123866,1
111.125,0.9821938872337341,3.096376544752273,0.04961903282924384,0.48902364574815554,1
111.375,0.8214191496372223,3.096376544752273,0.04887673914474796,0.4142261346902478,0
111.625,0.8072542190551758,3.096376544752273,0.04814689885167578,0.40657171813046383,0
111.875,0.7927068769931793,3.096376544752273,0.047385167450149285,0.3998031838287753,0
112.125,0.7775116950273514,3.096376544752273,0.04650269808677706,0.3897097288034255,0
112.375,0.7621459275484085,3.096376544752273,0.04531762891692967,0.3809490835420347,0
112.625,0.7460781097412109,3.096376544752273,0.04344576215602722,0.37501717213724395,0
112.875,0.36517499685287474,3.0594301897284204,0.03938407897763758,0.18621766510164686,0
113.125,0.0,3.018627557498777,0.029780387131730094,0.0,0
113.375,0.0,3.018627557498777,0.005096860791489504,0.0,0
113.625,0.0,2.5902083797850572,3.5697667044587433e-11,0.0,0
113.875,0.0,2.464962706571026,1.573128857563444e-12,0.0,0
114.125,0.0,2.399906237637687,2.0356615133960582e-12,0.0,0
114.375,0.0,2.334849768704348,2.0,0.0,0
114.625,0.0,2.269793299771009,2.0,0.0,0
114.875,0.0,2.2192259570202255,2.0,0.0,0
115.125,0.0,2.2047368308376702,2.0,0.0,0
115.375,0.0,2.139680361904331,2.0,0.0,0
115.625,0.0,2.074623892970992,2.0,0.0,0
115.875,0.0,2.009567424037653,2.0,0.0,0
116.125,0.0,1.944510955104314,2.0,0.0,0
116.375,0.0,1.879454486170975,2.0,0.0,0
116.625,0.0,1.814398017237636,2.0,0.0,0
116.875,0.0,1.7493415483042971,2.0,0.0,0
117.125,0.0,1.684285079370958,2.0,0.0,0
117.375,0.0,1.619228610437619,2.0,0.0,0
117.625,0.0,1.5541721415042802,2.0,0.0,0
117.875,0.0,1.4891156725709411,2.0,0.0,0
118.125,0.0,1.424059203637602,2.0,0.0,0
118.375,0.0,1.359002734704263,2.0,0.0,0
118.625,0.0,1.293946265770924,2.0,0.0,0
118.875,0.0,1.2288897968375851,2.0,0.0,0
119.125,0.0,1.163833327904246,2.0,0.0,0
119.375,0.0,1.098776858970907,2.0,0.0,0
119.625,0.0,1.0337203900375682,2.0,0.0,0
119.875,0.0,0.9686639211042292,2.0,0.0,0
120.125,0.0,0.9036074521708901,2.0,0.0,0
120.375,0.0,0.8385509832375511,2.0,0.0,0
120.625,0.0,0.773494514304212,2.0,0.0,0
120.875,0.0,0.7084380453708732,2.0,0.0,0
