stamp_sec,ego_x_m,ego_y_m,ego_yaw_rad,ego_speed_mps,opponent_x_m,opponent_y_m,tracking_confidence,ego_s_m
1786996098.5347617,-18.6428,6.4244,0.68279801743514,2.8924602790797485,-16.709405068517594,8.462810957656671,0.853704035282135,0.03615301073848685
1786996098.6820111,-18.3914,6.6301,0.6895663965505456,2.8924602790797485,-16.478980401699545,8.791580007271074,0.877654492855072,0.03174552035231486
1786996098.781814,-18.1695,6.8153,0.704719333013004,2.8924602790797485,-16.32300813298866,9.016500719054,0.9039397835731506,0.33445907252119395
1786996098.8810954,-17.9248,7.0288,0.7346245660612581,3.0679637532172017,-16.166941224061194,9.264061881338263,0.929717481136322,0.6696656263793098
1786996098.9635274,-17.701,7.2363,0.7644850607343032,3.1903503634240513,-16.024819848136257,9.490305779898108,0.9556822776794434,0.9773918358801996
1786996099.0570595,-17.5113,7.4231,0.7954545557212043,3.1903503634240513,-15.870785472233477,9.734946276939,0.9809622168540955,1.2428478676166763
1786996099.1370223,-17.3034,7.642,0.8315830715763334,3.211281778494728,-15.727120106896871,9.961613687876907,0.9815433025360107,1.5433401934182303
1786996099.2237935,-17.1288,7.8387,0.8620623816542353,3.211281778494728,-15.583609158121691,10.204484813393393,0.9817283153533936,1.8053246396738343
1786996099.3065848,-16.95,8.0531,0.8929807752317195,3.2534306063041702,-15.439538976153578,10.438358692623417,0.9819747805595398,2.0832139311274123
1786996099.3997133,-16.7836,8.2651,0.920594037873841,3.2534306063041702,-15.280275879451077,10.688784372885978,0.9818606376647949,2.352036775840702
1786996099.4825191,-16.6094,8.4998,0.9470528328704636,3.2722783701881846,-15.140574052631454,10.92474488080703,0.982088565826416,2.643787026846321
1786996099.5727432,-16.4467,8.7307,0.9693368558947797,3.2534306063041702,-14.986908121740823,11.176075836098752,0.9820330739021301,2.9253659203255613
1786996099.6476524,-16.285,8.9703,0.9858641166288323,3.2722783701881846,-14.850518934227262,11.39755428644338,0.9824216961860657,3.2140164061448857
1786996099.7396078,-16.1516,9.1741,0.9988217421885501,3.2722783701881846,-14.702648432443668,11.652953338584645,0.9822024703025818,3.457194101137734
1786996099.8271284,-15.9914,9.4263,1.0118483134484635,3.2722783701881846,-14.556986217159286,11.89876047536578,0.9821898341178894,3.7555593769304108
1786996099.9057255,-15.8459,9.661,1.0210196954866366,3.2722783701881846,-14.425844485323745,12.127396493030249,0.9824247360229492,4.0312946473610225
1786996099.992407,-15.7024,9.8968,1.0281030061471932,3.2722783701881846,-14.284871742897225,12.377203330011453,0.9823522567749023,4.3069386426872605
1786996100.1136234,-15.5638,10.1281,1.0338578373658045,3.2722783701881846,-14.117541502593173,12.689739287503194,0.9813616871833801,4.57623101111571
1786996100.1466799,-15.428,10.3572,1.038013350120942,3.3404959744246714,-14.059840678687335,12.807185705007221,0.9831393957138062,4.842250918233293
1786996100.2596974,-15.2651,10.6345,1.0419154510961561,3.217056184873941,-13.90456806397817,13.134083112118473,0.982068657875061,5.163593860929763
1786996100.3461378,-15.1229,10.8787,1.0454063417921815,3.238199074887674,-13.800271021531136,13.37462064196317,0.9820734858512878,5.445995377527884
1786996100.4358761,-14.9718,11.1402,1.0481230576759757,3.238199074887674,-13.731126008178606,13.602729645781237,0.9819525480270386,5.747889001394392
1786996100.5168748,-14.8375,11.3739,1.0509412286833708,3.3291975619648335,-13.711306334879682,13.787157033661346,0.9821266531944275,6.017384043538808
1786996100.5976028,-14.7088,11.5997,1.054867274600141,3.25369140433012,-13.70323783192355,13.966979854898728,0.9822571873664856,6.277296302874963
1786996100.6786509,-14.5795,11.8288,1.059955887571144,3.25369140433012,-13.736365543489711,14.132482480629337,0.9823505282402039,6.54042266638394
1786996100.7626302,-14.4532,12.0558,1.0673728633153787,3.238199074887674,-13.783012851908214,14.282185643916769,0.9823493957519531,6.800291894783621
1786996100.8499258,-14.3224,12.2953,1.0757648355290648,3.238199074887674,-13.829665467583885,14.367351029490862,0.9822763204574585,7.073319529307488
1786996100.9243858,-14.1898,12.5447,1.0911600023574326,3.238199074887674,-13.909702685076825,14.400227625238625,0.9825935363769531,7.355955653048553
1786996101.0116887,-14.0778,12.7646,1.111819461563992,3.238199074887674,-14.111520343028344,14.441689398545002,0.9824521541595459,7.602955333526745
1786996101.098784,-13.9739,12.9893,1.2060583106845981,3.2339688642424265,-14.333767586877704,14.484935595235399,0.9823734760284424,7.850730374681752
1786996101.1866667,-13.9179,13.1653,1.3206031159365301,3.217056184873941,-14.525050518389097,14.540892049125704,0.9823028445243835,8.034333229858985
1786996101.2712564,-13.8816,13.3529,1.4306488761699623,3.13725383822633,-14.690490117988166,14.62339888570743,0.982345700263977,8.221756695728693
1786996101.354825,-13.8668,13.5242,1.5300776983429225,3.13725383822633,-14.834685279597421,14.73003584100963,0.9823972582817078,8.38854527882268
1786996101.4359634,-13.8691,13.6961,1.6298313596541687,3.0881100841297044,-14.976837966949141,14.838990100068797,0.9824942946434021,8.554146960200908
1786996101.5202346,-13.8883,13.8647,1.729625305628794,3.0881100841297044,-15.125075156389157,14.947354712763227,0.9824703931808472,8.718044686521862
1786996101.5984921,-13.9253,14.0345,1.8333251785547864,2.9182490595814383,-15.249087491858706,15.051846745453275,0.9826205968856812,8.887464737048347
1786996101.6886942,-13.9776,14.1937,1.9343049550238653,2.802076096216544,-15.40326133054722,15.139603952577465,0.9823921322822571,9.089129821077428
1786996101.761403,-14.0514,14.3578,2.0437349227697013,2.500277651182271,-15.53513468512131,15.203043429924444,0.9827255606651306,10.104087775614262
1786996101.8536642,-14.1313,14.4954,2.1416527091681643,2.2569468231638536,-15.6939929043743,15.252480751078089,0.9824054837226868,10.146567719085313
1786996101.927808,-14.2387,14.6422,2.2538033448182846,2.2569468231638536,-15.833626271327653,15.269568510969139,0.982695996761322,10.212505997897088
1786996102.0220184,-14.3441,14.7586,2.3509133905066384,2.2182875061694998,-15.98946845415956,15.275050614910352,0.982331395149231,10.271522009872422
1786996102.0972078,-14.4845,14.8837,2.467339999271026,2.2182875061694998,-16.12211536949748,15.247573753117987,0.9826182126998901,10.34927871599269
1786996102.1806438,-14.614,14.9762,2.56553432305215,2.11926591245144,-16.2607940113274,15.20508424163709,0.982572615146637,10.434925089331614
1786996102.2702453,-14.7667,15.0631,2.6740468812811833,2.0690209897807468,-16.411094735624385,15.127928308809727,0.9823744297027588,10.524682958789956
1786996102.356494,-14.9337,15.1351,2.7859967261762115,2.0690209897807468,-16.537724453668773,15.039100981063847,0.9823411107063293,10.620823059818953
1786996102.438583,-15.1077,15.1881,2.896894082837183,2.093834239605538,-16.659114813311053,14.929239162954609,0.9824318885803223,10.71687735410762
1786996102.5301619,-15.2826,15.2211,3.0040135798337753,2.0547592299650357,-16.776753184697956,14.80206680430719,0.9822289943695068,10.83231934432542
1786996102.6056776,-15.4517,15.2351,3.1051443780758157,2.093834239605538,-16.862933264090334,14.682399570998811,0.9825393557548523,10.948607723657554
1786996102.6886065,-15.6132,15.2326,-3.08341652772025,2.023398032936917,-16.95566403700362,14.544293062990565,0.9825329184532166,11.064588487347613
1786996102.7710147,-15.7882,15.2127,-2.9820264856604055,2.093834239605538,-17.038465253918865,14.403669929779735,0.9825444221496582,11.178469324884219
1786996102.8681202,-15.9565,15.1766,-2.8865161916227606,1.9745722440604474,-17.138514301992082,14.227437021465356,0.9821518659591675,11.317621291350745
1786996102.951884,-16.1479,15.1143,-2.7755288053427485,2.093834239605538,-17.232877663210754,14.025121618102343,0.9822705984115601,11.474950758516384
1786996103.036348,-16.3036,15.0454,-2.6842193709016677,1.9999422502603714,-17.342915650077018,13.799945750264982,0.9823193550109863,11.6269478338415
1786996103.121919,-16.4634,14.9564,-2.590100276160811,2.093834239605538,-17.49806760450726,13.543323025397136,0.9823168516159058,11.787584949835493
1786996103.2063146,-16.618,14.8504,-2.499978819592212,2.093834239605538,-17.634180403019645,13.289023071445628,0.9823469519615173,11.965156427031841
1786996103.3044853,-16.7444,14.7479,-2.4275421706722664,2.093834239605538,-17.82388646051666,13.013554089503254,0.9819893836975098,12.129370853663817
1786996103.385797,-16.8887,14.6116,-2.3487656211857395,2.093834239605538,-17.996002930269736,12.779142835012836,0.982227623462677,12.339092531824212
1786996103.4757679,-17.0093,14.4807,-2.2882841905317988,2.093834239605538,-18.19236833621475,12.56776908064407,0.9821334481239319,12.536168291683131
1786996103.561855,-17.1471,14.3154,-2.234553418428775,2.135321330292852,-18.35595839426239,12.374926212291578,0.9821791052818298,12.792960679383988
1786996103.6472385,-17.3027,14.106,-2.177823540354063,2.1461637108036293,-18.523848230917377,12.219231483574791,0.9822255969047546,13.100414384034023
1786996103.71897,-17.4513,13.8835,-2.1388219929003096,2.1461637108036293,-18.677639989630922,12.127471747483527,0.9822255969047546,13.410189722180165
1786996103.8083773,-17.5821,13.6744,-2.1206979992443524,2.230305725048466,-18.853794959943034,12.011887562317433,0.9824048280715942,13.662797501581924
1786996103.8997743,-17.7299,13.4335,-2.123944107614489,2.230305725048466,-19.037597745760305,11.936693605045352,0.9822130799293518,13.94246594572122
1786996103.9801028,-17.8858,13.1864,-2.150046640335211,2.400937060162221,-19.20750571084833,11.905789367334366,0.9823960661888123,14.203573821918779
1786996104.114051,-18.0352,12.9663,-2.1917424867233803,2.400937060162221,-19.455419589434026,11.844507836047367,0.9810382723808289,14.438582225494654
1786996104.1411188,-18.2102,12.7327,-2.2415484401489327,2.4167677079259122,-19.524588983534226,11.880820289282946,0.9831002950668335,14.694473622335563
1786996104.2623892,-18.3905,12.5185,-2.3241310225714518,2.4167677079259122,-19.771348400153784,11.892392261188753,0.9817923307418823,14.944146545406943
1786996104.3439176,-18.519,12.3886,-2.3764511138822315,2.4167677079259122,-19.9282432883945,11.956121275872176,0.9820047616958618,15.108766256490831
1786996104.4238825,-18.6501,12.2721,-2.4547691056654983,2.4167677079259122,-20.068646440962183,12.033019170845245,0.9820047616958618,15.271051644730479
1786996104.5114946,-18.7782,12.1769,-2.5441535197426317,2.4167677079259122,-20.189748205889014,12.129841386091256,0.9820094108581543,15.421947276594638
1786996104.6008751,-18.9381,12.0812,-2.6516758422220086,2.4167677079259122,-20.273849284349318,12.238611781711526,0.9819069504737854,15.602616283722325
1786996104.719453,-19.1054,12.004,-2.7595156839557053,2.31826395345294,-20.411539377870948,12.420338632504487,0.981067419052124,15.78424167336545
1786996104.75021,-19.2581,11.9517,-2.85464357034092,2.5154041023848777,-20.499239189671673,12.468743779137213,0.9829989075660706,15.945012349886854
1786996104.863486,-19.4599,11.9061,-2.976667198148506,2.31826395345294,-20.660899064625394,12.662756211185544,0.9819375872612,16.150878222443552
1786996104.949678,-19.6348,11.887,-3.080641757983229,2.2275361080874374,-20.79689001416329,12.792565215035095,0.9819884300231934,16.32482511173594
1786996105.0375428,-19.8273,11.8869,3.0903092024123153,2.1911497621144047,-20.932541415771382,12.922692657960017,0.9819499850273132,16.5136296988072
1786996105.1254015,-19.9921,11.9041,2.9939583145629536,2.1898581409189877,-21.05345532167958,13.050029846628787,0.9819499850273132,16.680455338647477
1786996105.2091324,-20.1687,11.9405,2.89083082422036,2.1538836110302784,-21.15526524203375,13.18348521103692,0.9820563793182373,16.879727582354388
1786996105.3343217,-20.3348,11.9926,2.792075716809155,2.096218082997461,-21.26729069367275,13.360924760691919,0.9810050129890442,17.073646918032313
1786996105.3775601,-20.495,12.0609,2.694098621689287,2.1538836110302784,-21.302813468496772,13.424626128222261,0.9826361536979675,17.23108581548
1786996105.4539347,-20.6761,12.162,2.579767409936167,2.1538836110302784,-21.36304221698415,13.569280556986238,0.982745349407196,17.391269499153278
1786996105.593714,-20.8432,12.2815,2.469422788173711,2.096218082997461,-21.435155286016364,13.812758838495213,0.9809808135032654,17.549199235617174
1786996105.6897702,-20.9874,12.41,2.3659395879892218,2.0413192873846104,-21.447078912589166,13.972990016400502,0.9811570644378662,17.6997074067135
1786996105.7790036,-21.1256,12.5623,2.2580810558895092,2.0413192873846104,-21.4455419641414,14.13337505640211,0.981398344039917,17.867397280311632
1786996105.860412,-21.2322,12.7059,2.1687676871977306,2.096218082997461,-21.43617136860525,14.285961668576986,0.9817514419555664,18.023183387762536
1786996105.9448223,-21.3227,12.853,2.0828504564165438,2.075535640512911,-21.42242547167327,14.444414629771877,0.9818909764289856,18.176005957260635
1786996106.029028,-21.4013,13.0093,1.9986735907185031,2.075535640512911,-21.393028719810637,14.602623455664986,0.9820041656494141,18.319973179357312
1786996106.1219034,-21.4675,13.1736,1.9165598838784947,2.0558577557513713,-21.357109654245996,14.77407966159717,0.9818582534790039,18.479115740620376
1786996106.2701058,-21.5236,13.3549,1.8317993586080037,2.0558577557513713,-21.298064890254448,15.002799566103311,0.980277419090271,18.651501513237555
1786996106.321864,-21.5615,13.5239,1.7574163351743914,2.075535640512911,-21.25394298147729,15.103234555720734,0.981991708278656,18.807605368075144
1786996106.4894345,-21.591,13.7308,1.6750992200144237,2.0558577557513713,-21.159357408867848,15.346535676207948,0.9797269701957703,18.980923162486807
1786996106.5838284,-21.6036,13.9394,1.5932517234653834,2.075535640512911,-21.085570498902698,15.493936225067392,0.9804511070251465,19.17083385197054
1786996106.6635942,-21.6005,14.1361,1.5229796150570734,2.075535640512911,-21.01330395916769,15.640035170915072,0.9811656475067139,19.347558585912306
1786996106.7515774,-21.5869,14.3073,1.4651681682630338,2.075535640512911,-20.916962689302967,15.817565343780423,0.9813174605369568,19.498309989439946
1786996106.837525,-21.5621,14.4857,1.4054335922816763,2.0558577557513713,-20.796272062303782,16.014349040632805,0.9813174605369568,19.65642137058786
1786996106.9361324,-21.5269,14.6624,1.3486962396035913,2.0487141344602553,-20.644918743795742,16.223539169921242,0.9812724590301514,19.8136427630974
1786996107.0209165,-21.4752,14.8613,1.2879657458604186,2.0558577557513713,-20.474195861226686,16.433858952232995,0.9815883040428162,19.995132386478275
1786996107.1080065,-21.4208,15.031,1.238149807434521,2.0558577557513713,-20.287400028465203,16.641123620808298,0.981747031211853,20.149016290500096
1786996107.1887836,-21.3551,15.2059,1.1887258133720238,2.0558577557513713,-20.08673511827249,16.843777343966536,0.9820447564125061,20.31110799378096
1786996107.2800052,-21.2881,15.3621,1.1462975688050265,2.0487141344602553,-19.869177780050148,17.03403519622607,0.9819604754447937,20.456636591178803
1786996107.3685946,-21.19,15.5663,1.0875935337711888,2.0487141344602553,-19.633835593851305,17.224459413918424,0.981996476650238,20.65815482222772
1786996107.4572031,-21.0601,15.7982,1.0253049522821025,2.0487141344602553,-19.393903870467387,17.409586480853186,0.9820250272750854,20.887183705179417
1786996107.5383146,-20.9083,16.034,0.9658974792223579,2.2270491250107742,-19.158316087596724,17.571808845870056,0.9822497367858887,21.135884867357788
1786996107.6610644,-20.752,16.2488,0.9107488027111839,2.2270491250107742,-18.849625714034673,17.77168692523981,0.9812501072883606,21.37953724719318
1786996107.6987832,-20.5843,16.4551,0.8594006306086036,2.2270491250107742,-18.721437358161367,17.862353239340358,0.9829457402229309,21.61111137378899
1786996107.8116615,-20.3659,16.6948,0.7997228996862248,2.309600566899777,-18.398261114677684,18.04994742953358,0.9819382429122925,21.918401239642026
1786996107.9304478,-20.1674,16.8908,0.7530270697716561,2.326062744250906,-18.08348707872871,18.21415554958456,0.9810814261436462,22.175181771480336
1786996107.9745014,-19.9627,17.0757,0.7110349215692499,2.326062744250906,-17.93437564451662,18.29508174221517,0.9826282262802124,22.441844960133576
1786996108.0593858,-19.7124,17.2823,0.6647133506262182,2.4413468135688396,-17.652618621884166,18.42622299124401,0.9826282262802124,22.75403695461489
1786996108.3037376,-19.4846,17.4545,0.6244464232055619,2.4413468135688396,-17.113891114112366,18.64265037441429,0.9777946472167969,23.034666354994503
1786996108.3850524,-19.2179,17.6397,0.5860934288210626,2.5573907864462075,-16.94290825269566,18.70844151082398,0.9798907041549683,23.35299475554426
1786996108.5081258,-18.9445,17.8148,0.5494072427706251,2.63885668881269,-16.652181037857037,18.797984157751586,0.9794051647186279,23.6751941444307
1786996108.599505,-18.7045,17.9575,0.5201830974490829,2.8832573729226243,-16.424023332979097,18.85861082661958,0.9800019860267639,23.951663336383746
1786996108.6796339,-18.4491,18.0994,0.49003862002572063,3.0230010472434636,-16.190089533436037,18.908936822333388,0.9807007908821106,24.24290573346499
1786996108.767025,-18.2156,18.2206,0.4640770968238906,3.0233449723250487,-15.930144040246532,18.949945514628038,0.9809449315071106,24.50537866384972
1786996108.8463655,-17.9556,18.3465,0.4345376543094538,3.1079946214558327,-15.673767135404459,18.981213726812104,0.9814093708992004,24.79373233419356
1786996108.9322495,-17.7217,18.4518,0.4079563992687636,3.1079946214558327,-15.39813836614385,18.992956485526022,0.9815703630447388,25.050157779095336
1786996109.0174494,-17.4699,18.5567,0.37737355032916187,3.1079946214558327,-15.12326897303684,18.991207345847045,0.9817541837692261,25.322926156020237
1786996109.099929,-17.2181,18.6525,0.34567122272948414,3.204994555360462,-14.851702116392325,18.971274210914327,0.9819906949996948,25.592362863225972
1786996109.1873486,-16.9571,18.742,0.30977806101221883,3.1928968862107263,-14.570434569208624,18.923256984616582,0.9819906949996948,25.86834372913381
1786996109.2777224,-16.6867,18.8235,0.27117079895924995,3.1928968862107263,-14.2857623261213,18.866031366319874,0.9820022583007812,26.15076322629806
1786996109.359878,-16.3976,18.8972,0.22117128451770368,3.204994555360462,-14.043873846183287,18.79391396092726,0.9822162389755249,26.448991593619976
1786996109.4829874,-16.1369,18.9503,0.1751460590252615,3.1928968862107263,-13.768568670161693,18.687367126523824,0.9812341928482056,26.71493140271218
1786996109.5161822,-15.8452,18.995,0.1226019522788996,3.1928968862107263,-13.694565410725948,18.651990042057346,0.9830588698387146,27.00966310859251
1786996109.6741364,-15.5225,19.0254,0.05671920298954962,3.1928968862107263,-13.352827970458957,18.477330073043845,0.9807308912277222,27.33350563945246
1786996109.7618284,-15.1986,19.034,-0.011291042080143872,3.1928968862107263,-13.160144965941099,18.362795179643555,0.981241762638092,27.65657253330524
1786996109.847323,-14.9201,19.0232,-0.07331757249870695,3.204994555360462,-12.962620995716184,18.234832394131086,0.9814996123313904,27.93369312882326
1786996109.9267302,-14.6746,18.9994,-0.1400492055820998,3.204994555360462,-12.773383380642725,18.097398410193502,0.9818036556243896,28.179196177574518
1786996110.01113,-14.4983,18.9706,-0.1864172326738054,3.1928968862107263,-12.57119409017746,17.94050641032714,0.9818589091300964,28.356529562234254
1786996110.1165519,-14.3273,18.9342,-0.22884343354625242,3.1928968862107263,-12.35294650308676,17.750125182004634,0.9813334941864014,28.52992956539521
1786996110.202713,-14.1243,18.8809,-0.2808634047012765,3.107035891222988,-12.163032661055114,17.56566140691824,0.9816108345985413,28.736602498954635
1786996110.2807095,-13.9316,18.821,-0.335099250267096,3.107035891222988,-11.98288355099078,17.377036608585886,0.9820247888565063,28.93652462008248
1786996110.3671906,-13.7073,18.7365,-0.3940450960872429,3.0766022908988564,-11.799138556877804,17.165248337801042,0.9820626974105835,29.174238467139574
1786996110.4510307,-13.4523,18.622,-0.4572688619564952,3.0766022908988564,-11.626358929312028,16.948212625228464,0.9821763038635254,29.44946482341407
1786996110.527693,-13.2144,18.4971,-0.5172626427855429,3.0766022908988564,-11.470373570718841,16.73941430953505,0.982456386089325,29.713428735304003
1786996110.612144,-12.995,18.3653,-0.5716817497845542,3.010975581405132,-11.31648775555893,16.50896401016575,0.9824300408363342,29.966833132073067
1786996110.6866546,-12.7698,18.2123,-0.6286428807231128,3.010975581405132,-11.18462009071368,16.29354159189562,0.9826933145523071,30.233909340647795
1786996110.7740328,-12.5737,18.0632,-0.6776139445442259,3.010975581405132,-11.04834042215623,16.047426258927516,0.9825169444084167,30.477618562345594
1786996110.8527799,-12.3628,17.8856,-0.7280976506434603,3.010975581405132,-10.931312000268452,15.816012545830704,0.9826446175575256,30.748149797285183
1786996110.938955,-12.1728,17.709,-0.7752099618399091,3.045654159880435,-10.818716465637616,15.566073880775898,0.9825254678726196,31.00503490091226
1786996111.0140169,-11.9799,17.512,-0.8222953163865094,3.045654159880435,-10.729684590404666,15.332072388424013,0.9827526211738586,31.275987590459813
1786996111.099579,-11.8195,17.3333,-0.861531425966324,3.010975581405132,-10.642586972261585,15.07739685396541,0.9826131463050842,31.513911435663097
1786996111.1768813,-11.646,17.1232,-0.9053695819549934,3.010975581405132,-10.574523411389269,14.835095314711591,0.9827491641044617,31.782236786637725
1786996111.2721028,-11.4893,16.9162,-0.9457883939379134,3.010975581405132,-10.509383505237018,14.547686666546653,0.9823477268218994,32.03970487474576
1786996111.3466017,-11.3161,16.6651,-0.9932894506297436,3.045654159880435,-10.465476073075706,14.302242196173811,0.9826554656028748,32.34045113930791
1786996111.4326386,-11.1849,16.4563,-1.0316654153093066,3.045654159880435,-10.432604784940867,14.03101615466038,0.9825323224067688,32.58492308889807
1786996111.5363493,-10.9239,15.9779,-1.1162125727869696,3.045654159880435,-10.392432133965047,13.45444942526443,0.9819667339324951,33.12434287175984
1786996111.5668254,-10.9239,15.9779,-1.1162125727869696,3.045654159880435,-10.408122647920488,13.586051823804024,0.9835881590843201,33.12434287175984
1786996111.689053,-10.7996,15.7101,-1.1610451511230397,3.045654159880435,-10.417061895248487,13.19209207663263,0.9821287393569946,33.41794434766288
1786996111.7797444,-10.6979,15.4642,-1.2017578862187859,3.010975581405132,-10.43934971546711,12.91262874365113,0.9820264577865601,33.68122620328288
1786996111.8621871,-10.5965,15.1835,-1.2528977480968744,3.045654159880435,-10.47802344510083,12.648638833568217,0.9821470379829407,33.97839361411652
1786996111.9452357,-10.5186,14.9293,-1.3002177967477726,3.045654159880435,-10.530052589443493,12.385815701464939,0.9821956753730774,34.2429945000163
1786996112.0351653,-10.4514,14.6653,-1.348656604767371,3.045654159880435,-10.594896417485366,12.110120695130874,0.9820438027381897,34.51280459994052
1786996112.1288624,-10.3933,14.3759,-1.4027567986987062,3.045654159880435,-10.678737884705106,11.829761426711269,0.9818662405014038,34.80655175554515
1786996112.2205338,-10.3493,14.0646,-1.4651164115376374,3.172050925639916,-10.77301329408726,11.55276291340447,0.9818324446678162,35.1176392370097
1786996112.3084176,-10.3258,13.7673,-1.525409672065667,3.172050925639916,-10.87270865983834,11.286270832972132,0.9818324446678162,35.413901848228036
1786996112.391658,-10.3201,13.4918,-1.58149964831249,3.1815771311234884,-10.981931590662263,11.038983668750797,0.9821167588233948,35.687329564962134
1786996112.4780176,-10.3288,13.2326,-1.6342518874614615,3.172050925639916,-11.095990625405369,10.791906319056597,0.9821539521217346,35.944375447796205
1786996112.5660608,-10.352,12.9645,-1.685835734374447,3.172050925639916,-11.22194648047512,10.550337128308659,0.9821539521217346,36.21103503739321
1786996112.6451123,-10.3932,12.6724,-1.7417378254836455,3.172050925639916,-11.344788354988403,10.324254177292763,0.9823741316795349,36.503470243563314
1786996112.7319024,-10.4433,12.4145,-1.789899865976812,3.051861302870697,-11.476965706983547,10.083742059351284,0.9823150634765625,36.76081824370116
1786996112.8065805,-10.5087,12.1466,-1.8359891136664812,3.172050925639916,-11.605225991328123,9.872360221312107,0.9826123118400574,37.03384067235399
1786996112.8997538,-10.5764,11.9129,-1.8739937598674148,3.172050925639916,-11.75299637711067,9.626854313306687,0.9822989106178284,37.27714451772099
1786996112.9782097,-10.671,11.6297,-1.9175416533106353,3.1815771311234884,-11.88720476914272,9.409430001650978,0.9825060367584229,37.57053557923613
1786996113.0732055,-10.7643,11.3839,-1.9531133651262484,3.172050925639916,-12.049699474988897,9.164869552178512,0.9825060367584229,37.833445955895144
1786996113.1545272,-10.8832,11.1029,-1.9937668203466794,3.172050925639916,-12.198669022296434,8.944617606330654,0.9821837544441223,38.1363183257641
1786996113.2451189,-10.9958,10.8617,-2.0247406650127826,3.172050925639916,-12.356817796095363,8.706871131068265,0.9822030067443848,38.40050913030804
1786996113.3313246,-11.1318,10.5921,-2.0543833143054826,3.172050925639916,-12.513420533442096,8.47408816583693,0.9822263717651367,38.70073659864001
1786996113.4137812,-11.2611,10.352,-2.0779167116511896,3.172050925639916,-12.66850191138365,8.25260337552688,0.9823409914970398,38.97198068412844
1786996113.491503,-11.3909,10.1232,-2.0977139183415585,3.324379564373538,-12.815430290148463,8.040091101807883,0.9825425744056702,39.23383399544265
1786996113.575183,-11.5215,9.9023,-2.1141846551593027,3.324379564373538,-12.974751981569591,7.819661137257917,0.9825425744056702,39.48949314776976
1786996113.6554701,-11.6657,9.6669,-2.1277830976503775,3.324379564373538,-13.130750343083431,7.604137068967778,0.9825871586799622,39.76480003324338
1786996113.7382002,-11.7972,9.458,-2.139054340533848,3.051861302870697,-13.289888131997722,7.391115344788507,0.9825736880302429,40.01157711587399
1786996113.819785,-11.9452,9.2288,-2.150624306620352,3.051861302870697,-13.447833961530769,7.178322753329068,0.9826003313064575,40.2838707049691
1786996113.9022145,-12.092,9.0067,-2.160015410467866,3.2511170552252455,-13.608973954357472,6.964959969805684,0.9825972318649292,40.549708386739695
1786996113.984508,-12.2445,8.7804,-2.168907319343679,3.2511170552252455,-13.772507888254387,6.751370139890945,0.98260098695755,40.82231693497166
1786996114.0737581,-12.3934,8.5635,-2.17694918066172,3.2511170552252455,-13.945761544602544,6.5278455021960875,0.98260098695755,41.08521184016101
1786996114.1669765,-12.5608,8.3239,-2.1852208247794693,3.2511170552252455,-14.1283209953239,6.298208029933214,0.9821876883506775,41.37736112808171
1786996114.2464848,-12.7359,8.0777,-2.193524126526494,3.324379564373538,-14.294053486874928,6.091072397484201,0.982412576675415,41.67938239575061
1786996114.3311765,-12.8881,7.8672,-2.2006228157545835,3.2511170552252455,-14.469018964114406,5.877390386868124,0.982406735420227,41.93913945584008
1786996114.4131627,-13.0476,7.6498,-2.208085500613491,3.3011304461085493,-14.639641193574235,5.670477453225342,0.9824742674827576,42.20870689652808
1786996114.496485,-13.2087,7.4337,-2.2153369993028607,3.3011304461085493,-14.81377396671854,5.464239645986327,0.9824804067611694,42.47819238129953
1786996114.569197,-13.3635,7.2291,-2.2220540416597707,3.2730493613272755,-14.952084520309434,5.295975547239773,0.9824804067611694,42.73470603595904
1786996114.6501517,-13.5157,7.0306,-2.228790990615155,3.2730493613272755,-15.09276635715363,5.119096464153904,0.9827443361282349,42.98479438908524
1786996114.7361052,-13.6792,6.8204,-2.2358827726224155,3.2511170552252455,-15.206490000723727,4.94565514282362,0.9825921654701233,43.25105000295321
1786996114.825505,-13.8502,6.6037,-2.2433299529291677,3.250324700187553,-15.282792666286527,4.770106922408501,0.9824041128158569,43.527046069512316
1786996114.9062302,-14.029,6.3807,-2.2511382481807933,3.2511170552252455,-15.343154482169224,4.604438087515832,0.9825204014778137,43.81282657762802
1786996115.6721272,-15.1629,4.701,-1.7643308965164886,3.118459181119177,-14.50112424264547,3.2643673574909338,0.9048908948898315,45.82015992442603
1786996115.769585,-15.1881,4.5064,-1.642825112224686,3.0713324694128326,-14.365545319257606,3.1244846432149296,0.9048908948898315,45.9821812480696
1786996115.840436,-15.1901,4.3225,-1.5293464755987,2.8595649678565223,-14.24251740830295,3.0312783319309755,0.9563235640525818,47.1908420293134
1786996115.9164522,-15.1756,4.1682,-1.434180960086188,2.8595649678565223,-14.112812156345555,2.9469754920689244,0.98189377784729,47.22392994070091
1786996115.98837,-15.1471,4.0179,-1.3407821979034242,2.573293299383008,-13.97927529967471,2.8788745579280217,0.9823994636535645,47.27043008350267
1786996116.0669417,-15.1053,3.8728,-1.2492357569792905,2.288465931498643,-13.834148407542761,2.820805261778195,0.9823994636535645,47.33154684917318
1786996116.154897,-15.0412,3.7113,-1.145853973866557,2.288465931498643,-13.671009531329974,2.770814916021204,0.9824337363243103,47.42058999683841
1786996116.2411401,-14.9629,3.5607,-1.0450829851196484,2.138726563913592,-13.508586605580147,2.739312044034788,0.9824053049087524,47.5194930838421
1786996116.3298926,-14.8637,3.4104,-0.9390768450392385,2.138726563913592,-13.35066867177366,2.7291777836944577,0.9823172688484192,47.64538149891918
1786996116.4479494,-14.7479,3.2697,-0.8334860917676024,2.046656394160761,-13.146193459645586,2.7235372163384524,0.9823172688484192,47.786010216600815
1786996116.4794996,-14.6178,3.1418,-0.7291806030183896,2.046656394160761,-13.055273434972236,2.7488170391361946,0.9832429885864258,47.93765745201558
1786996116.6104465,-14.4566,3.0147,-0.6147755082710921,2.041864565317404,-12.813289455858055,2.758205349704734,0.9832429885864258,48.11824258854046
1786996116.7689977,-14.2874,2.9098,-0.5040086735191659,2.0311668127162843,-12.561334675599891,2.794706133686174,0.9797910451889038,48.30113956932554
1786996116.8582685,-14.1153,2.8269,-0.40238736508190015,2.0311668127162843,-12.411519419985174,2.851012006557066,0.9806293249130249,48.47744091490422
1786996116.9195385,-13.9196,2.7559,-0.3016374816681033,2.041864565317404,-12.283781066500664,2.900687054075276,0.981817364692688,48.67358116320554
1786996117.0503323,-13.7259,2.7064,-0.20644549722869487,2.0311668127162843,-12.020237319267132,2.9864614766428983,0.981817364692688,48.86368873750135
1786996117.1425023,-13.5303,2.6753,-0.11613237362854745,2.041864565317404,-11.785960861478134,3.074914948369967,0.9808590412139893,49.051216734236604
1786996117.2273254,-13.3492,2.6619,-0.03886840087201885,2.041864565317404,-11.527718530943464,3.167955273718923,0.9808590412139893,49.23250492090498
1786996117.3094487,-13.1715,2.6617,0.029934870382756454,2.123618115787515,-11.29579798825065,3.2753001961207575,0.9816376566886902,49.3968437362967
1786996117.4003909,-12.996,2.6728,0.09096765645785719,2.041864565317404,-11.035563567692323,3.3954563485445157,0.981630265712738,49.55656958472741
1786996117.4772484,-12.817,2.6946,0.14606805572618653,2.123618115787515,-10.793361107346595,3.5084699248080966,0.9820532202720642,49.71785355447835
1786996117.5599828,-12.6516,2.7232,0.1910258609457434,2.041864565317404,-10.55458624604009,3.6349470051859942,0.9820532202720642,49.86447255309057
1786996117.6395726,-12.4815,2.7605,0.23667238177694563,2.041864565317404,-10.312020104245592,3.764737135888513,0.9823601245880127,50.030986586893626
1786996117.7278104,-12.2968,2.8086,0.2828563883695811,2.123618115787515,-10.071985914332858,3.9131306967423507,0.9822566509246826,50.196095206418605
1786996117.809045,-12.0396,2.8898,0.3342340551129726,2.136780567203192,-9.829761519312024,4.052834573485018,0.98239666223526,50.43258968067613
1786996117.894242,-11.8007,2.9773,0.37181822356191935,2.168144808261185,-9.590479297552648,4.1922586172631195,0.9823834300041199,50.652660881936285
1786996118.042384,-11.3019,3.1892,0.43040425740844224,2.136780567203192,-9.046878112129612,4.5785543231923596,0.9823834300041199,51.10848070365951
1786996118.1048179,-11.3019,3.1892,0.43040425740844224,2.136780567203192,-9.091190001994518,4.491150974981557,0.9806562066078186,51.10848070365951
1786996118.189664,-11.0081,3.3277,0.45129837763212854,2.136780567203192,-8.853553366176513,4.626978861542634,0.9820547103881836,51.397091230834725
1786996118.31122,-10.7516,3.4537,0.4627924457118552,2.168144808261185,-8.549794101691363,4.815200297233632,0.9810211062431335,51.65325798057119
1786996118.3971076,-10.4992,3.5808,0.4710321218659277,2.209885558784056,-8.32104209287097,4.950241988662832,0.9814160466194153,51.903370265189075
1786996118.4792993,-10.2537,3.707,0.47902954786071605,2.209885558784056,-8.098125350806331,5.096005898310569,0.9817443490028381,52.16261821819822
1786996118.5636222,-10.012,3.8336,0.4866498523837103,2.209885558784056,-7.8742177557603155,5.25501997431874,0.9817443490028381,52.423882531549324
1786996118.664946,-9.7687,3.964,0.4992436610531415,2.209885558784056,-7.623934252463292,5.439808688941518,0.981530487537384,52.69242505533012
1786996118.7831733,-9.4847,4.1215,0.5151475724329185,2.293500929882834,-7.366285638499875,5.626214621952576,0.9808790683746338,53.01538831986022
1786996118.8378758,-9.2565,4.2525,0.5296241328371729,2.3294345180748675,-7.251201895736822,5.692965977297815,0.9822425842285156,53.28063483644752
1786996119.0207517,-8.978,4.4195,0.5537114615914835,2.3294345180748675,-6.937368392925324,5.868194546457113,0.9795000553131104,53.60849040407919
1786996119.1327238,-8.7038,4.5934,0.5789245169768943,2.756413371392553,-6.78257178862642,5.898015216183901,0.9799165725708008,53.934533946724514
1786996119.2153888,-8.434,4.7742,0.605243395915088,2.947508083331104,-6.646507457803338,5.891469829765162,0.980793297290802,54.26098964585008
1786996119.3057544,-8.2323,4.9164,0.625639928849215,2.947508083331104,-6.505505596268195,5.887879885818105,0.9810194969177246,54.508204065067005
1786996119.3876922,-7.9996,5.0878,0.6462351886093013,2.947508083331104,-6.416903826329113,5.859097113288382,0.9810194969177246,54.79655291450572
1786996119.478064,-7.7825,5.2531,0.6542425721923455,2.947508083331104,-6.297643159972665,5.786945830055249,0.9814280867576599,55.06843926809742
1786996119.557734,-7.5771,5.4062,0.5996131744061872,2.947508083331104,-6.123887479367944,5.660880231595914,0.9814280867576599,55.32293546435691
1786996119.6478398,-7.4283,5.5016,0.5400118339065562,2.947508083331104,-5.932338733746176,5.53482405293108,0.9817690849304199,55.49700137176676
1786996119.7537243,-7.2611,5.5928,0.46213543941305885,2.947508083331104,-5.710157040104073,5.4087095261479945,0.9813581109046936,55.68226964436427
1786996119.7934287,-7.1128,5.6592,0.38519834185864504,3.0300704787269153,-5.588276242021205,5.390351948849649,0.9829406142234802,55.84056415588098
1786996119.906881,-6.924,5.7246,0.2888109290528305,2.947508083331104,-5.34287950891728,5.275309147121737,0.9819188117980957,56.030935992406036
1786996120.0473757,-6.5796,5.7943,0.11823898305897074,2.769317576435356,-4.973137955984499,5.074572797780061,0.9819188117980957,56.41277912133041
1786996120.0763364,-6.5796,5.7943,0.11823898305897074,2.769317576435356,-5.02418052054647,5.199990393370562,0.9805072546005249,56.41277912133041
1786996120.189058,-6.3719,5.8077,0.01855780780944781,2.947508083331104,-4.809400791675965,5.125617448594785,0.9817078709602356,57.08741490268837
1786996120.2644417,-6.1866,5.8024,-0.06946911395966773,2.769317576435356,-4.675756536641563,5.070496119499272,0.9820749163627625,57.30319937832948
1786996120.344705,-6.0311,5.7857,-0.13736582534249503,2.769317576435356,-4.536936884867542,5.005965204513492,0.9820749163627625,57.43887253078879
1786996120.4247408,-5.8647,5.756,-0.20965763435029022,2.4187822060516098,-4.40214799547579,4.919405342154527,0.9822068214416504,57.56918375883407
1786996120.5061746,-5.7026,5.7151,-0.2775778525801716,2.4187822060516098,-4.243745612373861,4.804438515438456,0.9822437167167664,57.69885433506318
1786996120.596048,-5.5415,5.663,-0.3421563878971788,2.1184104716764143,-4.058889046857252,4.662912921404438,0.9822437167167664,57.832435411868005
1786996120.6718252,-5.3665,5.5934,-0.4095494063530469,2.1184104716764143,-3.8954715973486964,4.508170499825191,0.9823904037475586,57.98641211655613
1786996122.2442532,-2.0853,3.6136,0.0935044696647168,2.380731552448535,-0.9830160578304635,4.874011278599687,0.9560351371765137,62.37274481533521
1786996122.334841,-1.9319,3.6361,0.18835177957482604,2.364786816277589,-0.9105328824258828,5.01454563222994,0.9560351371765137,62.42313998666229
1786996122.4080298,-1.7555,3.6807,0.29900345557879104,2.380731552448535,-0.8623542576180281,5.142848024920411,0.9813220500946045,62.503443196593345
1786996122.487315,-1.6155,3.7316,0.3887364523248883,2.364786816277589,-0.8210431927510983,5.2775795566627846,0.9820080399513245,62.58418817556507
1786996122.5671713,-1.4605,3.8054,0.4910438814816954,2.364786816277589,-0.7851065688694281,5.4187414067292465,0.9822822213172913,62.69903264839074
1786996122.651266,-1.3203,3.8899,0.5856617067790982,2.364786816277589,-0.761404247882984,5.56619355482294,0.9824496507644653,62.81930928054151
1786996122.7390742,-1.1808,3.9938,0.6858870094758368,2.157050589607367,-0.740740638773752,5.726392298774207,0.9823533892631531,62.97037150530525
1786996122.8246093,-1.0449,4.1186,0.7905449309777788,2.140229891582738,-0.7258675630776141,5.891389591126198,0.9823557138442993,63.146042185054675
1786996122.8984327,-0.929,4.2487,0.8873612397524012,2.140229891582738,-0.7317122248178128,6.0449951892441565,0.9826734662055969,63.31378544584602
1786996122.9800293,-0.8364,4.3738,0.9715239992079802,2.0092184773115798,-0.730881355912154,6.209531034524413,0.9826647043228149,63.47803920077954
1786996123.0701714,-0.7472,4.519,1.0612987719308573,1.9872624684160722,-0.7285269532295287,6.39394373010984,0.9826647043228149,63.64763771003681
1786996123.162682,-0.6631,4.6888,1.152286029759856,2.0092184773115798,-0.7524845130302757,6.591472618727504,0.9822108149528503,63.83662018890776
1786996123.2444143,-0.5926,4.8715,1.2452859055372463,2.0092184773115798,-0.7854630005017044,6.821465385166821,0.9823644161224365,64.02950569980537
1786996123.3363695,-0.5464,5.0295,1.3199314379897626,2.0092184773115798,-0.8263531226898784,7.074743252913055,0.9821760654449463,64.18959534086959
1786996123.4504128,-0.5073,5.2154,1.4001697650725764,2.0092184773115798,-0.902728083283294,7.372039259486725,0.9814502000808716,64.3642923194126
1786996123.4834046,-0.4844,5.3853,1.4673042011253294,2.0092184773115798,-0.9484253714207111,7.526381633153685,0.9831924438476562,64.52411447221249
1786996123.6047864,-0.4712,5.5942,1.5412566979066324,1.8733014630091824,-1.0530130777714488,7.886926196340715,0.9831924438476562,64.71778478952209
1786996123.6925132,-0.4707,5.7683,1.5906281451669437,2.0092184773115798,-1.1410265431301603,8.167448671551536,0.9819194674491882,64.87378321666374
1786996123.7765698,-0.4796,5.9526,1.6424560444015075,2.0092184773115798,-1.2452874747358473,8.426073578071042,0.9820166230201721,65.03685110402908
1786996123.859804,-0.496,6.124,1.68551202971777,2.069736787321092,-1.3475700741351915,8.68398065346021,0.9820966720581055,65.18547241213413
1786996123.9357145,-0.5199,6.2966,1.7284131149536446,2.140229891582738,-1.4413900476846284,8.932053704942739,0.9823668599128723,65.33375185777754
1786996124.0217037,-0.5515,6.4767,1.768864670899183,2.140229891582738,-1.5605408180652887,9.185920436646182,0.982275664806366,65.48832216103658
1786996124.105741,-0.6065,6.7262,1.8120285100991362,2.17233306736426,-1.672109727309996,9.441997857254137,0.982275664806366,65.70796355860864
1786996124.1977854,-0.6786,7.0001,1.8481053933609766,2.17233306736426,-1.7907320606684152,9.715817474415443,0.9821090698242188,65.93666457037789
1786996124.2882435,-0.7595,7.2705,1.8783210416130793,2.2051181595630314,-1.9186116264827644,9.980293081077269,0.9820493459701538,66.18030056455977
1786996124.3592532,-0.8491,7.5419,1.9028239669318827,2.294370917474084,-2.0209952631121713,10.210058188689203,0.9825448989868164,66.41588550627303
1786996124.451107,-0.9297,7.7718,1.9146356870505183,2.294370917474084,-2.1522612719751675,10.477785940364676,0.982290506362915,66.62967585231095
1786996124.529208,-1.0297,8.0464,1.9267813049689198,2.294370917474084,-2.275461968037437,10.71536185438409,0.982290506362915,66.88354127415585
1786996124.6108255,-1.12,8.2866,1.9345782940358878,2.5049330093338993,-2.411621117248333,10.955853369794774,0.9825068712234497,67.11973169753286
1786996124.6975963,-1.2144,8.5322,1.9412441183591822,2.6458005444384876,-2.5534714087957227,11.203247309777511,0.9824339151382446,67.3620093171201
1786996124.7816322,-1.3175,8.7953,1.9486469768603234,2.6458005444384876,-2.7008410671228713,11.44091285566724,0.9824392795562744,67.63496395147634
1786996124.858,-1.4178,9.0455,1.9565260523190062,3.0950058846724104,-2.8462279797175807,11.6582030755834,0.9826527237892151,67.89779937837721
1786996124.9382885,-1.5127,9.2769,1.9641064671607973,3.0950058846724104,-2.994050472024675,11.881516146485133,0.9826844334602356,68.1457283437405
1786996125.0179818,-1.6122,9.5134,1.9760610949979556,3.148814676398837,-3.10783436526838,12.10747360335041,0.9827243089675903,68.40248069618954
1786996125.1168854,-1.7201,9.7604,1.9917976156578976,3.148814676398837,-3.2097256486328534,12.387665066068745,0.9827243089675903,68.67251628567803
1786996125.2004864,-1.8545,10.0525,2.0148149096418138,3.1842116487832937,-3.317353566969273,12.646268601019482,0.9823326468467712,68.99629584085258
1786996125.2854276,-1.9668,10.2831,2.0366569476946035,3.1842116487832937,-3.4242977506691608,12.903636825014884,0.9823519587516785,69.25344111478675
1786996125.3683453,-2.0983,10.5368,2.0647789290140404,3.340938526795849,-3.5318206036958695,13.159747847623104,0.9824139475822449,69.54060458969994
1786996125.4530017,-2.2283,10.7729,2.0853123797202033,3.1842581441364577,-3.6520942993289514,13.412355119779093,0.982403576374054,69.81042352851514
1786996125.5443728,-2.3629,11.0064,2.1048414533749997,3.1842581441364577,-3.764843750471881,13.681018484731156,0.982403576374054,70.07958533006949
1786996125.6440136,-2.5218,11.2709,2.119494534585981,3.1842116487832937,-3.8790660732175177,13.97229066769169,0.981869101524353,70.38647436748242
1786996125.7358463,-2.692,11.5475,2.1251340232773694,3.1842581441364577,-3.9786805347985448,14.251815274238801,0.9818657636642456,70.7062632797176
1786996125.8212204,-2.8439,11.7935,2.1219652134011917,3.1842581441364577,-4.0765055001189525,14.51208785663446,0.9820290803909302,70.98718480948497
1786996125.8943877,-2.9857,12.0265,2.110517059587382,3.340938526795849,-4.1522334041394515,14.748305498055945,0.9824580550193787,71.28049300060825
1786996125.9787674,-3.1126,12.242,2.092448076760055,3.1842581441364577,-4.232802859038186,15.010059867961148,0.9824211001396179,71.56233321244204
1786996126.0665557,-3.2428,12.4742,2.067075444620983,3.1842116487832937,-4.31127960139492,15.275807764438113,0.9824211001396179,71.83228839345507
1786996126.1515658,-3.3757,12.7271,2.0385861728348633,3.1842116487832937,-4.390531227074177,15.536630421450132,0.9823198318481445,72.11468669896517
1786996126.238778,-3.5025,12.9868,2.006855281058702,3.1842116487832937,-4.479200008551528,15.807186592774624,0.9823198318481445,72.39977698278616
1786996126.312692,-3.6106,13.2265,1.97778010120484,3.1842581441364577,-4.549618807973751,16.046620967571116,0.9822706580162048,72.66019030234516
1786996126.3942206,-3.7058,13.4541,1.9524799250031726,3.1842581441364577,-4.645062372144714,16.29592189569531,0.9826140403747559,72.90555803485725
1786996126.4651837,-3.7989,13.6932,1.9291377066456106,3.317469394765916,-4.727690277026544,16.52171822529709,0.9829118847846985,73.1620618290873
1786996126.5458703,-3.9672,14.1675,1.892729796668723,3.1842581441364577,-4.868813467988363,17.031521612583763,0.9829118847846985,73.66628044617454
1786996126.622718,-3.9672,14.1675,1.892729796668723,3.1842581441364577,-4.936633069316308,16.9972613132965,0.9828451871871948,73.66628044617454
1786996126.701359,-4.0452,14.4051,1.8818820155996134,3.1842581441364577,-5.05773068679168,17.227245412484812,0.9829117059707642,73.91721218293408
1786996126.7814484,-4.1212,14.6434,1.8767755359489307,3.1274136749329813,-5.177540507426899,17.458444804178235,0.982876181602478,74.1692449275791
1786996126.8595715,-4.2013,14.8974,1.8764062031496107,3.317469394765916,-5.311163068014425,17.67903545201286,0.9829091429710388,74.4364470885917
1786996126.9447656,-4.2775,15.139,1.8767767174175964,3.317469394765916,-5.45352881602541,17.912334531334963,0.9827399253845215,74.690519353097
1786996127.031726,-4.3615,15.402,1.884928107005645,3.174786399988737,-5.612200004086514,18.13997385788559,0.9825818538665771,74.9671342018771
1786996127.1156337,-4.4502,15.6702,1.8979352161046525,3.1274136749329813,-5.778364695471348,18.356307921601346,0.9825818538665771,75.24997144514573
1786996127.201945,-4.5397,15.9279,1.914539250403075,3.1274136749329813,-5.9477097876935465,18.574830476541415,0.9824730753898621,75.52299570043708
1786996127.287611,-4.6327,16.1809,1.9344389021093775,3.1274136749329813,-6.121981666743465,18.78438668516293,0.9824305772781372,75.79264817720698
1786996127.3724923,-4.7371,16.4469,1.9586205089069002,3.174786399988737,-6.30362892752542,18.98972508544115,0.9824199676513672,76.07837246088035
1786996127.4593387,-4.8444,16.7012,1.985451614271808,3.174786399988737,-6.493462693128939,19.193736556424234,0.9823559522628784,76.35419371017097
1786996127.5412276,-5.0782,17.1975,2.040825028971632,3.174786399988737,-6.862054794057824,19.577912200890424,0.9823559522628784,76.90191039430195
1786996127.6259553,-5.0782,17.1975,2.040825028971632,3.174786399988737,-6.874372037279528,19.57940461115958,0.9824482202529907,76.90191039430195
1786996127.7112985,-5.2093,17.4477,2.0702533158257905,3.174786399988737,-7.075188493968436,19.771719138151095,0.9823980927467346,77.18373988768036
1786996127.806914,-5.343,17.6855,2.099213740629486,3.174786399988737,-7.293239449312079,19.973686904322943,0.9820989966392517,77.45580867673075
1786996127.8928304,-5.5092,17.9605,2.133354142262622,3.194582080391912,-7.503191645908937,20.16046504021192,0.9821755886077881,77.77628719433076
1786996127.9689364,-5.6503,18.1786,2.1607288032309158,3.194582080391912,-7.6940032994122385,20.32677747077388,0.9824846982955933,78.0350988343849
1786996128.057799,-5.7936,18.3874,2.1873922478311356,3.194582080391912,-7.913344814984219,20.505241514482044,0.9824846982955933,78.2872923056091
1786996128.151841,-5.9619,18.6183,2.2173420662055277,3.194582080391912,-8.144854568221986,20.686883859800897,0.9820905327796936,78.57193493008738
1786996128.2451065,-6.1573,18.8694,2.2511397289099313,3.194582080391912,-8.380631362898779,20.868088527787584,0.9819626212120056,78.88902245913788
1786996128.3212643,-6.342,19.0916,2.281368596419252,3.3676386544980534,-8.588584502288661,21.019561176373497,0.9823453426361084,79.17688391340818
1786996128.4087677,-6.505,19.2769,2.306626188453863,3.3676386544980534,-8.818886439911402,21.178949260497404,0.9822713732719421,79.42261304508193
1786996128.4829469,-6.6949,19.4816,2.3342702848467995,3.370106253749468,-9.0241588503912,21.319005402911667,0.9825905561447144,79.70080957703782
1786996128.5741007,-6.8696,19.6605,2.357490471018828,3.3676386544980534,-9.26821342961667,21.472433900826275,0.9825905561447144,79.94988289365615
1786996128.6518142,-7.0835,19.869,2.383115900717964,3.3676386544980534,-9.49016318219867,21.60751552929444,0.982539176940918,80.24680677292557
1786996128.7372994,-7.2641,20.0372,2.4038064538787784,3.3676386544980534,-9.725796556351343,21.746331267090845,0.9824609160423279,80.49359728029403
1786996128.8139677,-7.4702,20.2208,2.426290195419276,3.370106253749468,-9.949060665157196,21.86957152306318,0.9826554656028748,80.76804839859997
1786996128.9096873,-7.6629,20.3852,2.4471634979535186,3.370106253749468,-10.211855093827037,22.00707368568113,0.9822618365287781,81.02063490358054
1786996128.9932451,-7.897,20.576,2.471455051069253,3.370106253749468,-10.452904234789264,22.126749129661146,0.9823477268218994,81.32197604422248
1786996129.0835638,-8.1227,20.7512,2.4939655944157644,3.370106253749468,-10.715269111981911,22.24728311075263,0.9823477268218994,81.60707407477908
1786996129.1778305,-8.3549,20.9233,2.5164531744928165,3.370106253749468,-10.988890268142594,22.364078162826043,0.9820156097412109,81.89552062772204
1786996129.2710452,-8.6176,21.1086,2.540041680478539,3.4285634006908277,-11.271476808122824,22.472105194539385,0.9819175601005554,82.21645912633228
1786996129.3449922,-8.8519,21.2665,2.560229538948678,3.4285634006908277,-11.512286852919043,22.554798498822198,0.9823755621910095,82.49849900929154
1786996129.4380748,-9.0592,21.4004,2.5789165462612655,3.4285634006908277,-11.794056622846673,22.643156426350412,0.9823755621910095,82.74436822798621
1786996129.5477126,-9.5262,21.6824,2.620510596705645,3.4285634006908277,-12.354621548290487,22.801168846626958,0.9821340441703796,83.28910644159255
1786996129.5787532,-9.5262,21.6824,2.620510596705645,3.4285634006908277,-12.237207276328002,22.753218087630426,0.9815288186073303,83.28910644159255
1786996129.6963553,-9.7925,21.8315,2.6447729010484693,3.485930174337051,-12.611604146206286,22.82729617158979,0.9820324182510376,83.59391755009071
1786996129.827786,-10.0422,21.9638,2.6669203001243367,2.863411351741258,-12.980819656988391,22.875075298321264,0.9820324182510376,83.87612384859348
1786996129.9084299,-10.2802,22.0831,2.689535372211068,3.2947523603785154,-13.207216357930662,22.890763989688033,0.9814504384994507,84.14162424080638
1786996129.9891562,-10.574,22.2213,2.717672405487478,3.2947523603785154,-13.465055882143036,22.90105579449431,0.9814504384994507,84.46595796407736
1786996130.0848935,-10.8179,22.3282,2.7425460370803507,3.2947523603785154,-13.756415692457372,22.910083939042075,0.9818012118339539,84.73190655859668
1786996130.1687124,-11.1099,22.4462,2.7768304598936733,3.485930174337051,-14.031211437457943,22.902002071644674,0.9818088412284851,85.04613734346923
1786996130.2570493,-11.3629,22.5389,2.8084653647194964,3.2947523603785154,-14.314378892824141,22.883221137934054,0.9818415641784668,85.31522042905081
1786996130.3347623,-11.628,22.6263,2.8419479680907758,3.485930174337051,-14.573364328929024,22.860922033337385,0.9821802377700806,85.59361426074979
1786996130.4271336,-11.8803,22.7002,2.876276991888368,3.2947523603785154,-14.864489222233237,22.823700997229473,0.9820044636726379,85.85613923766142
1786996130.5059845,-12.1603,22.7713,2.914340184348183,3.485930174337051,-15.123202377515488,22.783900284164883,0.9822847843170166,86.14421343819136
1786996130.5896943,-12.4173,22.8264,2.9511368944553498,3.2947523603785154,-15.391634140654093,22.733089125209485,0.9822847843170166,86.40659734445067
1786996130.717891,-12.6858,22.8735,2.9897090838514218,3.2285720367227646,-15.747539266309024,22.65800192248086,0.981156587600708,86.67811464326815
1786996130.7484426,-13.0011,22.9151,3.0362110515461755,3.2285720367227646,-15.877674953942828,22.625904325144596,0.9830806851387024,86.99549515281201
1786996130.9072194,-13.3245,22.9424,3.084057214859758,3.2285720367227646,-16.3359949986127,22.507425813960843,0.9807092547416687,87.31848382831377
1786996130.9371684,-13.5969,22.9533,3.124057677553548,3.2947523603785154,-16.460524504541375,22.475016523991318,0.9828088283538818,87.58921997659495
1786996131.0620782,-13.9214,22.9524,-3.1137250011523703,3.2285720367227646,-16.844971524014667,22.363540259224326,0.9828088283538818,87.91160508600038
1786996131.1590495,-14.2099,22.9393,-3.0737086114384566,3.2947523603785154,-17.129755456668487,22.264714416371927,0.981135904788971,88.19926570651867
1786996131.2472932,-14.5333,22.9112,-3.0324711120853887,3.5551337930090163,-17.403689923122386,22.167972106816354,0.9812723398208618,88.52168269596368
1786996131.3250082,-14.7975,22.8786,-3.001199915275644,3.407999944394416,-17.64907086237782,22.07956826268004,0.9816945791244507,88.78682903466105
1786996131.4058697,-15.0478,22.8402,-2.9736962914009877,3.407999944394416,-17.8965503377088,21.98414550634902,0.9819023609161377,89.03905941166711
1786996131.5317266,-15.3194,22.7908,-2.9465968509530263,3.2285720367227646,-18.231161455271085,21.847362914562748,0.9808146953582764,89.31333997963533
1786996131.557629,-15.561,22.7407,-2.925278615007146,3.2285720367227646,-18.332103122082433,21.80894441698145,0.9808146953582764,89.55932451041016
1786996131.6758754,-15.8774,22.6673,-2.8995611249639412,3.2285720367227646,-18.679575054545573,21.656469405823014,0.9817607402801514,89.88345227101242
1786996131.7655551,-16.1573,22.5953,-2.877578153194826,3.264257099146363,-18.942162936056302,21.534782626246844,0.981759786605835,90.17181286008434
1786996131.841664,-16.4263,22.5201,-2.859167367015855,3.264257099146363,-19.173278373850167,21.42350448502218,0.9821181297302246,90.44999862373203
1786996131.9304464,-16.6691,22.4479,-2.8438147751255114,3.264257099146363,-19.427067858585964,21.29433197742126,0.9819849729537964,90.70280611788576
1786996132.0049748,-16.9324,22.3651,-2.8280322826602378,3.407999944394416,-19.649379445687728,21.175516322444118,0.9823278784751892,90.9784019897998
1786996132.0966487,-17.1667,22.2876,-2.8149116955777633,3.264257099146363,-19.898888734297923,21.032188892683095,0.9823278784751892,91.22487514349983
1786996132.1716268,-17.446,22.1909,-2.7992960720597453,3.407999944394416,-20.115372507727784,20.90434032103093,0.982426106929779,91.52023140821576
1786996132.2588394,-17.6902,22.1021,-2.7850147291222904,3.264257099146363,-20.35476176518596,20.75239374727146,0.9823194146156311,91.77996258176483
1786996132.3432608,-17.9422,22.0064,-2.7703991834190953,3.264257099146363,-20.579824077532397,20.59766523030488,0.9823437333106995,92.04949091295946
1786996132.4221425,-18.1897,21.9081,-2.7543286789283936,3.264257099146363,-20.791969119768353,20.451188715769664,0.9825186729431152,92.31582512234935
1786996132.5056005,-18.4355,21.8057,-2.737176369653885,3.1536783946791584,-21.00839364385834,20.28749291804035,0.9825104475021362,92.58216675637678
1786996132.5836916,-18.6824,21.6976,-2.718412871210828,3.1495061206208006,-21.21149941513145,20.126109364585705,0.9825104475021362,92.85177796818598
1786996132.6799588,-18.9184,21.5891,-2.7007881721359754,3.1536783946791584,-21.439778878089477,19.93154433760007,0.9822555184364319,93.11160683765019
1786996132.7657695,-19.2077,21.4488,-2.6762876723311098,3.264257099146363,-21.648201871137793,19.741763924067502,0.9822883605957031,93.43318580541279
1786996132.8450768,-19.4475,21.3257,-2.6555662185875293,3.3711166252180638,-21.836217148966913,19.556035330425434,0.982478141784668,93.7027436554711
1786996132.9294806,-19.6902,21.1944,-2.632857827833195,3.296919448059978,-22.030915260800736,19.353435080990018,0.9824552536010742,93.97862060039358
1786996133.016832,-19.9102,21.0689,-2.61078058166272,3.296919448059978,-22.21650499425981,19.147411540184542,0.9823592901229858,94.23188728772365
1786996133.0979433,-20.1494,20.9249,-2.584967904571608,3.1536783946791584,-22.386251716893135,18.94692649192316,0.9823592901229858,94.51093057771058
1786996133.1966357,-20.3685,20.7853,-2.559817348974932,3.296919448059978,-22.572284668872964,18.71157448889906,0.9820578098297119,94.77046587556596
1786996133.27673,-20.6344,20.6047,-2.526859006662819,3.296919448059978,-22.72865693954007,18.498388238569405,0.9823080897331238,95.0915438075901
1786996133.36704,-20.8526,20.4465,-2.4976625080605475,3.296919448059978,-22.893155007337924,18.261949701710034,0.9821786880493164,95.36059901311678
1786996133.4421844,-21.0813,20.2699,-2.4663114134198674,3.296919448059978,-23.03295877326144,18.049546337966024,0.9825094938278198,95.64899952700529
1786996133.532856,-21.2721,20.1135,-2.4400481856890974,3.296919448059978,-23.184431094849167,17.80684740768933,0.982292652130127,95.89507816614993
1786996133.6061006,-21.4903,19.924,-2.4091436596162814,3.296919448059978,-23.310155969666464,17.59444638051603,0.982292652130127,96.18337816876293
1786996133.6987185,-21.6695,19.7591,-2.382415740614609,3.296919448059978,-23.452286850905978,17.3405259373932,0.9823238253593445,96.42612893670619
1786996133.7813506,-21.8899,19.5435,-2.3480611358335994,3.3711166252180638,-23.580679918822895,17.101423368565765,0.982403576374054,96.73360616730056
1786996133.8619437,-22.0697,19.356,-2.3185114260742803,3.3711166252180638,-23.700476837443535,16.866162046990382,0.9825088381767273,96.99338341201742
1786996133.9468026,-22.2461,19.161,-2.2901393120472333,3.296919448059978,-23.819370922141456,16.62208104684337,0.9824604988098145,97.25542855130662
1786996134.0346415,-22.4253,18.9511,-2.2609383245151524,3.219643538385112,-23.93701676805024,16.369576048600344,0.9823510050773621,97.53045954636535
1786996134.1177335,-22.6003,18.7335,-2.231738776289555,3.1444469096295236,-24.04510370391336,16.12509023417313,0.9823510050773621,97.8087151477748
1786996134.2057219,-22.7669,18.5135,-2.2027419694546753,3.1444469096295236,-24.15274704858073,15.864980765528712,0.9823179244995117,98.08368735286771
1786996134.2899618,-22.9271,18.2888,-2.1742876988300646,3.219643538385112,-24.252718504216045,15.61533283883905,0.9823601245880127,98.35866901625837
1786996134.37558,-23.0899,18.0461,-2.146326113400386,3.241363449569372,-24.350778502156906,15.35456164888454,0.9823477864265442,98.6499683480917
1786996134.462133,-23.2359,17.8157,-2.1215453592755837,3.219643538385112,-24.444988116100994,15.091088491356828,0.9823138117790222,98.92273148415406
1786996134.5378845,-23.3778,17.579,-2.0967783919564327,3.219643538385112,-24.53064003147555,14.851392453420384,0.9825863838195801,99.19779799283333
1786996134.6277096,-23.4982,17.3672,-2.0756360054476493,3.219643538385112,-24.614709545037545,14.581548864652726,0.9825863838195801,99.44056712540763
1786996134.714132,-23.6399,17.1042,-2.051944845026602,3.219643538385112,-24.698746436685756,14.316299854079942,0.9823371767997742,99.73851769666344
1786996134.7986267,-23.7625,16.8642,-2.0312859312057405,3.219643538385112,-24.77498841238918,14.056165980334931,0.9823640584945679,100.0080138209642
1786996134.8796906,-23.8829,16.6158,-2.010633378206916,3.241363449569372,-24.84456513280441,13.79993565249881,0.982473611831665,100.28333092177631
1786996134.9689097,-23.9943,16.3739,-1.9909719307398606,3.219643538385112,-24.91437629879771,13.525143988592069,0.9823204278945923,100.54898585175535
1786996135.065596,-24.1087,16.1121,-1.9719514026970626,3.219525308117569,-24.98127483819662,13.233369308431149,0.9823204278945923,100.83408706807035
1786996135.1559813,-24.2278,15.824,-1.951794294172568,3.219525308117569,-25.044111821448247,12.952605483447467,0.9820035696029663,101.14529074221996
1786996135.240311,-24.3411,15.5335,-1.931295594101058,3.219525308117569,-25.098852778277717,12.675025780256785,0.982149600982666,101.45660847250082
1786996135.3251162,-24.4299,15.2928,-1.914507222242072,3.219525308117569,-25.146233068157393,12.401527449843494,0.9822221398353577,101.71316611509143
1786996135.408626,-24.5209,15.0322,-1.8965124805017055,3.241363449569372,-25.190347572171465,12.131962529708758,0.9823021292686462,101.98874513350765
1786996135.4872801,-24.6063,14.7731,-1.87983618181066,3.2939845404025885,-25.22811996786324,11.871765573982657,0.9823021292686462,102.26114523368845
1786996135.5704794,-24.6836,14.5251,-1.8643417685489176,3.241363449569372,-25.26290473906754,11.60072135875665,0.9824874401092529,102.52090686725883
1786996135.6432393,-24.758,14.2728,-1.8482821871001966,3.241363449569372,-25.290077556462563,11.355017667366939,0.9827739596366882,102.78358417671235
1786996135.7545853,-24.8224,14.0412,-1.8334651915300813,3.219525308117569,-25.31887662993705,11.026205995608791,0.9819068908691406,103.02363341569183
1786996135.7972565,-24.8914,13.7773,-1.81804384918704,3.219525308117569,-25.33026402636371,10.871622833244523,0.9832296967506409,103.29609716000148
1786996135.9173346,-24.9683,13.4618,-1.7995830717934433,3.219525308117569,-25.34888151614486,10.487997924421526,0.9819496273994446,103.62054848508843
1786996135.9994211,-25.0249,13.2115,-1.7845619172946334,3.1144302549378082,-25.357004604285308,10.22923488771198,0.9821614027023315,103.87716770973576
1786996136.0971432,-25.0802,12.9477,-1.7680739968736487,3.1144302549378082,-25.36129328247605,9.93503108576884,0.9821614027023315,104.1464219505722
1786996136.168479,-25.1398,12.6351,-1.7479875401725642,3.1144302549378082,-25.360587840107762,9.691859507416337,0.9823337197303772,104.4643814238917
1786996136.250791,-25.1802,12.4015,-1.7337281641310072,3.0184871492448275,-25.35637810653194,9.425791561568538,0.9823529124259949,104.7011847218327
1786996136.3305743,-25.2216,12.1384,-1.7180538039221758,3.0184871492448275,-25.344959910885684,9.16458097937075,0.9823529124259949,104.96752164368789
1786996136.418238,-25.258,11.8812,-1.701877860142732,3.003947707430332,-25.32925712852397,8.886670720728194,0.9824476838111877,105.22702110973587
1786996136.502594,-25.2926,11.6008,-1.6834688770506856,3.0184871492448275,-25.309486233209554,8.615548627287621,0.9823257327079773,105.50928210245655
1786996136.5825536,-25.3203,11.3392,-1.6670482844514332,3.0184871492448275,-25.282448413519322,8.356829455257655,0.9823257327079773,105.77207731635833
1786996136.6660473,-25.3445,11.0675,-1.6498649032771875,3.0184871492448275,-25.251231752831643,8.087436149476547,0.9824730157852173,106.04485175407228
1786996136.7449853,-25.3635,10.8018,-1.6322590951366305,3.1144302549378082,-25.217654895805,7.829937601154492,0.9826054573059082,106.3109452779375
1786996136.8215044,-25.3773,10.5457,-1.6151149345538194,3.1144302549378082,-25.18105691240459,7.578975421466304,0.9827602505683899,106.56710796250904
1786996136.9013135,-25.3865,10.299,-1.5981212088740109,3.097389032333593,-25.141292008083465,7.323102810202636,0.9827746748924255,106.81364712492115
1786996137.020931,-25.3915,10.0393,-1.5795704386027547,3.097389032333593,-25.082583903438387,6.98409966715459,0.9827746748924255,107.07339096325599
1786996137.054715,-25.3918,9.7795,-1.562596444817502,3.097389032333593,-25.059398995442358,6.860067087635263,0.981698215007782,107.33283626689517
1786996137.1853878,-25.386,9.4548,-1.5410227156048717,3.097389032333593,-24.981738232436985,6.465945141800149,0.9817207455635071,107.65721900954078
1786996137.2724357,-25.3743,9.153,-1.5207685044381714,3.1144302549378082,-24.921943338557845,6.198423658710045,0.9818612337112427,107.95885862375785
1786996137.3597493,-25.359,8.8872,-1.5031716508715967,3.097389032333593,-24.86157768755673,5.934175617157405,0.9818803668022156,108.22469897927733
1786996137.4377465,-25.3376,8.6055,-1.484916511838594,3.3058013623841966,-24.798728697053683,5.6873246365822565,0.9821454882621765,108.50680823960221
1786996137.5220284,-25.3148,8.3597,-1.4689501953037125,3.3058013623841966,-24.73214977275079,5.429261927871529,0.982144296169281,108.75366282258074
1786996137.6005433,-25.2846,8.0853,-1.4520453828432984,3.097389032333593,-24.662349573043755,5.1822465762327194,0.982144296169281,109.02931834732391
1786996137.6987617,-25.2521,7.8275,-1.436320710878219,3.350001163090405,-24.580991788028975,4.89930371788944,0.9819231629371643,109.28876619648885
1786996137.7733884,-25.2087,7.5254,-1.4183326591963972,3.350001163090405,-24.515300429525478,4.6973614690786345,0.9823462963104248,109.59358824139187
1786996137.8635478,-25.1687,7.2752,-1.4038861281243749,3.350001163090405,-24.432363905070332,4.477907639641458,0.9821938872337341,109.8465994324131
1786996137.9402397,-25.1186,6.9906,-1.3871663250808877,3.350001163090405,-24.34866287571766,4.318773193815838,0.9824752807617188,110.13522694308644
1786996138.020507,-25.0714,6.745,-1.3731718882643256,3.097389032333593,-24.254287423045206,4.160220873142237,0.9825601577758789,110.38499128345573
1786996138.108168,-25.0182,6.4874,-1.3589704312490163,3.096376544752273,-24.136201813910517,4.0216273122818045,0.9825601577758789,110.64771892707749
1786996138.186325,-24.9578,6.2147,-1.3446428368294026,3.096376544752273,-24.004878842954607,3.9262467217011996,0.9825907945632935,110.92674038897314
