stamp_sec,ego_x,ego_y,ego_yaw_deg,target_truth_x,target_truth_y,foreground_beam_count,cluster_count,target_detected,detected_local_x,detected_local_y,detected_world_x,detected_world_y,confidence
1783534361.455316,-20.872600,4.577400,40.010026,nan,nan,95,1,1,3.499824,-0.825312,-17.661362,6.195380,0.772087
1783534361.520539,-20.872600,4.577400,40.010026,-18.620600,6.468400,95,1,1,3.499824,-0.825312,-17.661362,6.195380,0.772087
1783534361.618370,-20.872600,4.577400,40.010026,-18.620600,6.468400,95,1,1,3.499824,-0.825312,-17.661362,6.195380,0.772087
1783534361.647536,-20.872600,4.577400,40.010026,-18.620600,6.468400,95,1,1,3.499824,-0.825312,-17.661362,6.195380,0.772087
1783534361.736529,-20.869000,4.580400,40.009745,-18.620600,6.468400,95,1,1,3.499824,-0.825312,-17.657754,6.198364,0.772087
1783534361.761391,-20.845900,4.599800,40.009239,-18.617000,6.471400,98,2,1,3.286741,-0.843043,-17.786449,6.067161,0.775938
1783534361.869032,-20.795000,4.642500,40.011814,-18.593900,6.490800,94,3,1,3.310873,-0.833755,-17.723104,6.132628,0.776579
1783534361.895198,-20.718200,4.706900,40.011430,-18.543100,6.533500,95,2,1,3.104868,-0.845496,-17.796528,6.055567,0.781070
1783534362.037585,-20.621200,4.788400,39.997918,-18.466300,6.598000,96,2,1,4.149616,-0.746149,-16.962719,6.884005,0.688784
1783534362.070784,-20.482300,4.905000,39.984412,-18.369400,6.679700,108,2,1,4.149616,-0.746149,-16.823325,6.999743,0.363784
1783534362.179882,-20.248600,5.100900,39.960789,-18.231900,6.797900,104,2,1,5.147665,-0.606060,-15.913746,7.942520,0.578176
1783534362.256179,-20.052600,5.265000,39.950530,-18.004900,7.001400,96,0,1,5.147665,-0.606060,-15.717237,8.105844,0.353176
1783534362.327360,-19.863400,5.423400,39.923991,-17.818500,7.176300,117,3,1,5.701460,-0.509547,-15.163958,8.691660,0.499783
1783534362.398124,-19.683900,5.573300,39.753143,-17.642300,7.348900,88,0,1,5.701460,-0.509547,-14.974733,8.827532,0.349783
1783534362.466375,-19.506300,5.720500,39.522194,-17.478800,7.516100,52,0,1,5.701460,-0.509547,-14.784054,8.955724,0.349783
1783534362.535443,-19.338200,5.858700,39.291541,-17.321300,7.684400,97,0,1,5.701460,-0.509547,-14.602969,9.074888,0.349783
1783534362.599563,-19.167100,5.998400,39.157997,-17.176000,7.846300,88,0,1,5.701460,-0.509547,-14.424385,9.203542,0.349783
1783534362.694039,-18.998300,6.135800,39.181493,-17.031900,8.013600,91,0,1,5.701460,-0.509547,-14.256900,9.342887,0.349783
1783534362.722740,-18.837300,6.267300,39.254955,-16.893200,8.181300,105,0,1,5.701460,-0.509547,-14.100016,9.480464,0.349783
1783534362.823823,-18.611300,6.452700,39.656293,-16.763700,8.343900,134,0,1,5.701460,-0.509547,-13.896639,9.698968,0.349783
1783534362.848833,-18.439500,6.596600,40.327139,-16.586400,8.576300,117,0,1,5.701460,-0.509547,-13.763170,9.897845,0.349783
1783534362.975954,-18.281900,6.732100,41.220116,-16.453900,8.757000,128,0,1,5.701460,-0.509547,-13.657588,10.105824,0.349783
1783534363.003255,-18.119200,6.876600,42.226606,-16.333300,8.926300,145,0,1,5.701460,-0.509547,-13.554863,10.331032,0.349783
1783534363.107263,-17.928500,7.053000,43.492976,-16.209100,9.105000,114,0,1,5.701460,-0.509547,-13.441622,10.607463,0.349783
1783534363.134403,-17.764900,7.210800,44.617528,-16.063600,9.320300,129,0,1,5.701460,-0.509547,-13.348646,10.852637,0.349783
1783534363.242031,-17.620400,7.355600,45.697979,-15.938600,9.510200,129,0,1,5.701460,-0.509547,-13.273603,11.080064,0.349783
1783534363.308393,-17.458700,7.524500,46.996149,-15.827900,9.682200,120,0,1,5.701460,-0.509547,-13.197398,11.346487,0.349783
1783534363.336006,-17.309500,7.687300,48.160933,-15.703000,9.880000,160,0,1,5.701460,-0.509547,-13.126771,11.595120,0.349783
1783534363.443012,-17.172100,7.843200,49.242632,-15.586500,10.067600,149,0,1,5.701460,-0.509547,-13.063889,11.829286,0.349783
1783534363.469124,-17.025200,8.016600,50.393274,-15.478000,10.244900,118,0,1,5.701460,-0.509547,-12.997862,12.084380,0.349783
1783534363.568112,-16.897900,8.172600,51.355124,-15.360600,10.439600,118,0,1,5.701460,-0.509547,-12.939414,12.307412,0.349783
1783534363.593234,-16.771200,8.333300,52.312194,-15.257500,10.612600,123,0,1,5.701460,-0.509547,-12.882331,12.533655,0.349783
1783534363.711566,-16.641300,8.503800,53.221176,-15.153500,10.788800,120,0,1,5.701460,-0.509547,-12.819555,12.765319,0.349783
1783534363.778620,-16.485600,8.715800,54.313619,-15.045400,10.974000,130,0,1,5.701460,-0.509547,-12.745798,13.049408,0.349783
1783534363.845881,-16.363400,8.887900,55.058867,-14.913700,11.201800,138,0,1,5.701460,-0.509547,-12.680280,13.269784,0.349783
1783534363.941238,-16.241500,9.064200,55.747350,-14.808900,11.385000,128,0,1,5.701460,-0.509547,-12.611299,13.490024,0.349783
1783534363.967457,-16.119900,9.244700,56.357609,-14.703300,11.571500,134,0,1,5.701460,-0.509547,-12.537044,13.708938,0.349783
1783534364.068523,-15.961100,9.486200,57.087510,-14.597000,11.761500,135,0,1,5.701460,-0.509547,-12.435404,13.995717,0.349783
1783534364.136127,-15.841800,9.672100,57.609579,-14.457800,12.014800,146,0,1,5.701460,-0.509547,-12.357339,14.213555,0.349783
1783534364.234764,-15.725800,9.856200,58.027475,-14.353000,12.209200,154,0,1,5.701460,-0.509547,-12.274555,14.422948,0.349783
1783534364.262172,-15.612700,10.038300,58.381637,-14.153800,12.592400,159,0,1,5.701460,-0.509547,-12.189750,14.626294,0.349783
1783534364.371062,-15.453600,10.298900,58.813799,-14.153800,12.592400,161,0,1,5.701460,-0.509547,-12.065352,14.912581,0.349783
1783534364.395296,-15.324600,10.513100,59.158156,-14.021500,12.867300,168,0,1,5.701460,-0.509547,-11.964142,15.147062,0.349783
1783534364.499339,-15.223300,10.683400,59.381297,-13.921600,13.096400,175,0,1,5.701460,-0.509547,-11.880915,15.330414,0.349783
1783534364.526711,-15.119400,10.859700,59.592848,-13.855400,13.265000,189,0,1,5.701460,-0.509547,-11.794196,15.519023,0.349783
1783534364.627139,-15.012800,11.041900,59.831604,-13.811900,13.409500,205,0,1,5.701460,-0.509547,-11.707040,15.715039,0.349783
1783534364.654248,-14.913500,11.213400,60.082843,-13.786300,13.544500,210,0,1,5.701460,-0.509547,-11.628263,15.900990,0.349783
1783534364.754500,-14.799000,11.413500,60.400550,-13.772200,13.670400,212,0,1,5.701460,-0.509547,-11.539807,16.119235,0.349783
1783534364.780847,-14.703100,11.583200,60.677045,-13.767200,13.817400,230,0,1,5.701460,-0.509547,-11.466653,16.304608,0.349783
1783534364.881869,-14.600200,11.767500,61.023343,-13.772900,13.941600,239,0,1,5.701460,-0.509547,-11.392349,16.508383,0.349783
1783534364.946980,-14.504600,11.941100,61.355557,-13.789100,14.075200,252,0,1,5.701460,-0.509547,-11.324291,16.700503,0.349783
1783534364.970949,-14.393200,12.146700,61.837085,-13.813900,14.199100,254,0,1,5.701460,-0.509547,-11.253002,16.932662,0.349783
1783534365.073835,-14.303400,12.315900,62.345003,-13.854900,14.342300,286,0,1,5.701460,-0.509547,-11.205752,17.129511,0.349783
1783534365.097799,-14.207700,12.500500,62.947108,-13.898000,14.456500,308,0,1,5.701460,-0.509547,-11.160807,17.346397,0.349783
1783534365.201707,-14.118800,12.677400,63.946263,-13.954100,14.576400,315,0,1,5.701460,-0.509547,-11.156871,17.575691,0.349783
1783534365.226516,-14.026400,12.870800,65.178540,-14.016300,14.686200,343,0,1,5.701460,-0.509547,-11.170497,17.831656,0.349783
1783534365.328140,-13.950800,13.041400,68.419817,-14.092900,14.799100,386,0,1,5.701460,-0.509547,-11.379956,18.155796,0.349783
1783534365.352260,-13.899600,13.187100,74.033304,-14.174500,14.900500,402,0,1,5.701460,-0.509547,-11.841361,18.528442,0.349783
1783534365.485148,-13.870500,13.306100,78.079293,-14.267100,14.997900,419,0,1,5.701460,-0.509547,-12.194260,18.779353,0.349783
1783534365.513597,-13.848000,13.441300,82.548653,-14.356200,15.078100,454,1,1,5.701460,-0.509547,-12.603366,19.028532,0.349783
1783534365.615314,-13.834500,13.629400,88.736455,-14.464500,15.161000,490,0,1,5.701460,-0.509547,-13.199352,19.318237,0.349783
1783534365.644307,-13.837700,13.770200,93.383172,-14.624500,15.259800,504,2,1,5.701460,-0.509547,-13.665502,19.491793,0.349783
1783534365.741007,-13.850000,13.893900,97.541738,-14.751000,15.321200,529,0,1,5.701460,-0.509547,-14.093168,19.612916,0.349783
1783534365.765849,-13.874900,14.032400,102.353122,-14.866700,15.366100,552,2,1,5.701460,-0.509547,-14.596898,19.710868,0.349783
1783534365.868518,-13.907100,14.154400,106.698507,-15.001400,15.406300,561,3,1,5.701460,-0.509547,-15.057272,19.761840,0.349783
1783534365.892892,-13.952300,14.283300,111.417771,-15.124900,15.432400,572,1,1,5.701460,-0.509547,-15.559917,19.777101,0.349783
1783534366.029849,-14.003300,14.398600,115.814424,-15.260300,15.450100,572,1,1,5.701460,-0.509547,-16.027345,19.752993,0.349783
1783534366.060661,-14.071500,14.523900,120.816445,-15.386500,15.456500,590,1,1,5.701460,-0.509547,-16.554691,19.681423,0.349783
1783534366.159943,-14.177700,14.679100,127.445793,-15.529300,15.452400,575,2,1,5.701460,-0.509547,-17.239703,19.515464,0.349783
1783534366.225834,-14.271200,14.789600,132.556362,-15.716300,15.428800,537,2,1,5.701460,-0.509547,-17.751844,19.333980,0.349783
1783534366.290915,-14.372700,14.889800,137.612945,-15.857800,15.397000,401,5,1,5.701460,-0.509547,-18.240338,19.109712,0.349783
1783534366.315259,-14.479200,14.978200,142.513716,-15.994400,15.354200,527,3,1,5.701460,-0.509547,-18.693207,18.852271,0.349783
1783534366.422288,-14.580800,15.049400,146.902123,-16.123600,15.302600,438,4,1,5.701460,-0.509547,-19.078886,18.589669,0.349783
1783534366.449081,-14.700300,15.119500,151.808473,-16.235800,15.248300,242,1,1,5.701460,-0.509547,-19.484694,18.262088,0.349783
1783534366.550486,-14.815800,15.175000,156.311526,-16.356500,15.179000,184,0,1,5.701460,-0.509547,-19.832156,17.932253,0.349783
1783534366.575578,-14.947100,15.225400,161.210625,-16.463700,15.107100,216,2,1,5.701460,-0.509547,-20.180603,17.544177,0.349783
1783534366.675334,-15.070200,15.261400,165.658364,-16.576200,15.020900,168,1,1,5.701460,-0.509547,-20.467763,17.167337,0.349783
1783534366.700133,-15.195700,15.287800,170.107087,-16.674000,14.936100,125,0,1,5.701460,-0.509547,-20.724838,16.769323,0.349783
1783534366.835286,-15.327100,15.304800,174.620894,-16.767000,14.846100,116,0,1,5.701460,-0.509547,-20.955684,16.346588,0.349783
1783534366.863573,-15.457400,15.311400,179.058195,-16.858300,14.748100,83,1,1,5.701460,-0.509547,-21.149714,15.914593,0.349783
1783534366.959585,-15.645600,15.303200,-174.625076,-16.943800,14.647600,74,1,1,5.701460,-0.509547,-21.369721,15.276437,0.349783
1783534366.983883,-15.783100,15.284100,-170.006917,-17.059700,14.496000,81,1,1,5.701460,-0.509547,-21.486482,14.796547,0.349783
1783534367.084795,-15.906700,15.257200,-165.906305,-17.140300,14.380700,97,1,1,5.701460,-0.509547,-21.560618,14.363057,0.349783
1783534367.109156,-16.032000,15.220200,-161.680998,-17.217900,14.263200,88,4,1,5.701460,-0.509547,-21.604671,13.911914,0.349783
1783534367.216684,-16.154400,15.174100,-157.615164,-17.310500,14.114600,89,2,1,5.701460,-0.509547,-21.620285,13.473989,0.349783
1783534367.244461,-16.278900,15.116800,-153.394053,-17.410600,13.943600,77,1,1,5.701460,-0.509547,-21.604821,13.018981,0.349783
1783534367.344179,-16.399200,15.050600,-149.444443,-17.516900,13.758800,84,2,1,5.701460,-0.509547,-21.567976,12.590918,0.349783
1783534367.368721,-16.511500,14.978800,-145.791126,-17.623500,13.573100,64,2,1,5.701460,-0.509547,-21.513043,12.194767,0.349783
1783534367.468998,-16.614300,14.903900,-142.478210,-17.729800,13.394700,59,1,1,5.701460,-0.509547,-21.446598,11.835485,0.349783
1783534367.494633,-16.717400,14.819100,-139.052547,-17.835600,13.227400,79,1,1,5.701460,-0.509547,-21.357715,11.467421,0.349783
1783534367.603702,-16.814300,14.729900,-136.111575,-17.952700,13.056100,55,1,1,5.701460,-0.509547,-21.276539,11.144554,0.349783
1783534367.629352,-16.919600,14.622100,-132.907272,-18.065400,12.903300,29,0,1,5.701460,-0.509547,-21.174454,10.792936,0.349783
1783534367.736157,-17.011400,14.518600,-130.549353,-18.175800,12.768400,35,0,1,5.701460,-0.509547,-21.105113,10.517626,0.349783
1783534367.761342,-17.109800,14.400100,-128.508636,-18.270400,12.664400,45,0,1,5.701460,-0.509547,-21.058443,10.255887,0.349783
1783534367.898477,-17.222400,14.254500,-126.233859,-18.367900,12.566300,27,0,1,5.701460,-0.509547,-21.003439,9.956824,0.349783
1783534367.928224,-17.339400,14.089500,-124.092422,-18.468400,12.475400,36,1,1,5.701460,-0.509547,-20.957210,9.653541,0.349783
1783534368.029372,-17.504900,13.834400,-122.047249,-18.572700,12.392400,33,1,1,5.701460,-0.509547,-20.962097,9.272157,0.349783
1783534368.052824,-17.625500,13.641700,-122.209270,-18.734800,12.283500,52,1,1,5.701460,-0.509547,-21.095585,9.089251,0.349783
1783534368.163033,-17.739300,13.464000,-123.407632,-18.862300,12.214200,37,1,1,5.701460,-0.509547,-21.303835,8.985120,0.349783
1783534368.187042,-17.864700,13.278500,-124.994971,-18.985400,12.159200,40,1,1,5.701460,-0.509547,-21.551935,8.900079,0.349783
1783534368.294574,-17.982100,13.115200,-126.847006,-19.120100,12.111300,47,1,1,5.701460,-0.509547,-21.808913,8.858232,0.349783
1783534368.359669,-18.119300,12.938400,-129.138546,-19.244200,12.077600,43,1,1,5.701460,-0.509547,-22.113265,8.837848,0.349783
1783534368.425427,-18.244900,12.788900,-131.989465,-19.384600,12.050900,57,1,1,5.701460,-0.509547,-22.437872,8.892073,0.349783
1783534368.491284,-18.350500,12.675500,-134.595897,-19.520700,12.036200,61,1,1,5.701460,-0.509547,-22.716343,8.973380,0.349783
1783534368.514572,-18.454600,12.576200,-138.113668,-19.655300,12.032000,51,1,1,5.701460,-0.509547,-23.039372,9.148935,0.349783
1783534368.618486,-18.553700,12.493600,-141.888348,-19.796200,12.038600,71,1,1,5.701460,-0.509547,-23.354153,9.375599,0.349783
1783534368.646151,-18.657900,12.417800,-145.658924,-19.923700,12.054300,78,0,1,5.701460,-0.509547,-23.653006,9.622234,0.349783
1783534368.752980,-18.777700,12.343200,-150.075909,-20.049900,12.079100,58,0,1,5.701460,-0.509547,-23.973270,9.940633,0.349783
1783534368.777914,-18.900900,12.279000,-154.498877,-20.185800,12.116800,54,0,1,5.701460,-0.509547,-24.266280,10.284263,0.349783
1783534368.886024,-19.024900,12.226200,-158.853919,-20.316600,12.164100,60,0,1,5.701460,-0.509547,-24.526262,10.644652,0.349783
1783534368.911597,-19.160400,12.180600,-163.477843,-20.439700,12.219300,53,0,1,5.701460,-0.509547,-24.771354,11.047692,0.349783
1783534369.015080,-19.293100,12.147400,-167.960940,-20.565600,12.287600,45,0,1,5.701460,-0.509547,-24.975440,11.456539,0.349783
1783534369.042652,-19.425900,12.124900,-172.389051,-20.680800,12.361800,47,0,1,5.701460,-0.509547,-25.144619,11.874824,0.349783
1783534369.138317,-19.543400,12.113700,-176.254957,-20.788700,12.443000,47,0,1,5.701460,-0.509547,-25.265967,12.249758,0.349783
1783534369.165060,-19.678100,12.110700,179.331577,-20.878500,12.520300,49,0,1,5.701460,-0.509547,-25.373227,12.686726,0.349783
1783534369.263084,-19.804400,12.117200,175.238951,-20.974800,12.615100,54,0,1,5.701460,-0.509547,-25.443894,13.098213,0.349783
1783534369.366254,-19.944200,12.135100,170.681358,-21.059300,12.709800,71,1,1,5.701460,-0.509547,-25.487909,13.561131,0.349783
1783534369.395156,-20.074200,12.161900,166.442529,-21.146100,12.821500,143,1,1,5.701460,-0.509547,-25.497341,13.993789,0.349783
1783534369.488817,-20.258800,12.217900,160.338272,-21.220600,12.932000,153,3,1,5.701460,-0.509547,-25.456393,14.616088,0.349783
1783534369.513751,-20.385800,12.269300,156.032408,-21.316000,13.100600,186,0,1,5.701460,-0.509547,-25.388665,15.050958,0.349783
1783534369.614560,-20.499400,12.325100,152.103868,-21.374200,13.225100,116,4,1,5.701460,-0.509547,-25.299932,15.442979,0.349783
1783534369.639440,-20.614300,12.391900,147.985874,-21.420800,13.343500,166,0,1,5.701460,-0.509547,-25.178541,15.846459,0.349783
1783534369.743044,-20.720800,12.464300,144.066234,-21.462500,13.470300,179,0,1,5.701460,-0.509547,-25.038221,16.222778,0.349783
1783534369.810048,-20.823800,12.545100,140.150961,-21.495600,13.595400,202,0,1,5.701460,-0.509547,-24.874511,16.589605,0.349783
1783534369.875273,-20.930100,12.641500,135.900265,-21.522400,13.724200,166,0,1,5.701460,-0.509547,-24.669887,16.975121,0.349783
1783534369.943210,-21.024800,12.740700,131.849073,-21.543800,13.866800,183,1,1,5.701460,-0.509547,-24.449082,17.327700,0.349783
1783534369.967605,-21.113600,12.848100,127.829579,-21.556700,14.004100,183,0,1,5.701460,-0.509547,-24.207930,17.663845,0.349783
1783534370.071991,-21.193700,12.959700,123.965648,-21.562200,14.144200,173,1,1,5.701460,-0.509547,-23.956476,17.973017,0.349783
1783534370.097966,-21.264100,13.072800,120.228272,-21.560600,14.282300,173,0,1,5.701460,-0.509547,-23.694216,18.255542,0.349783
1783534370.201616,-21.325300,13.186600,116.733014,-21.552400,14.415900,183,0,1,5.701460,-0.509547,-23.434925,18.507855,0.349783
1783534370.227541,-21.381900,13.309600,113.093463,-21.538500,14.545000,172,0,1,5.701460,-0.509547,-23.149480,18.754041,0.349783
1783534370.333150,-21.432200,13.440000,109.476128,-21.517900,14.679600,169,0,1,5.701460,-0.509547,-22.852755,18.985115,0.349783
1783534370.363663,-21.472100,13.565300,106.244370,-21.490400,14.817300,166,0,1,5.701460,-0.509547,-22.577791,19.181680,0.349783
1783534370.458951,-21.505400,13.694600,102.981057,-21.459300,14.945700,173,0,1,5.701460,-0.509547,-22.289587,19.364814,0.349783
1783534370.483366,-21.531600,13.827800,99.672942,-21.380300,15.204400,175,0,1,5.701460,-0.509547,-21.987278,19.533818,0.349783
1783534370.592986,-21.550300,13.962300,96.524845,-21.380300,15.204400,162,1,1,5.701460,-0.509547,-21.691933,19.684731,0.349783
1783534370.616526,-21.561900,14.103900,93.255073,-21.333100,15.332300,172,1,1,5.701460,-0.509547,-21.376910,19.825094,0.349783
1783534370.729099,-21.565700,14.239800,90.291150,-21.278600,15.464100,191,1,1,5.701460,-0.509547,-21.085131,19.943775,0.349783
1783534370.754957,-21.562000,14.386100,87.133474,-21.221900,15.588200,183,0,1,5.701460,-0.509547,-20.767963,20.054943,0.349783
1783534370.861668,-21.551200,14.526000,84.349789,-21.156100,15.719600,196,1,1,4.617982,-0.599634,-20.499816,19.062509,0.770528
1783534370.887488,-21.533700,14.665200,81.626762,-21.081500,15.857300,181,0,1,4.617982,-0.599634,-20.267983,19.146637,0.370528
1783534370.995982,-21.510800,14.797300,79.076185,-20.983100,16.020800,192,2,1,4.679454,-0.471539,-20.161032,19.302604,0.562011
1783534371.023596,-21.480300,14.936400,76.397619,-20.869800,16.188700,186,2,1,4.550357,-0.258715,-20.158677,19.298280,0.596352
1783534371.123113,-21.446200,15.063900,73.996771,-20.738800,16.364800,211,2,1,4.436583,-0.077981,-20.148112,19.307050,0.675418
1783534371.154906,-21.406400,15.192100,71.773971,-20.609600,16.522800,220,3,1,4.336700,0.066151,-20.112858,19.331918,0.555201
1783534371.251850,-21.358800,15.326600,69.541118,-20.471600,16.677900,237,1,1,4.210764,0.248110,-20.119450,19.358486,0.583450
1783534371.276864,-21.307700,15.455300,67.391391,-20.319000,16.837100,225,1,1,4.076370,0.392373,-20.102825,19.369253,0.542092
1783534371.381549,-21.254500,15.576300,65.377766,-20.165300,16.986200,225,0,1,4.076370,0.392373,-19.912844,19.445500,0.417092
1783534371.408746,-21.194300,15.701000,63.280709,-20.013800,17.123500,234,2,1,4.169288,0.382971,-19.661783,19.597283,0.540545
1783534371.507738,-21.133600,15.816200,61.418588,-19.850500,17.262100,209,2,1,4.233951,0.342439,-19.408757,19.698019,0.519316
1783534371.536550,-21.069300,15.929300,59.601211,-19.693100,17.387400,221,0,1,4.233951,0.342439,-19.222217,19.754465,0.419316
1783534371.633659,-20.995500,16.051200,57.473713,-19.532100,17.508100,221,2,1,4.159541,0.437057,-19.127474,19.793295,0.533111
1783534371.659674,-20.902400,16.192700,54.954712,-19.365200,17.626200,229,1,1,3.830046,0.727039,-19.298322,19.745836,0.501388
1783534371.757960,-20.786800,16.351300,52.513287,-19.197900,17.738200,228,0,1,3.830046,0.727039,-19.032822,19.832880,0.376388
1783534371.782707,-20.660500,16.509900,50.046873,-19.025200,17.847700,233,0,1,3.830046,0.727039,-18.758321,19.912775,0.376388
1783534371.885510,-20.524600,16.666400,47.629809,-18.849800,17.953000,253,1,1,3.631920,0.888619,-18.733501,19.948541,0.483748
1783534371.910802,-20.382200,16.817200,45.248168,-18.669200,18.055600,253,1,1,3.594727,0.904107,-18.493441,20.006567,0.607591
1783534372.010574,-20.250200,16.946600,43.244490,-18.486100,18.154000,248,1,1,3.368840,1.029588,-18.501597,20.004626,0.570774
1783534372.038076,-20.091900,17.090700,41.056503,-18.321200,18.238000,268,0,1,3.368840,1.029588,-18.227822,20.079738,0.345774
1783534372.147123,-19.928400,17.228900,39.083144,-18.128200,18.331000,249,0,1,3.368840,1.029588,-17.962500,20.151976,0.345774
1783534372.175352,-19.750000,17.369600,37.152484,-17.723800,18.508200,258,1,1,3.270433,0.999354,-17.746912,20.141256,0.628224
1783534372.272161,-19.580300,17.494900,35.477234,-17.723800,18.508200,271,0,1,3.270433,0.999354,-17.497040,20.206812,0.353224
1783534372.297209,-19.409700,17.613500,33.833263,-17.527500,18.585700,255,1,1,2.741552,1.198962,-17.799954,20.135867,0.538637
1783534372.403193,-19.244000,17.722000,32.396698,-17.332500,18.657400,261,1,1,2.787408,1.118188,-17.489528,20.159584,0.749600
1783534372.427730,-19.053500,17.839800,30.826259,-17.145000,18.721200,263,0,1,2.787408,1.118188,-17.232883,20.228386,0.349600
1783534372.531997,-18.868400,17.947700,29.436450,-16.931100,18.787400,273,1,1,2.296723,1.239596,-17.477390,20.156009,0.744897
1783534372.556419,-18.689300,18.046600,28.194137,-16.724700,18.844800,280,0,1,2.296723,1.239596,-17.250739,20.224232,0.344897
1783534372.660518,-18.508200,18.141700,26.968101,-16.526200,18.893400,260,0,1,2.296723,1.239596,-17.023374,20.288053,0.344897
1783534372.723935,-18.313400,18.238400,25.661871,-16.326100,18.935300,308,0,1,2.296723,1.239596,-16.780032,20.350347,0.344897
1783534372.748428,-18.125300,18.326800,24.440759,-16.112000,18.972500,298,0,1,2.296723,1.239596,-16.547273,20.405590,0.344897
1783534372.853470,-17.947200,18.405900,23.281362,-15.906300,19.000800,281,2,1,2.219209,0.980742,-16.296325,20.183920,0.786876
1783534372.879287,-17.746600,18.489900,21.971608,-15.712700,19.020200,255,2,1,2.344453,0.892319,-15.906285,20.194580,0.796684
1783534372.979794,-17.565300,18.561300,20.783556,-15.495900,19.033100,328,4,1,2.464244,0.793012,-15.542802,20.177118,0.808081
1783534373.006119,-17.370400,18.633200,19.502237,-15.301400,19.036700,297,2,1,2.244490,0.854082,-15.539809,20.187590,0.805382
1783534373.104732,-17.180000,18.698600,18.154327,-15.094000,19.032200,296,2,1,2.060527,0.899240,-15.502227,20.195090,0.803850
1783534373.172296,-16.975700,18.763100,16.613539,-14.893500,19.019300,275,1,1,2.232164,0.832312,-15.074688,20.198876,0.809030
1783534373.196207,-16.760300,18.824400,14.877119,-14.681000,18.995900,304,2,1,2.348798,0.801042,-14.695902,20.201636,0.810303
1783534373.304236,-16.562100,18.874500,13.203115,-14.460200,18.960500,281,1,1,2.136024,0.866680,-14.680492,20.206147,0.806629
1783534373.332768,-16.356100,18.920100,11.463334,-14.056800,18.865300,275,1,1,1.924619,0.926954,-14.654096,20.211064,0.803470
1783534373.433700,-16.145700,18.959600,9.437790,-14.056800,18.865300,287,0,1,1.924619,0.926954,-14.399131,20.189600,0.403470
1783534373.460396,-15.940400,18.990300,7.185284,-13.870300,18.807700,263,0,1,1.924619,0.926954,-14.146837,20.150703,0.403470
1783534373.558896,-15.730900,19.013000,4.832767,-13.697600,18.744200,268,0,1,1.924619,0.926954,-13.891217,20.098804,0.403470
1783534373.627171,-15.530300,19.026700,2.585203,-13.508300,18.663000,277,0,1,1.924619,0.926954,-13.649450,20.039521,0.403470
1783534373.696401,-15.300300,19.032500,-0.108145,-13.328200,18.575700,283,0,1,1.924619,0.926954,-13.373934,19.955820,0.403470
1783534373.767162,-15.092900,19.028100,-2.721450,-13.126500,18.465500,298,0,1,1.924619,0.926954,-13.126439,19.862627,0.403470
1783534373.834887,-14.863500,19.012100,-5.680169,-12.949300,18.357500,313,0,1,1.924619,0.926954,-12.856585,19.744013,0.403470
1783534373.899915,-14.638400,18.984800,-8.631308,-12.758300,18.229100,303,1,1,1.924619,0.926954,-12.596465,19.612418,0.403470
1783534373.923166,-14.430800,18.949000,-11.369075,-12.412300,17.961300,308,2,1,1.924619,0.926954,-12.361217,19.478369,0.403470
1783534374.034200,-14.228400,18.904100,-14.055864,-12.412300,17.961300,328,1,1,1.924619,0.926954,-12.136277,19.335873,0.403470
1783534374.061557,-14.022200,18.847900,-16.889914,-12.256500,17.824200,341,0,1,1.924619,0.926954,-11.911288,19.175703,0.403470
1783534374.164465,-13.822000,18.782600,-19.687188,-12.101600,17.676500,308,0,1,1.924619,0.926954,-11.697606,19.006995,0.403470
1783534374.192049,-13.613300,18.702700,-22.661451,-11.954500,17.525400,329,2,1,1.924619,0.926954,-11.480124,18.816564,0.403470
1783534374.290522,-13.426500,18.620400,-25.331651,-11.804600,17.359200,344,0,1,1.924619,0.926954,-11.290336,18.634762,0.403470
1783534374.316970,-13.246600,18.531000,-27.935240,-11.549400,17.044100,308,1,1,1.924619,0.926954,-11.111988,18.448311,0.403470
1783534374.420381,-13.068200,18.432000,-30.577039,-11.549400,17.044100,313,0,1,1.924619,0.926954,-10.939668,18.251011,0.403470
1783534374.448869,-12.894500,18.324800,-33.211578,-11.428800,16.879100,342,0,1,1.924619,0.926954,-10.776537,18.046164,0.403470
1783534374.553575,-12.707300,18.196600,-35.971225,-11.313500,16.710300,361,2,1,1.924619,0.926954,-10.605209,17.816315,0.403470
1783534374.580139,-12.531400,18.063800,-38.559776,-11.191800,16.518500,330,1,1,1.924619,0.926954,-10.448629,17.588965,0.403470
1783534374.683745,-12.369000,17.929500,-40.947835,-11.080100,16.328200,339,0,1,1.924619,0.926954,-10.307823,17.368294,0.403470
1783534374.711226,-12.219300,17.795300,-43.206293,-10.979300,16.142900,358,2,1,1.924619,0.926954,-10.181839,17.153304,0.403470
1783534374.810107,-12.070400,17.650800,-45.420825,-10.889000,15.963100,366,3,1,1.924619,0.926954,-10.059269,16.930554,0.403470
1783534374.837219,-11.927000,17.500700,-47.568730,-10.801800,15.774700,366,0,1,1.924619,0.926954,-9.944276,16.705584,0.403470
1783534374.940561,-11.785000,17.340400,-49.627737,-10.721000,15.583400,374,1,1,1.924619,0.926954,-9.832123,16.474561,0.403470
1783534375.004751,-11.646700,17.172800,-51.643778,-10.644500,15.383500,398,1,1,1.924619,0.926954,-9.725492,16.238796,0.403470
1783534375.074430,-11.518100,17.005500,-53.550293,-10.574500,15.177700,389,1,1,1.924619,0.926954,-9.629029,16.008097,0.403470
1783534375.144370,-11.391500,16.828800,-55.496262,-10.514100,14.975700,402,0,1,1.924619,0.926954,-9.537387,15.767825,0.403470
1783534375.170555,-11.269100,16.645200,-57.433970,-10.460000,14.765300,397,2,1,1.924619,0.926954,-9.451922,15.522138,0.403470
1783534375.278284,-11.151400,16.454800,-59.375874,-10.413500,14.549700,384,1,1,1.924619,0.926954,-9.373322,15.270806,0.403470
1783534375.346020,-11.041600,16.263400,-61.283602,-10.375100,14.329200,411,0,1,1.924619,0.926954,-9.303922,15.020870,0.403470
1783534375.369247,-10.936900,16.065400,-63.253608,-10.346100,14.110600,401,1,1,1.924619,0.926954,-9.242963,14.763870,0.403470
1783534375.474549,-10.847400,15.881700,-65.078504,-10.325800,13.887800,406,0,1,1.924619,0.926954,-9.195769,14.526886,0.403470
1783534375.501343,-10.763700,15.695200,-66.924602,-10.315600,13.683800,402,1,1,1.924619,0.926954,-9.156572,14.287882,0.403470
1783534375.603632,-10.685000,15.503000,-68.843525,-10.313500,13.479500,399,0,1,1.924619,0.926954,-9.125898,14.042656,0.403470
1783534375.629718,-10.612800,15.308400,-70.785628,-10.319500,13.272100,414,0,1,1.924619,0.926954,-9.104084,13.796058,0.403470
1783534375.732925,-10.547400,15.111300,-72.823333,-10.333500,13.065000,385,0,1,1.924619,0.926954,-9.093412,13.546268,0.403470
1783534375.758507,-10.486700,14.902700,-75.117806,-10.355500,12.858600,391,0,1,1.924619,0.926954,-9.096535,13.280712,0.403470
1783534375.856138,-10.439500,14.713900,-77.199769,-10.386900,12.643600,386,0,1,1.924619,0.926954,-9.109178,13.042479,0.403470
1783534375.881338,-10.396800,14.510800,-79.416720,-10.421800,12.452100,428,0,1,1.924619,0.926954,-9.132130,12.789169,0.403470
1783534376.020372,-10.363100,14.312700,-81.653687,-10.466200,12.249300,425,1,1,2.200605,1.902930,-8.160893,12.411623,0.642675
1783534376.051923,-10.335500,14.097200,-84.115329,-10.515900,12.054400,429,0,1,2.200605,1.902930,-8.216978,12.103292,0.242675
1783534376.187723,-10.312700,13.799800,-87.479470,-10.576500,11.845600,419,3,1,1.605180,2.051596,-8.192497,12.286396,0.631372
1783534376.218171,-10.307000,13.585900,-89.866745,-10.671100,11.562400,410,1,1,1.605180,2.051596,-8.251676,11.985496,0.231372
1783534376.313475,-10.315500,13.261800,-93.502610,-10.746200,11.361800,373,1,1,1.581458,1.977519,-8.438293,11.562482,0.644019
1783534376.341022,-10.332700,13.045300,-95.955744,-10.870900,11.062100,369,3,1,1.572263,1.949908,-8.556456,11.279200,0.598737
1783534376.451273,-10.355800,12.852100,-98.012833,-10.961400,10.864400,311,4,1,1.667056,1.875744,-8.730748,10.939851,0.558975
1783534376.517980,-10.395300,12.605500,-100.544256,-11.047100,10.689400,333,3,1,1.998181,1.624787,-9.163606,10.343733,0.692049
1783534376.586939,-10.439900,12.386200,-102.702586,-11.162200,10.467500,259,3,1,2.555992,1.218770,-9.812998,9.624771,0.615882
1783534376.610561,-10.491700,12.171700,-104.815973,-11.269800,10.271000,317,2,1,1.856696,1.537186,-9.480408,9.983653,0.559467
1783534376.720164,-10.545700,11.977900,-106.580921,-11.379500,10.079300,249,2,1,2.408708,1.179781,-10.102348,9.332678,0.751014
1783534376.746727,-10.610600,11.770400,-108.441384,-11.482400,9.906300,189,1,1,2.269861,1.212672,-10.178237,9.233492,0.699804
1783534376.851627,-10.677600,11.577200,-110.103093,-11.596300,9.720800,168,1,1,2.676595,0.978978,-10.678239,8.727190,0.773880
1783534376.875927,-10.761900,11.355800,-111.800795,-11.705600,9.547900,189,2,1,2.903706,0.836020,-11.064052,8.349283,0.788530
1783534376.980937,-10.841000,11.163600,-113.203706,-11.834600,9.349000,160,1,1,2.627929,0.934980,-11.017058,8.379861,0.781937
1783534377.007897,-10.922100,10.979400,-114.550502,-11.949400,9.175700,130,1,1,2.954936,0.790634,-11.430705,7.963099,0.718721
1783534377.111156,-11.011600,10.788300,-115.835189,-12.061900,9.008700,117,1,1,2.739700,0.862796,-11.428957,7.946437,0.714448
1783534377.140272,-11.106800,10.596300,-117.099128,-12.181300,8.834600,146,3,1,2.944081,0.773828,-11.759044,7.622918,0.721537
1783534377.238886,-11.206000,10.406300,-118.217402,-12.303800,8.658600,143,2,1,2.762338,0.824110,-11.785911,7.582584,0.644542
1783534377.307900,-11.304000,10.226700,-119.142292,-12.427400,8.483500,120,0,1,2.762338,0.824110,-11.929415,7.412713,0.394542
1783534377.380722,-11.412900,10.034600,-120.073625,-12.546500,8.317100,128,2,1,2.959156,0.736735,-12.258213,7.104613,0.676561
1783534377.441300,-11.533100,9.830300,-121.046234,-12.676000,8.138200,118,1,1,2.718312,0.790997,-12.257326,7.093441,0.725790
1783534377.514528,-11.643000,9.650100,-121.795233,-12.816200,7.947000,126,1,1,2.905881,0.735937,-12.548565,6.792531,0.778293
1783534377.581242,-11.762100,9.460200,-122.503931,-12.941900,7.777400,129,2,1,2.679434,0.765894,-12.555993,6.788928,0.805689
1783534377.605960,-11.881700,9.274600,-123.197067,-13.076300,7.598100,124,1,1,2.489793,0.795299,-12.579413,6.755718,0.781979
1783534377.710374,-11.990800,9.109200,-123.710159,-13.209700,7.422100,116,3,1,2.882022,0.702286,-13.006098,6.322011,0.808981
