time_sec,s_m,lateral_offset_m,ego_x_m,ego_y_m,ego_heading_rad,evader_x_m,evader_y_m,engagement_radius_m
0.0,66.97957363255517,-0.11834500600603914,-1.1867678638199828,8.175167082036689,1.7311939988281542,-2.411621117248333,10.955853369794774,0.40224370722237535
0.023775567933992842,67.14886533549851,-0.11448833180956669,-1.201577000988829,8.266701568529461,1.7408563094001621,-2.4504887277634104,11.02364040920193,0.40224370722237535
0.05369011252069304,67.31815703844185,-0.11009863091234916,-1.2222042632991885,8.381530312807055,1.7600829928543371,-2.4993922591700937,11.108930592125008,0.40224370722237535
0.08866554881835796,67.48744874138521,-0.1053399844719198,-1.2491916935219853,8.515238146584416,1.7832190253983378,-2.5567940746379056,11.208605829300156,0.40224370722237535
0.12748161113026815,67.65674044432855,-0.10043054931179798,-1.2828732008906227,8.662826292002746,1.8094762570192153,-2.624864196415715,11.318383668475095,0.40224370722237535
0.1691458638482511,67.82603214727189,-0.09562077907671122,-1.3233905826822483,8.820184266638371,1.8371783545243914,-2.69792856048431,11.436215806844444,0.40224370722237535
0.2128949812622449,67.99532385021523,-0.0911672587313998,-1.3705539518949543,8.984157839599696,1.8644986144737625,-2.7809674979781573,11.560667030722716,0.40224370722237535
0.25795881811763943,68.16461555315857,-0.0873067376416336,-1.423655091086574,9.151692812876453,1.8904686765708636,-2.8660835858708165,11.68819862169747,0.40224370722237535
0.3034339233951982,68.33390725610192,-0.08423414162298029,-1.4815092528321177,9.319344090416463,1.9153388269976386,-2.949809602169616,11.814682173166831,0.40224370722237535
0.3484782752046942,68.50319895904526,-0.0820868726673127,-1.5428862318140626,9.483946215440417,1.9399959967074165,-3.0240556813838118,11.94110191566759,0.40224370722237535
0.39266763965629664,68.6724906619886,-0.08093617967743683,-1.6070861983733333,9.64388035888318,1.9649901503512428,-3.0871478082004264,12.066393256272097,0.40224370722237535
0.4361667930527926,68.84178236493194,-0.08078522147628389,-1.6742200604977135,9.799678455091534,1.9899578729994722,-3.1377212338525435,12.1896596858901,0.40224370722237535
0.4795203024416365,69.01107406787528,-0.0815727749583646,-1.744935177760584,9.953258969670879,2.014009601262583,-3.182384391912744,12.312479177148672,0.40224370722237535
0.5232341978346101,69.18036577081864,-0.0831812822150326,-1.819829826045388,10.106411349317108,2.03670849537442,-3.2318357689513655,12.440790271507366,0.40224370722237535
0.5674763588980191,69.34965747376198,-0.08544791735317603,-1.8990272877624033,10.259706299469613,2.058489551457878,-3.2887931012792206,12.577644795027059,0.40224370722237535
0.6120742222910722,69.51894917670532,-0.08817744941868316,-1.9821753755238993,10.412476127537937,2.080223066996552,-3.3455727182882455,12.714179847862065,0.40224370722237535
0.6567052115513133,69.68824087964866,-0.0911558099426015,-2.0687249421087186,10.563493857793988,2.1026483100236515,-3.401764874810099,12.849409974701736,0.40224370722237535
0.7010817171523677,69.857532582592,-0.09416342131458375,-2.158203567015803,10.71163648169916,2.126161524301797,-3.4586351176075256,12.985425746278661,0.40224370722237535
0.745043757538032,70.02682428553535,-0.096987587001374,-2.2503613240106586,10.856214217044757,2.150771675528677,-3.5156424925423835,13.121212852738253,0.40224370722237535
0.7885787729665207,70.1961159884787,-0.09943297516482337,-2.345188678553915,10.997051885461499,2.1758078591548036,-3.575946984330432,13.25242517481041,0.40224370722237535
0.8317917286258164,70.36540769142204,-0.10133042556493227,-2.442771500431057,11.134456876016458,2.199369883511895,-3.6373406808342827,13.381368532872028,0.40224370722237535
0.8748112707300347,70.53469939436538,-0.10254332733292668,-2.542922085234299,11.269062664959645,2.2179699765113603,-3.6923649865308867,13.508313532196452,0.40224370722237535
0.9176842388863738,70.70399109730872,-0.10297168105357321,-2.644737093791715,11.401694011948818,2.2268100297548727,-3.7452693033076025,13.634375802315216,0.40224370722237535
0.9603446266468891,70.87328280025207,-0.1025539160725691,-2.746393369594378,11.53340131118356,2.220847249230924,-3.7955625706097975,13.759352890690211,0.40224370722237535
1.0027034575623428,71.04257450319541,-0.10126665225255635,-2.845409835401952,11.665638199621347,2.196701866348087,-3.8441202585935605,13.883177231139351,0.40224370722237535
1.0447774860807082,71.21186620613875,-0.09912268431485499,-2.9392732504964036,11.800229300579696,2.1550417737380014,-3.891637428924269,14.007566702937185,0.40224370722237535
1.086729639160705,71.38115790908209,-0.09616752885754741,-3.026105099993782,11.938900038641721,2.1017771899393902,-3.9371445520940505,14.135262626774281,0.40224370722237535
1.1287522759752286,71.55044961202543,-0.09247491088899269,-3.1050463006308604,12.082523352681172,2.0460856811677894,-3.982956219432723,14.263191138033918,0.40224370722237535
1.1709183297917924,71.71974131496879,-0.08814157924905894,-3.1762945052923737,12.23073505845797,1.9962383030550468,-4.031271647031398,14.391738907710808,0.40224370722237535
1.2131764630194655,71.88903301791213,-0.08328182940436872,-3.240902448664832,12.382349927367699,1.956758493146125,-4.079384476208468,14.521068231178964,0.40224370722237535
1.255523501069242,72.05832472085547,-0.07802207923851356,-3.300490609149129,12.536378861813697,1.928461233986124,-4.12321341399157,14.657783599748134,0.40224370722237535
1.2981467111078313,72.2276164237988,-0.0724957914229189,-3.3569083793255228,12.692742606669619,1.9099395563815333,-4.16615937116835,14.79354823588446,0.40224370722237535
1.3412944645587834,72.39690812674215,-0.06683896926621553,-3.411771270502394,12.851824207118975,1.8989313736779205,-4.207358806907818,14.927397128817756,0.40224370722237535
1.384936130206077,72.5661998296855,-0.0611863776558053,-3.465991829109262,13.013159326288083,1.89320007448756,-4.247994539130431,15.061503861521855,0.40224370722237535
1.4285842542520377,72.73549153262884,-0.05566856378621873,-3.5196355013994136,13.174713715730382,1.8909677354225194,-4.287013066904498,15.193633348146708,0.40224370722237535
1.471577777961541,72.90478323557218,-0.05040968075463932,-3.572339601159503,13.333890024048783,1.8909236006719343,-4.326053791173021,15.32443065892257,0.40224370722237535
1.513658505543359,73.07407493851552,-0.04552605675356576,-3.6240454842059338,13.489646826689045,1.892004218957316,-4.365283966013477,15.453539915032275,0.40224370722237535
1.5552819777766937,73.24336664145886,-0.041125407620024895,-3.675402911125064,13.6436401516554,1.893329782144277,-4.405315700125659,15.581742470552562,0.40224370722237535
1.5973137938973707,73.41265834440222,-0.037306562906215826,-3.7274588378373936,13.799079160398705,1.894421869944893,-4.448049643538088,15.71213709110137,0.40224370722237535
1.6403566498523543,73.58195004734556,-0.034159565020541835,-3.7809144920840962,13.958207627759887,1.8953205425732251,-4.49101745230055,15.847367656339403,0.40224370722237535
1.6843342790900662,73.7512417502889,-0.031766005158597545,-3.8356727779599944,14.120744254161094,1.8963297007523665,-4.532915703255258,15.989827931219367,0.40224370722237535
1.7286771214310812,73.92053345323224,-0.030199475165332768,-3.8910744210502544,14.284567003973647,1.8976784574270276,-4.581005359688454,16.12860340966724,0.40224370722237535
1.7728493562779575,74.08982515617558,-0.029526037037511547,-3.9465164672852246,14.447673483334157,1.8993643223112038,-4.632716749519552,16.263674826912226,0.40224370722237535
1.816683061002908,74.25911685911893,-0.029804637467643377,-4.00182835774386,14.609429449200292,1.901187502587639,-4.683822180368719,16.401840379838962,0.40224370722237535
1.8602773476436676,74.42840856206227,-0.031087420213237967,-4.057131276207686,14.770201373394022,1.902915815517738,-4.7380431641208665,16.55660436885003,0.40224370722237535
1.9036918921828216,74.59770026500561,-0.033419911597668064,-4.112467441841328,14.930220315080257,1.9044575631011627,-4.813976568179094,16.812477306544064,0.40224370722237535
1.9468255545861037,74.76699196794895,-0.03684107252812657,-4.1676764745611115,15.089123942747273,1.9059105063676582,-4.879210188485555,17.002513404858018,0.40224370722237535
1.9895558001801057,74.9362836708923,-0.04138322335747595,-4.222598204148152,15.246461622479796,1.9074705775682406,-4.916920498418137,17.021563450555842,0.40224370722237535
2.0319091977649326,75.10557537383565,-0.04707185573463071,-4.277295187356228,15.402320836172402,1.90931686069978,-4.967456342053609,17.08133967004272,0.40224370722237535
2.0740725374550535,75.27486707677899,-0.053925348792418795,-4.332060728973072,15.557370088262454,1.9115709271717451,-5.0323828808417925,17.18627706807725,0.40224370722237535
2.116288283459775,75.44415877972233,-0.06195460642106267,-4.387278792329482,15.712475727020204,1.9143041392802094,-5.096258475498119,17.301593251960693,0.40224370722237535
2.1587449826342726,75.61345048266567,-0.07116262892510226,-4.4432769270487515,15.86830036709319,1.9175606799979128,-5.1597719219815215,17.42415641175395,0.40224370722237535
2.2015418698701406,75.78274218560901,-0.08154402706632839,-4.500277173303172,16.025173582557514,1.921392097812411,-5.230424819016637,17.54574880810224,0.40224370722237535
2.244712609225418,75.95203388855236,-0.09308448035471503,-4.558428928635397,16.183178152344787,1.9258606083977596,-5.3042644228526195,17.66764683171751,0.40224370722237535
2.2882554259203056,76.1213255914957,-0.10576013543065636,-4.617846324568932,16.34226109138084,1.931024610416068,-5.37718646356375,17.787229997474654,0.40224370722237535
2.3321507471646044,76.29061729443904,-0.11953693540011556,-4.678629915005806,16.502298497565786,1.9369525257720095,-5.450538709012782,17.907434552071223,0.40224370722237535
2.3763783019136206,76.45990899738239,-0.13436986787588912,-4.740892865091062,16.663156354441494,1.9437207481601961,-5.530963338350171,18.023426801640458,0.40224370722237535
2.4209168623917603,76.62920070032573,-0.15020211896009475,-4.804759315750775,16.824689324852155,1.9514005454877534,-5.612232582158333,18.140016272110934,0.40224370722237535
2.465744184077871,76.79849240326908,-0.1669641230193742,-4.870363106464158,16.986740140428292,1.960076392750795,-5.701005467134753,18.25559196267833,0.40224370722237535
2.510838739510276,76.96778410621242,-0.18457250416741133,-4.937854653053495,17.149143077775182,1.9698429698792188,-5.790196809970896,18.371576057552943,0.40224370722237535
2.5561807475148455,77.13707580915576,-0.20292891490619597,-5.007400367519578,17.311727202038824,1.9807866301273171,-5.879158930287769,18.486372592660214,0.40224370722237535
2.60174863556572,77.3063675120991,-0.22191879009427334,-5.079175519275405,17.474302921997804,1.9930033664435667,-5.969332927976154,18.600831592274012,0.40224370722237535
2.647520114699173,77.47565921504244,-0.2414100496849325,-5.153368724822402,17.636662857711812,2.006588554018046,-6.062446490586955,18.71279759194268,0.40224370722237535
2.693472686499245,77.64495091798578,-0.2612518005853031,-5.230177152477215,17.798584111493906,2.021609876733926,-6.157692426956122,18.824754981074577,0.40224370722237535
2.739579600041055,77.81424262092914,-0.2812731053608896,-5.309793374640775,17.959814993410852,2.0381207324503268,-6.256362210003159,18.93629365949703,0.40224370722237535
2.7858110815663903,77.98353432387248,-0.30128190202512933,-5.392404755932316,18.1200786867951,2.056137944464959,-6.356405174186878,19.04644291790968,0.40224370722237535
2.8321327121138835,78.15282602681582,-0.3210641734337638,-5.4781762735535,18.279073165439854,2.0756335249769067,-6.457657666411693,19.155257436832674,0.40224370722237535
2.8785051114327445,78.32211772975916,-0.3403834755278543,-5.567243941023008,18.43647242137286,2.0965337230951344,-6.628460849948808,19.334442241020625,0.40224370722237535
2.9248698071695354,78.4914094327025,-0.35898093966816297,-5.659672483165295,18.591886943252863,2.118681554265616,-6.8371533883625055,19.551957999601235,0.40224370722237535
2.9711278148926215,78.66070113564585,-0.3765758646366248,-5.755389650111032,18.744807287935984,2.141859540386015,-6.867975267187987,19.578629550928795,0.40224370722237535
3.0171051712214543,78.82999283858919,-0.39286700788380624,-5.854096070848673,18.894506067363,2.1658965290092564,-6.879020007956478,19.58385580154978,0.40224370722237535
3.062528456658153,78.99928454153253,-0.4075346729086553,-5.955204608214997,19.039969032719036,2.190881387938841,-6.985903137154042,19.68621383920227,0.40224370722237535
3.10708061328296,79.16857624447587,-0.42024367020065495,-6.057991373463566,19.18005874921221,2.2173990387587508,-7.09025748249417,19.785676655311317,0.40224370722237535
3.150565420863849,79.33786794741921,-0.4306472031744265,-6.162042441330658,19.313978119035607,2.2464212325885615,-7.189424095491884,19.877528852310007,0.40224370722237535
3.1931036438467904,79.50715965036257,-0.43839169848089543,-6.267777287691659,19.441816468408035,2.2786042358663487,-7.286432170353313,19.967381722477516,0.40224370722237535
3.235193423721596,79.67645135330591,-0.4431225627649952,-6.376600011667677,19.564710258750605,2.3135100051427666,-7.388799541834878,20.05869928445564,0.40224370722237535
3.277509516206413,79.84574305624925,-0.4444908064304057,-6.490364455462189,19.684265532282758,2.3497923639825666,-7.492206354388998,20.150692280957436,0.40224370722237535
3.320558866678642,80.01503475919259,-0.44216043066035154,-6.6104627650044,19.801586785546146,2.386368947391704,-7.599853363053212,20.244715896097297,0.40224370722237535
3.3644767910633484,80.18432646213593,-0.43581642856618413,-6.73728071392139,19.91671286305978,2.423173208014449,-7.709716074696897,20.339561942550073,0.40224370722237535
3.4090851952720524,80.35361816507928,-0.4251732069722742,-6.870340503576224,20.028791493093287,2.460771053251359,-7.819824377367686,20.429149966455302,0.40224370722237535
3.454089939451866,80.52290986802262,-0.409983194380046,-7.0088053615095385,20.13665357061634,2.4996074286746177,-7.93086358365535,20.518986724711933,0.40224370722237535
3.4992505844197948,80.69220157096596,-0.39004536567564607,-7.151920957737165,20.23931064798816,2.5396664494164805,-8.04203921097203,20.606215022464713,0.40224370722237535
3.544434619342475,80.8614932739093,-0.3652133877914917,-7.299163956416239,20.336120719214772,2.58057082830721,-8.153498262781222,20.693526913053578,0.40224370722237535
3.5896078282135147,81.03078497685264,-0.3354030752713222,-7.450233207146768,20.42676228488557,2.6217397073116113,-8.267696771123617,20.781293407704275,0.40224370722237535
3.6348189180045747,81.200076679796,-0.30059884257731934,-7.605030252619145,20.511188366571695,2.6624249253075623,-8.382100704240996,20.86915879306675,0.40224370722237535
3.6802010857074547,81.36936838273934,-0.26085885241413714,-7.763693030505384,20.58962141913975,2.7016714896285974,-8.506018846520835,20.959420518732653,0.40224370722237535
3.7259738438383385,81.53866008568268,-0.21631858686467656,-7.926626517183373,20.66255865416981,2.738412159111063,-8.629471667844278,21.047858493584272,0.40224370722237535
3.772386169185575,81.70795178862602,-0.16719261028643234,-8.094336414255991,20.73065646187481,2.772021465172394,-8.751624890840567,21.132398677587553,0.40224370722237535
3.8195657166116344,81.87724349156936,-0.11377434824904815,-8.266946721573916,20.794388465401664,2.8030078463258827,-8.878724406487676,21.21977634850693,0.40224370722237535
3.8673538006689587,82.0465351945127,-0.05643377293333077,-8.443643067379432,20.853663192329577,2.833027607030814,-9.010966207058978,21.310004140983484,0.40224370722237535
3.9152794062097094,82.21582689745605,0.0043870407308051335,-8.622559636669964,20.907738672909733,2.8638612029765347,-9.139709862541103,21.39164824486504,0.40224370722237535
3.9627638268935037,82.3851186003994,0.06818044588129352,-8.80143833864205,20.955670549980496,2.895858228666892,-9.26684419052961,21.471573108551528,0.40224370722237535
4.0094481673775775,82.55441030334273,0.13438172069923904,-8.978738175204073,20.997069371912097,2.9271064611917135,-9.400083125752591,21.55269158569601,0.40224370722237535
4.0553708637796255,82.72370200628608,0.20237933539286487,-9.154290127778093,21.03253471230783,2.954312594056814,-9.529806390637669,21.630870036048268,0.40224370722237535
4.100870161318403,82.89299370922942,0.27152672409344075,-9.329023787170875,21.06344876249717,2.9750378835222353,-9.655221748164347,21.704754414475858,0.40224370722237535
4.146304426102701,83.06228541217277,0.34115523682528387,-9.504010611248296,21.091326977183684,2.989432492855661,-9.783544456497273,21.77820771169233,0.40224370722237535
4.191797890717524,83.23157711511611,0.4105878984471737,-9.679538714473445,21.117198630316828,2.999762736539131,-9.916025464233318,21.851336318848173,0.40224370722237535
4.2371804975693514,83.40086881805945,0.47915356642273826,-9.854865010782028,21.141424998259794,3.008326556340715,-10.042511528339663,21.918467901312685,0.40224370722237535
4.282142768450589,83.57016052100279,0.546201058729416,-10.02875668656554,21.16401502601002,3.0159084418896254,-10.165954091986224,21.983056863667862,0.40224370722237535
4.326434817882327,83.73945222394613,0.6111128179856974,-10.200209008730523,21.185059285374233,3.021884086552759,-10.291398483510749,22.04656517873551,0.40224370722237535
4.369949206986414,83.90874392688949,0.6733176883626579,-10.368750067363003,21.20491068013587,3.025245624801691,-10.41692916347576,22.108888320805036,0.40224370722237535
4.412702705975373,84.07803562983283,0.7323024079882721,-10.53437903888502,21.22411536397759,3.025244708904454,-10.540873317018422,22.167163318509523,0.40224370722237535
4.45483233043841,84.24732733277617,0.7876214607648486,-10.697555989343469,21.243340134563525,3.0213925287489243,-10.66325448415527,22.223386885640405,0.40224370722237535
4.496588101845416,84.4166190357195,0.8389049866028813,-10.859170159780085,21.263344407472434,3.0138447926192993,-10.784496026427453,22.27683258415958,0.40224370722237535
4.538178473157148,84.58591073866285,0.8858645161514814,-11.019953803032822,21.284751281067635,3.0041628255771764,-10.905217694643177,22.32836256716047,0.40224370722237535
4.579510113064293,84.7552024416062,0.9282963726061273,-11.179512686646824,21.307648299587903,2.994981332323037,-11.026800871764097,22.37857060814909,0.40224370722237535
4.620094565585309,84.92449414454954,0.9660826659018706,-11.33599651305376,21.33142159142253,2.988391384346886,-11.14983487836575,22.4256039825409,0.40224370722237535
4.659330330385164,85.09378584749288,0.9991898898887766,-11.487164542542923,21.3551531938144,2.984533860413397,-11.268780833756116,22.47107457889707,0.40224370722237535
4.696987020331158,85.26307755043622,1.0276652170405234,-11.632185758944512,21.37832703210779,2.981628939491592,-11.391210230781613,22.513221221743002,0.40224370722237535
4.733458135826976,85.43236925337956,1.0516306640310664,-11.772571747689883,21.401201428763915,2.977577191152459,-11.509979344912962,22.554006108862538,0.40224370722237535
4.769557244582318,85.60166095632292,1.0712753716501526,-11.911410458586355,21.424539332218814,2.9720507848572386,-11.619417492410376,22.588392738838284,0.40224370722237535
4.80603803531138,85.77095265926626,1.0868463011556768,-12.051573620188819,21.448962428096106,2.9668647009720344,-11.729848534184086,22.623021925597435,0.40224370722237535
4.843238286544621,85.9402443622096,1.0986376942178586,-12.194390521751851,21.474493259074755,2.964326620277608,-11.858683683336347,22.659207314655006,0.40224370722237535
4.881058386689894,86.10953606515294,1.1069796739155127,-12.33956809933899,21.500555610957445,2.96578974590492,-12.011550778134021,22.69717365020322,0.40224370722237535
4.919191180116745,86.27882776809628,1.1122263794745202,-12.486040573876712,21.5263010242785,2.9714570853271405,-12.165681253280054,22.73545376107564,0.40224370722237535
4.957351679990154,86.44811947103963,1.114744028018741,-12.632813772866072,21.55093415856711,2.9807896977865114,-12.314616788547458,22.784831321715462,0.40224370722237535
4.9953682010501685,86.61741117398297,1.1148992835471903,-12.779293786480089,21.573867702725643,2.9928977260232292,-12.41458427603498,22.807265234811,0.40224370722237535
5.033127127052612,86.78670287692631,1.1130482880806867,-12.925070558560034,21.594714399785893,3.0067872982471195,-12.497094373158642,22.815654005637306,0.40224370722237535
5.070465882899605,86.95599457986965,1.1095266741079692,-13.069509902861718,21.613229110295187,3.0215734705380144,-12.578686487361512,22.823949445482153,0.40224370722237535
5.1071176986309865,87.125286282813,1.104640832907504,-13.211549821249138,21.629263454866976,3.036785095514477,-12.672248828641573,22.835144027064572,0.40224370722237535
5.14279533966338,87.29457798575635,1.0986606618894317,-13.350038574603472,21.642738765384035,3.0526581446827294,-12.772474705142619,22.8481139720297,0.40224370722237535
5.177417415291826,87.46386968869969,1.0918139576869323,-13.48462603539587,21.653613585619574,3.0700898698263828,-12.869735525107307,22.860700217480918,0.40224370722237535
5.211354885675416,87.63316139164303,1.0842825622491241,-13.61672625673099,21.661840241193698,3.0898841900407863,-12.96507277552774,22.87303753928091,0.40224370722237535
5.245457257262855,87.80245309458637,1.076200308592847,-13.749612247483489,21.667327840586832,3.1116175886675705,-13.060820364414736,22.877953754274433,0.40224370722237535
5.28075260862176,87.97174479752971,1.0676527531044855,-13.88723911549759,21.669951311120705,3.1334633135098247,-13.159907616576612,22.881518951383857,0.40224370722237535
5.317959334779284,88.14103650047306,1.0586786242451165,-14.032344983577868,21.669626321783113,3.153460358296008,-13.272230045180564,22.883221137934054,0.40224370722237535
5.357131245981081,88.3103282034164,1.049272864982616,-14.185081711841212,21.666416437183415,3.1706115284543084,-13.397344935973788,22.883221137934054,0.40224370722237535
5.397651877983408,88.47961990635974,1.039391099825953,-14.343005423980784,21.66060877398466,3.1848663470239313,-13.52385665133067,22.883221137934054,0.40224370722237535
5.438572113281954,88.64891160930308,1.028955318253475,-14.502397082798977,21.652676451471223,3.19668054271876,-13.648390438978739,22.883221137934054,0.40224370722237535
5.479085120040758,88.81820331224642,1.0178605355432222,-14.660108693526972,21.643122532293287,3.206710856395458,-13.772864573900167,22.883221137934054,0.40224370722237535
5.518881718288429,88.98749501518978,1.0059821700901321,-14.814937331214104,21.6322955764892,3.215553033581373,-13.903335531966597,22.883221137934054,0.40224370722237535
5.558181308566667,89.15678671813312,0.9931838634342125,-14.96773783591481,21.620328586853653,3.2234624192802572,-14.032155298405435,22.883221137934054,0.40224370722237535
5.597465586652018,89.32607842107646,0.9793254653149179,-15.120385781048219,21.607232562157552,3.230360836531376,-14.15808239825831,22.883221137934054,0.40224370722237535
5.637166905720565,89.4953701240198,0.9642709107526839,-15.274567260845371,21.593020130317324,3.2361510785458787,-14.28534695289508,22.883221137934054,0.40224370722237535
5.677531904879391,89.66466182696314,0.94789572890064,-15.431248399453525,21.5777499592697,3.2408945090602246,-14.418716131213685,22.874237516973864,0.40224370722237535
5.718639641097782,89.8339535299065,0.9300939435398111,-15.590744886495738,21.561519496202525,3.244652455105192,-14.555710998317835,22.862442016359207,0.40224370722237535
5.760417971987614,90.00324523284984,0.9107841518381434,-15.75278844899919,21.544494282371197,3.2473314644716145,-14.688341352825175,22.846221937067888,0.40224370722237535
5.802620322847007,90.17253693579318,0.889914600484201,-15.916440093621329,21.52695194640499,3.248880109430541,-14.82135020174558,22.829216427466328,0.40224370722237535
5.844899711762157,90.34182863873652,0.8674671155501561,-16.080372762172683,21.509213121757128,3.249655279600002,-14.958299484559213,22.809269124488882,0.40224370722237535
5.8869982157225715,90.51112034167986,0.8434597833102451,-16.243594347855222,21.491460540244848,3.2504742334489194,-15.096426377539204,22.788019533110344,0.40224370722237535
5.9288796207024514,90.68041204462321,0.8179483224736942,-16.405954858846226,21.473622472678002,3.2522761645540634,-15.231334573159822,22.76343205746608,0.40224370722237535
5.970703304306601,90.84970374756655,0.7910261324956669,-16.568046335582714,21.455401684280407,3.2556697490576734,-15.365450300470071,22.738045436080068,0.40224370722237535
6.012677985912521,91.01899545050989,0.7628230463402254,-16.730643541691204,21.436421417616543,3.2606960884070246,-15.485496624750354,22.713286456284784,0.40224370722237535
6.054919641427973,91.18828715345323,0.7335028578149276,-16.894161852397392,21.41637549431949,3.2669580381019445,-15.602770122484971,22.688544640940346,0.40224370722237535
6.097385101324306,91.35757885639657,0.7032597319865149,-17.058406794233182,21.395114625236868,3.2738828381799587,-15.720664489647413,22.66367183746105,0.40224370722237535
6.139863653713867,91.52687055933993,0.6723136409916762,-17.22254681611015,21.372678177842687,3.2810844694204016,-15.884159972188609,22.62422790859748,0.40224370722237535
6.182059555331244,91.69616226228327,0.6409049957775746,-17.385427380905064,21.349199739320625,3.2887886590193096,-16.005961043946535,22.592741592844348,0.40224370722237535
6.223751198001465,91.8654539652266,0.609288666196929,-17.54616771628809,21.32469543044509,3.2980167393264193,-16.12630723630601,22.561631372239326,0.40224370722237535
6.26496716991923,92.03474566816995,0.5777275969843257,-17.704815047891337,21.298828306064983,3.3101156363281903,-16.24527975824008,22.530876253770355,0.40224370722237535
6.306010949069561,92.20403737111329,0.5464862352205686,-17.862428418064734,21.270887888635073,3.3256128752370913,-16.37598342898045,22.497018668878642,0.40224370722237535
6.347248226193233,92.37332907405664,0.5158239859449798,-18.020281625583003,21.2401117943414,3.34367706123043,-16.524867335286153,22.456359340887676,0.40224370722237535
6.388839529373456,92.54262077699998,0.4859889067606887,-18.17887204307714,21.206054597634637,3.3630877279356874,-16.652876429899802,22.419241155543737,0.40224370722237535
6.430693564618113,92.71191247994332,0.4572118399028707,-18.337752409232266,21.168620617078975,3.3834992827703125,-16.781694909832456,22.381888276607317,0.40224370722237535
6.4726852749593355,92.88120418288666,0.42970116174483886,-18.496331742540686,21.127725080733015,3.4054382001388013,-16.907914607768426,22.34169772321561,0.40224370722237535
6.514865613517879,93.05049588583,0.4036383056895494,-18.65464261727625,21.083014798292023,3.429137456612678,-17.03178914526733,22.29871072790938,0.40224370722237535
6.557395157665182,93.21978758877336,0.37917418559139004,-18.81311262278256,21.034040016191224,3.4539111751184484,-17.158225705914226,22.254659903329774,0.40224370722237535
6.6003154638177435,93.3890792917167,0.3564266141446686,-18.971750553422257,20.980625137845884,3.4789145123774627,-17.29146309743078,22.207605974186322,0.40224370722237535
6.643471483144732,93.55837099466004,0.3354787752747983,-19.12986709696045,20.922945838763127,3.5040866330817,-17.425804018322925,22.160005020899835,0.40224370722237535
6.686711824840643,93.72766269760338,0.3163787725308786,-19.286774679942138,20.861151337761612,3.5298658814645334,-17.562333111727586,22.110817432287448,0.40224370722237535
6.730062043879153,93.89695440054672,0.2991402383756727,-19.44240632114567,20.795105479983537,3.5561304291501084,-17.697670262938825,22.060829380389443,0.40224370722237535
6.773616014647314,94.06624610349007,0.28374395316550055,-19.59696794305391,20.724654860853306,3.5819049020116287,-17.830968911574526,22.009432292000565,0.40224370722237535
6.817241379044092,94.23553780643341,0.27014035164888295,-19.749951594429763,20.650201822628368,3.6062794162411023,-17.95556535293433,21.96002130271926,0.40224370722237535
6.860462659188044,94.40482950937675,0.25825293360142293,-19.89973345468574,20.572878625594637,3.629354584060129,-18.070476085304527,21.913048004545065,0.40224370722237535
6.902720309550163,94.5741212123201,0.2479822060779193,-20.044424462951323,20.49397902970238,3.652125009952787,-18.182824695577008,21.867122052626282,0.40224370722237535
6.943761416328858,94.74341291526343,0.2392101867247547,-20.18315460971099,20.414146384262526,3.675702017825645,-18.320247635134237,21.81345662696403,0.40224370722237535
6.983856857910999,94.91270461820679,0.23180519169130048,-20.316765172714412,20.33290298871309,3.700547216838607,-18.440985988759238,21.761165259125963,0.40224370722237535
7.023718416096655,95.08199632115013,0.22562673164440014,-20.447507936159887,20.24879493128769,3.726181073529061,-18.558120561559203,21.709765149862147,0.40224370722237535
7.064223258668968,95.25128802409347,0.22053032814996268,-20.578124394101405,20.15994950445541,3.7514512898481582,-18.677146062770312,21.65753527766311,0.40224370722237535
7.106068577812343,95.42057972703681,0.21637208184619106,-20.710756663808986,20.06486081690761,3.775182884588745,-18.799680471817982,21.6008109293029,0.40224370722237535
7.14945842739236,95.58987142998015,0.21301285274196463,-20.846004406168017,19.963157343588293,3.796844581107999,-18.926728539994368,21.54193513435451,0.40224370722237535
7.193950260932892,95.7591631329235,0.21032194098541193,-20.982497596596275,19.85602117963527,3.81677989486527,-19.06126169699973,21.477438604287716,0.40224370722237535
7.238637941864554,95.92845483586684,0.20818056184982076,-21.11748092584404,19.745777354934653,3.8359140868994213,-19.195573382750112,21.412156882462565,0.40224370722237535
7.282586106431607,96.09774653881018,0.20648368209073487,-21.24813629177393,19.634843160335475,3.8551831428003163,-19.321201835675403,21.348215138354146,0.40224370722237535
7.325269176609084,96.26703824175353,0.20514271520558378,-21.37289783691599,19.524639660431202,3.875014582862992,-19.443916444807844,21.28532715750391,0.40224370722237535
7.36669730910537,96.43632994469687,0.20408585577966545,-21.491816293446146,19.415263364724687,3.8952167035897616,-19.56749265683291,21.219281168796037,0.40224370722237535
7.407239769572973,96.60562164764022,0.20326011572616628,-21.60600486257066,19.305894665710916,3.9153147709197675,-19.6850075925433,21.155050187718626,0.40224370722237535
7.447343116762858,96.77491335058356,0.202629912843847,-21.716784975496598,19.195487773293237,3.935016428914523,-19.794157361598735,21.09235049447328,0.40224370722237535
7.487349578857949,96.9442050535269,0.2006503321232751,-21.825134524193295,19.08321917122802,3.9543224740700893,-19.903295770390717,21.02958623447571,0.40224370722237535
7.527457414194724,97.11349675647024,0.2006503321232751,-21.93158746490859,18.968610435436513,3.9733424186465722,-20.019099214113034,20.961196328674767,0.40224370722237535
7.5677612139549995,97.28278845941358,0.2006503321232751,-22.036364503129274,18.851440304403805,3.9921453678183565,-20.13447673851139,20.892214370005807,0.40224370722237535
7.608300498266711,97.45208016235694,0.2006503321232751,-22.13953221200168,18.731636095446728,4.01079940082664,-20.245752731148386,20.821584609913792,0.40224370722237535
7.6490909230352235,97.62137186530028,0.2006503321232751,-22.241077753721385,18.609178778038277,4.029493615502256,-20.357633448653058,20.75041948814549,0.40224370722237535
7.690136256404596,97.79066356824362,0.2006503321232751,-22.34092627567932,18.484059416602673,4.048594410607107,-20.46705742806025,20.67519138852393,0.40224370722237535
7.7314376491030705,97.95995527118696,0.2006503321232751,-22.43893356055716,18.356231928355687,4.068590630875075,-20.57716468761953,20.59949353933167,0.40224370722237535
7.77298780865025,98.1292469741303,0.2006503321232751,-22.534865479039368,18.22563387821125,4.089902320247373,-20.68888653479123,20.522362557956065,0.40224370722237535
7.814783863966492,98.29853867707365,0.2006503321232751,-22.62844492247448,18.092167056428647,4.112727144294686,-20.80095939825814,20.444388789488748,0.40224370722237535
7.856817471682351,98.46783038001699,0.2006503321232751,-22.719363154474188,17.95575858590168,4.1370072996205085,-20.90996181063048,20.36194324907351,0.40224370722237535
7.899086550302084,98.63712208296033,0.21238978292361743,-22.80733854689045,17.816346760036122,4.162484083854591,-21.019607502304392,20.27858262311068,0.40224370722237535
7.941584296436752,98.80641378590367,0.21238978292361743,-22.892117254029213,17.673929347184497,4.188699617269828,-21.130139411956588,20.190756303661527,0.40224370722237535
7.984310772808994,98.97570548884701,0.2241292337239602,-22.973537332729155,17.528542231500946,4.2148968449548665,-21.238638604530404,20.1029783432956,0.40224370722237535
8.027260407913095,99.14499719179037,0.2241292337239602,-23.051561663511404,17.38032059987356,4.240034144518326,-21.34048505154197,20.016173527591086,0.40224370722237535
8.070430317138321,99.31428889473369,0.25748975662461987,-23.1263399680683,17.229475693667094,4.263083886480235,-21.442929116151088,19.928675875376616,0.40224370722237535
8.113806110829456,99.48358059767705,0.25934758612498765,-23.198154879567706,17.07631036746099,4.283477967540651,-21.54828315306046,19.83274532376348,0.40224370722237535
8.157374047609432,99.65287230062039,0.28300387777420893,-23.267350655961135,16.921123267699205,4.3013139603908215,-21.65396319114811,19.736072674529733,0.40224370722237535
8.201113075443903,99.82216400356373,0.2937593143245856,-23.334211122496125,16.764190263235413,4.317178076031732,-21.75765564686997,19.63364134982634,0.40224370722237535
8.245009836513907,99.99145570650708,0.31188339698912954,-23.398933033934085,16.605698581910538,4.331771313263911,-21.86103460669187,19.530210616060863,0.40224370722237535
8.289048190970266,100.16074740945041,0.32720853865276334,-23.461610679052388,16.445794135912124,4.3456407496571146,-21.9626198170271,19.42450240574996,0.40224370722237535
8.333220256171233,100.33003911239376,0.34296148395254067,-23.52228972031604,16.28456333831016,4.3590996179070896,-22.061860982053176,19.31908217285023,0.40224370722237535
8.377513503151446,100.4993308153371,0.35904499744028784,-23.580978258312378,16.12209479153419,4.372274833619782,-22.155967563195365,19.214614265608546,0.40224370722237535
8.421921625582263,100.66862251828044,0.375374940419017,-23.63768946326415,15.958451287595548,4.385170013870707,-22.249811685742717,19.10807355741947,0.40224370722237535
8.466432113952902,100.8379142212238,0.39187377650076266,-23.69243566190833,15.793719214489993,4.397727708360902,-22.342961450291785,18.998055910236396,0.40224370722237535
8.511033063873834,101.00720592416712,0.4084657239869604,-23.745247419255495,15.627986505926613,4.4098766568213765,-22.431331493837938,18.889895650414022,0.40224370722237535
8.555703259100056,101.17649762711048,0.4250744879876541,-23.796156674143567,15.46137713517665,4.421569155436672,-22.51553362136892,18.783370762417533,0.40224370722237535
8.600395728037906,101.34578933005382,0.44162345800691666,-23.845178001264465,15.294112020142263,4.4328073492207265,-22.600760676583658,18.672752431239456,0.40224370722237535
8.645000140825134,101.51508103299716,0.4580374933555178,-23.892258198641706,15.126646901742216,4.443678435202905,-22.687844400634845,18.554028999546524,0.40224370722237535
8.689283222526994,101.68437273594051,0.474246183334352,-23.93721123604898,14.959895882311095,4.454400468563206,-22.77124073210437,18.437181139041652,0.40224370722237535
8.732842043127691,101.85366443888384,0.49018584224833484,-23.979662349755053,14.795406023639147,4.465325175813743,-22.85058250594719,18.323140572058964,0.40224370722237535
8.775149872268074,102.0229561418272,0.5058027114192849,-24.019107519963185,14.63518974902509,4.476805629264499,-22.928383734167475,18.20842682248295,0.40224370722237535
8.815769733569619,102.19224784477053,0.5210535506675017,-24.055150099127886,14.480926908952501,4.488836355588367,-23.00395554322811,18.093610842078817,0.40224370722237535
8.854681920933016,102.36153954771387,0.5359081316243759,-24.087870556719132,14.332738785999215,4.5006144472848515,-23.07192136210352,17.98711791187693,0.40224370722237535
8.892494553225216,102.53083125065723,0.5503474813791827,-24.11804511725206,14.188389624957654,4.5106293459978595,-23.1350893955369,17.88590592818732,0.40224370722237535
8.930294713797188,102.70012295360056,0.5643646070957874,-24.146964048789346,14.043833281489126,4.517795026066928,-23.198616835338708,17.782881857072788,0.40224370722237535
8.969167826590065,102.86941465654391,0.5779625082423001,-24.175866953319154,13.895008752087959,4.522582367607172,-23.265342567621467,17.670154649379448,0.40224370722237535
9.00971864896443,103.03870635948725,0.5911525133739609,-24.205404784639438,13.739643466452929,4.526602010684976,-23.332321066705013,17.554847869532306,0.40224370722237535
9.05192566637671,103.20799806243059,0.6039518508593237,-24.235486243787104,13.577808082852465,4.531316313976866,-23.397091621229322,17.439133622475687,0.40224370722237535
9.095352484444394,103.37728976537394,0.6163808074841768,-24.265547845928253,13.411132756004918,4.5373734794012375,-23.463877212595833,17.31894155360484,0.40224370722237535
9.139474592087893,103.54658146831727,0.6284595492360691,-24.294938735701294,13.241585119565109,4.544714447496813,-23.532433977867285,17.191270340876205,0.40224370722237535
9.183891311143137,103.71587317126063,0.6402047068614857,-24.323174732092305,13.07067666477736,4.552939519899001,-23.60054802258736,17.06240570097761,0.40224370722237535
9.228366280215416,103.88516487420397,0.651625834236994,-24.349981852187078,12.899308329821734,4.561615034059587,-23.666657612192285,16.932577408244036,0.40224370722237535
9.272782365123394,104.0544565771473,0.6627218528620145,-24.375245988419636,12.727937859773926,4.570404426556503,-23.73083003054139,16.803849125806764,0.40224370722237535
9.317054858323665,104.22374828009066,0.6734775980779395,-24.398926930486923,12.55690678346701,4.57908039465375,-23.792859228841383,16.676507645380326,0.40224370722237535
9.361069160408835,104.39303998303399,0.6838605823596755,-24.421010349384577,12.38667744176603,4.587485878246424,-23.852977725752588,16.549950273153645,0.40224370722237535
9.404595749359672,104.56233168597734,0.6938180889315086,-24.441458879657695,12.21815986041711,4.595531419309443,-23.91127456447463,16.42482691630774,0.40224370722237535
9.447247030163798,104.73162338892068,0.7032747062170346,-24.4601958080215,12.052878519977956,4.6031766002638,-23.967496146999718,16.300633620672365,0.40224370722237535
9.488517673181988,104.90091509186402,0.712130411619197,-24.47713233808149,11.89281656500011,4.610392024127195,-24.02118156123614,16.179200608276904,0.40224370722237535
9.527990111340504,105.07020679480738,0.7202593136693834,-24.492258589399643,11.73961900450287,4.6169885249979,-24.070895230135314,16.06276756850484,0.40224370722237535
9.56565083063915,105.2394984977507,0.7275091658215791,-24.505786988995602,11.593366557244222,4.622428650132924,-24.11696879839707,15.951435359382657,0.40224370722237535
9.602092921945566,105.40879020069406,0.7337017739200014,-24.518222088718105,11.451787448472434,4.625930014995714,-24.161287663500442,15.843653209639772,0.40224370722237535
9.638372907360017,105.5780819036374,0.738634431352209,-24.530277588820418,11.310810021612227,4.627046021623413,-24.204342718385902,15.736136467812237,0.40224370722237535
9.675545530935665,105.74737360658074,0.7420825282911545,-24.54264020787855,11.166364863747349,4.626113989763116,-24.248457109440302,15.62597436009939,0.40224370722237535
9.714201185988959,105.91666530952409,0.7438034884640279,-24.555760066600854,11.016179781760849,4.623900138700322,-24.29287895153749,15.508534064037583,0.40224370722237535
9.754326191840713,106.08595701246742,0.7435421806991888,-24.56979243341859,10.860322675793844,4.620956009340478,-24.33883465137641,15.38632396018448,0.40224370722237535
9.795510438809753,106.25524871541077,0.7410379236068343,-24.584713598875027,10.70039868866499,4.617407390634907,-24.384255277287235,15.260938171638713,0.40224370722237535
9.83726511927997,106.42454041835411,0.7360331407225865,-24.600469119888775,10.538319421401162,4.613126287907615,-24.429703502910094,15.133834503471748,0.40224370722237535
9.879228701107715,106.59383212129745,0.7282836231648753,-24.617069703975776,10.375505566133436,4.6079656844369925,-24.476558486104974,15.002739123183922,0.40224370722237535
9.921208742338656,106.76312382424081,0.7175702151168242,-24.634593002060033,10.212723871949203,4.601908403128965,-24.52402537714383,14.869903498137818,0.40224370722237535
9.963138231305857,106.93241552718413,0.7037115593707051,-24.653150464756735,10.050255264263033,4.595094593041693,-24.564407612837154,14.743006369660073,0.40224370722237535
10.00501262531099,107.10170723012749,0.6865773398208541,-24.67284084289628,9.88813651231999,4.587853845871313,-24.603598652283143,14.61721224663542,0.40224370722237535
10.046875658281824,107.27099893307083,0.666101258217505,-24.693715329012292,9.726210644672634,4.580746458665153,-24.64387330143923,14.489498130999765,0.40224370722237535
10.088823044217232,107.44029063601417,0.6422928138775554,-24.71574517626114,9.564105906612221,4.574659375490635,-24.68466277710033,14.360752673514494,0.40224370722237535
10.131053081715487,107.60958233895752,0.6152468507418133,-24.738787874897813,9.401028673314029,4.570805697728589,-24.723782871652396,14.230876768534893,0.40224370722237535
10.173901648293738,107.77887404190085,0.5851498270947385,-24.762566607918803,9.235619705445842,4.5703698972423075,-24.762446422802576,14.09895863235544,0.40224370722237535
10.217800713520951,107.9481657448442,0.5522818715533737,-24.78667380448375,9.066119089352663,4.573734756748456,-24.800736794039224,13.961342363583995,0.40224370722237535
10.26309550241015,108.11745744778754,0.5170139220878015,-24.810643761640993,8.891103234583024,4.57987217194065,-24.83961321399883,13.818172093817095,0.40224370722237535
10.309760759052834,108.28674915073088,0.47979983669184056,-24.834060911641533,8.710621558377253,4.586729450809834,-24.87656474663738,13.673978336009068,0.40224370722237535
10.357222350108445,108.45604085367424,0.4411629021238731,-24.856651150542078,8.526905018455748,4.592445792364122,-24.913701902025114,13.527798558368085,0.40224370722237535
10.404484052412435,108.62533255661756,0.40167820957820294,-24.878264131245807,8.343855907501487,4.596515800211296,-24.946480939726463,13.385121180578109,0.40224370722237535
10.450572712310684,108.79462425956092,0.3619514743682153,-24.89874228648931,8.165280466059984,4.600212454758973,-24.978370301481398,13.2460373020632,0.40224370722237535
10.494979482993841,108.96391596250426,0.3225959043640016,-24.917771775041896,7.993142702416006,4.606235337739622,-25.00922853825022,13.108468535934366,0.40224370722237535
10.53784568519065,109.1332076654476,0.28420884059641177,-24.934805117668464,7.826834518697661,4.617542819454044,-25.03902970723792,12.975313031627842,0.40224370722237535
10.579806689573692,109.30249936839095,0.2473498871958317,-24.949101504044304,7.6638122683581695,4.635696997034727,-25.06660488469527,12.838547962688233,0.40224370722237535
10.621680638525238,109.47179107133428,0.21252194597244217,-24.959854014438328,7.500858233954776,4.659777123609451,-25.09378654995739,12.700715542272333,0.40224370722237535
10.664104040153083,109.64108277427763,0.18015598494445878,-24.9663886779501,7.335536064512376,4.686794260100508,-25.118194034426367,12.563380172385129,0.40224370722237535
10.707213408363007,109.81037447722098,0.15059962118859455,-24.96839009991875,7.167421441639315,4.713379179586598,-25.14227906062634,12.424351591716224,0.40224370722237535
10.750456967217579,109.97966618016432,0.12410893194130179,-24.966055229904498,6.998787725412538,4.737355283229784,-25.165338152457345,12.284784427597549,0.40224370722237535
10.792676968777508,110.14895788310767,0.10084263454389375,-24.960070025799993,6.834238534289351,4.758152587599227,-25.1876409986209,12.148501246380361,0.40224370722237535
10.832405158939373,110.318249586051,0.080858123690297,-24.951435067011996,6.679539397254167,4.776231525357074,-25.206965873698586,12.017486564192046,0.40224370722237535
10.868188776648294,110.48754128899435,0.06410978545735072,-24.941282099206646,6.540353101872592,4.79225864251568,-25.224150476636414,11.899109604301234,0.40224370722237535
10.898786964520362,110.65683299193769,0.05045111942121686,-24.930780264660452,6.421483171704359,4.80659721015011,-25.237456931191545,11.799011612685886,0.40224370722237535
10.923312384996782,110.82612469488103,0.039642834384253964,-24.92105943159053,6.326329278667821,4.814194864259905,-25.24771075483323,11.719113442141577,0.40224370722237535
