logger_timestamp_nanoseconds,x_m,y_m,velocity_mps,acceleration_mps2,steering_command,throttle_command,steering_feedback,throttle_feedback
1787009831947210481,-20.872640,4.577527,0.000008,0.005712,0.000000,0.000000,0.000000,0.000000
1787009831997308215,-20.872640,4.577526,0.000006,0.006653,0.000000,0.000000,0.000000,0.000000
1787009832047168521,-20.872640,4.577526,0.000005,0.009209,0.000000,0.000000,0.000000,0.000000
1787009832097156331,-20.872640,4.577525,0.000004,0.007481,0.000000,0.110000,0.000000,0.000000
1787009832147491558,-20.872640,4.577525,0.000004,0.007481,0.000000,0.110000,0.000000,0.000000
1787009832197363437,-20.872640,4.577525,0.000003,0.026410,-0.000000,0.110000,0.000000,0.000000
1787009832247256569,-20.859150,4.588850,0.535269,7.986755,-0.000000,0.110000,0.000000,0.110000
1787009832297076560,-20.817410,4.623877,1.072588,7.844648,-0.000825,0.110000,0.000000,0.110000
1787009832347257116,-20.817410,4.623877,1.072588,7.844648,-0.000825,0.110000,0.000000,0.110000
1787009832397187030,-20.747950,4.682179,1.600031,7.693938,-0.000742,0.110000,0.000000,0.110000
1787009832447576472,-20.747950,4.682179,1.600031,7.693938,-0.000742,0.110000,0.000000,0.110000
1787009832497307419,-20.639770,4.772955,2.170536,7.528801,-0.000819,0.110000,-0.000500,0.110000
1787009832547180046,-20.505250,4.885791,2.657122,3.124282,-0.000819,0.110000,-0.000500,0.110000
1787009832597369849,-20.307180,5.051818,2.746254,0.170855,-0.002631,0.110000,-0.000500,0.110000
1787009832647324002,-20.307180,5.051818,2.746254,0.170855,-0.002631,0.110000,-0.000500,0.110000
1787009832697847567,-20.176530,5.161272,2.750715,0.026751,-0.016641,0.110000,-0.000500,0.110000
1787009832747327520,-20.176530,5.161272,2.750715,0.026751,-0.016641,0.110000,-0.000500,0.110000
1787009832797404392,-20.035220,5.279602,2.751420,0.001702,-0.016641,0.110000,-0.000500,0.110000
1787009832847207066,-19.891720,5.399662,2.751493,0.035317,-0.016641,0.110000,-0.001600,0.110000
1787009832897114812,-19.692930,5.565115,2.751434,0.028117,-0.014024,0.110000,-0.008900,0.110000
1787009832947183454,-19.692930,5.565115,2.751434,0.028117,-0.014024,0.110000,-0.008900,0.110000
1787009832997369956,-19.552800,5.680607,2.751406,0.029323,0.001261,0.110000,-0.008900,0.110000
1787009833047307945,-19.552800,5.680607,2.751406,0.029323,0.001261,0.110000,-0.008900,0.110000
1787009833097268637,-19.269100,5.911756,2.751364,0.023803,0.001261,0.110000,-0.007300,0.110000
1787009833147226314,-19.269100,5.911756,2.751364,0.023803,0.001261,0.110000,-0.007300,0.110000
1787009833197129113,-19.054770,6.084274,2.751329,0.057573,0.021035,0.110000,-0.007300,0.110000
1787009833247237697,-19.054770,6.084274,2.751329,0.057573,0.021035,0.110000,-0.007300,0.110000
1787009833297318206,-18.910810,6.199416,2.751325,0.005590,0.047692,0.110000,0.000500,0.110000
1787009833347193490,-18.769190,6.313056,2.751228,0.002922,0.047692,0.110000,0.011000,0.110000
1787009833397048531,-18.769190,6.313056,2.751228,0.002922,0.056214,0.110000,0.011000,0.110000
1787009833447203799,-18.623830,6.430848,2.751228,0.002386,0.056214,0.110000,0.011000,0.110000
1787009833497301532,-18.475140,6.553210,2.750936,0.015461,0.063605,0.110000,0.025100,0.110000
1787009833547208681,-18.334280,6.672079,2.750862,0.011520,0.063605,0.110000,0.029300,0.110000
1787009833597354936,-18.334280,6.672079,2.750862,0.011520,0.068601,0.110000,0.029300,0.110000
1787009833647255196,-18.184750,6.801959,2.750880,0.009688,0.068601,0.110000,0.029300,0.110000
1787009833697228225,-18.051490,6.921178,2.750731,0.001410,0.071721,0.110000,0.033500,0.110000
1787009833747562526,-18.051490,6.921178,2.750731,0.001410,0.071721,0.110000,0.033500,0.110000
1787009833797173736,-17.908100,7.053771,2.750646,0.027477,0.073686,0.110000,0.037700,0.110000
1787009833847325894,-17.765200,7.190885,2.750578,0.010870,0.073686,0.110000,0.037700,0.110000
1787009833897260340,-17.576910,7.379925,2.750530,0.012740,0.071030,0.110000,0.038700,0.110000
1787009833947401607,-17.576910,7.379925,2.750530,0.012740,0.071030,0.110000,0.038700,0.110000
1787009833997253372,-17.444170,7.519407,2.750551,0.141450,0.069941,0.110000,0.037200,0.110000
1787009834047321024,-17.444170,7.519407,2.750551,0.141450,0.069941,0.110000,0.037200,0.110000
1787009834097195750,-17.315930,7.659314,2.750593,0.017974,0.063264,0.110000,0.037200,0.110000
1787009834147162266,-17.177610,7.816070,2.750595,0.005629,0.063264,0.110000,0.036700,0.110000
1787009834197409327,-17.177610,7.816070,2.750595,0.005629,0.060073,0.110000,0.036700,0.110000
1787009834247262709,-17.037120,7.981856,2.750586,0.009651,0.060073,0.110000,0.036700,0.110000
1787009834297209504,-16.905080,8.143941,2.750708,0.007162,0.054864,0.110000,0.033000,0.110000
1787009834347208355,-16.905080,8.143941,2.750708,0.007162,0.054864,0.110000,0.033000,0.110000
1787009834397250409,-16.789350,8.290900,2.750742,0.000711,0.046106,0.110000,0.031400,0.110000
1787009834447383502,-16.669160,8.448335,2.750793,0.006941,0.046106,0.110000,0.028800,0.110000
1787009834497168515,-16.569150,8.583079,2.750776,0.017543,0.041999,0.110000,0.028800,0.110000
1787009834547207942,-16.569150,8.583079,2.750776,0.017543,0.041999,0.110000,0.028800,0.110000
1787009834597249912,-16.454710,8.741373,2.750881,0.006690,0.034933,0.110000,0.024100,0.110000
1787009834647225456,-16.343720,8.898744,2.750903,0.012986,0.034933,0.110000,0.022000,0.110000
1787009834697097371,-16.235990,9.055036,2.750883,0.012986,0.031575,0.110000,0.022000,0.110000
1787009834747176687,-16.235990,9.055036,2.750883,0.008403,0.031575,0.110000,0.022000,0.110000
1787009834797241876,-16.126770,9.216976,2.750949,0.013398,0.028591,0.110000,0.018300,0.110000
1787009834847313641,-16.017500,9.382188,2.750960,0.005032,0.028591,0.110000,0.016800,0.110000
1787009834897188522,-16.017500,9.382188,2.750960,0.005032,0.023569,0.110000,0.016800,0.110000
1787009834947336400,-15.918570,9.534443,2.750945,0.009213,0.023569,0.110000,0.016800,0.110000
1787009834997375846,-15.814880,9.696729,2.750962,0.035818,0.021060,0.110000,0.015200,0.110000
1787009835047186082,-15.718170,9.850410,2.750988,0.027098,0.021060,0.110000,0.012600,0.110000
1787009835097363124,-15.718170,9.850410,2.750988,0.027098,0.017842,0.110000,0.012600,0.110000
1787009835147254330,-15.628120,9.995272,2.750993,0.012214,0.017842,0.110000,0.011000,0.110000
1787009835197179850,-15.527280,10.159340,2.750982,0.022570,0.016218,0.110000,0.011000,0.110000
1787009835247154754,-15.427270,10.323930,2.750996,0.022521,0.016218,0.110000,0.009400,0.110000
1787009835297348613,-15.427270,10.323930,2.750996,0.022521,0.015714,0.110000,0.009400,0.110000
1787009835347544821,-15.330840,10.484230,2.750998,0.014009,0.015714,0.110000,0.008400,0.110000
1787009835397189247,-15.222400,10.666220,2.750986,0.013960,0.016149,0.110000,0.008400,0.110000
1787009835447712611,-15.222400,10.666220,2.750986,0.013960,0.016149,0.110000,0.008400,0.110000
1787009835497181559,-15.128720,10.824970,2.750987,0.026679,0.017201,0.110000,0.008400,0.110000
1787009835547170506,-15.030120,10.993600,2.750983,0.005327,0.017201,0.110000,0.008400,0.110000
1787009835597231357,-14.893840,11.229410,2.750974,0.007388,0.017828,0.110000,0.008900,0.110000
1787009835647272982,-14.893840,11.229410,2.750974,0.007388,0.017828,0.110000,0.008900,0.110000
1787009835697188154,-14.807870,11.379910,2.750972,0.003016,0.023036,0.110000,0.008900,0.110000
1787009835747559836,-14.807870,11.379910,2.750972,0.003016,0.023036,0.110000,0.008900,0.110000
1787009835797304189,-14.715750,11.542740,2.750964,0.038021,0.029575,0.110000,0.009400,0.110000
1787009835847206768,-14.612410,11.727660,2.750940,0.031580,0.029575,0.110000,0.012000,0.110000
1787009835897243622,-14.612410,11.727660,2.750940,0.031580,0.039338,0.110000,0.012000,0.110000
1787009835947263800,-14.516840,11.901160,2.750940,0.032912,0.039338,0.110000,0.012000,0.110000
1787009835997206883,-14.430260,12.060760,2.750889,0.005982,0.045180,0.110000,0.015700,0.110000
1787009836047160951,-14.338520,12.233200,2.750810,0.005146,0.045180,0.110000,0.020400,0.110000
1787009836097542574,-14.338520,12.233200,2.750810,0.005146,0.113137,0.110000,0.020400,0.110000
1787009836147204548,-14.254890,12.394350,2.750761,0.051075,0.113137,0.110000,0.023600,0.110000
1787009836197202293,-14.163200,12.576100,2.750780,0.002710,0.431040,0.071500,0.023600,0.110000
1787009836247300001,-14.053010,12.806790,2.748795,0.006773,0.431040,0.071500,0.059200,0.110000
1787009836297470516,-14.053010,12.806790,2.748795,0.006773,0.421826,0.071500,0.059200,0.110000
1787009836347208795,-13.980170,12.972970,2.748916,0.008306,0.421826,0.071500,0.059200,0.110000
1787009836397221895,-13.980170,12.972970,2.748916,0.008306,0.417212,0.071500,0.059200,0.110000
1787009836447256165,-13.920910,13.121270,2.135993,8.865054,0.417212,0.071500,0.225700,0.072000
1787009836497213515,-13.882500,13.246850,1.809718,1.373134,0.413844,0.071500,0.221000,0.072000
1787009836547198418,-13.882500,13.246850,1.809718,1.373134,0.413844,0.071500,0.221000,0.072000
1787009836597206357,-13.853850,13.381550,1.780252,0.066229,0.425554,0.071500,0.218300,0.072000
1787009836647344954,-13.836300,13.513850,1.779364,0.017231,0.425554,0.071500,0.216800,0.072000
1787009836697183111,-13.829340,13.627520,1.779324,0.007007,0.429652,0.071500,0.216800,0.072000
1787009836747444879,-13.829340,13.627520,1.779324,0.007007,0.429652,0.071500,0.216800,0.072000
1787009836797310888,-13.830230,13.750180,1.777903,0.005248,0.436047,0.071500,0.223100,0.072000
1787009836847185442,-13.841280,13.883010,1.777234,0.020821,0.436047,0.071500,0.225100,0.072000
1787009836897128127,-13.860020,14.000590,1.777269,0.020499,0.438822,0.071500,0.225100,0.072000
1787009836947635972,-13.860020,14.000590,1.777269,0.020499,0.438822,0.071500,0.225100,0.072000
1787009836997195955,-13.886600,14.114790,1.776588,0.003061,0.441499,0.071500,0.228300,0.072000
1787009837047195508,-13.922950,14.231810,1.776176,0.015798,0.441499,0.071500,0.229900,0.072000
1787009837097571426,-13.922950,14.231810,1.776176,0.015798,0.445066,0.071500,0.229900,0.072000
1787009837147217112,-13.970780,14.352280,1.775882,0.019891,0.445066,0.071500,0.230900,0.072000
1787009837197198379,-14.025450,14.463910,1.776045,0.058790,0.446321,0.071500,0.230900,0.072000
1787009837247204467,-14.025450,14.463910,1.776045,0.058790,0.446321,0.071500,0.230900,0.072000
1787009837297357008,-14.085570,14.566540,1.775404,0.001865,0.447510,0.071500,0.233000,0.072000
1787009837347232999,-14.161560,14.675830,1.775187,0.041659,0.447510,0.071500,0.233500,0.072000
1787009837397208591,-14.161560,14.675830,1.775187,0.041659,0.447384,0.071500,0.233500,0.072000
1787009837447421652,-14.245100,14.777190,1.775280,0.001924,0.447384,0.071500,0.233500,0.072000
1787009837497239781,-14.341710,14.876300,1.774952,0.005854,0.446708,0.071500,0.234600,0.072000
1787009837547212284,-14.428490,14.952330,1.775268,0.020136,0.446708,0.071500,0.234000,0.072000
1787009837597341509,-14.428490,14.952330,1.775268,0.020136,0.443574,0.071500,0.234000,0.072000
1787009837647230757,-14.526290,15.026050,1.775308,0.036443,0.443574,0.071500,0.234000,0.072000
1787009837697213647,-14.621760,15.087620,1.775244,0.005977,0.441543,0.071500,0.234000,0.072000
1787009837747125315,-14.732440,15.147930,1.775783,0.003817,0.441543,0.071500,0.232500,0.072000
1787009837797227041,-14.732440,15.147930,1.775783,0.003817,0.436079,0.071500,0.232500,0.072000
1787009837847182045,-14.849110,15.200190,1.776001,0.003968,0.436079,0.071500,0.231400,0.072000
1787009837897188967,-14.977990,15.245820,1.776008,0.007667,0.432524,0.071500,0.231400,0.072000
1787009837947443713,-14.977990,15.245820,1.776008,0.007667,0.432524,0.071500,0.231400,0.072000
1787009837997441262,-15.096400,15.277510,1.776808,0.010200,0.423632,0.071500,0.228300,0.072000
1787009838047226423,-15.215090,15.300130,1.777292,0.021236,0.423632,0.071500,0.226700,0.072000
1787009838097206666,-15.215090,15.300130,1.777292,0.021236,0.418995,0.071500,0.226700,0.072000
1787009838147297326,-15.349290,15.315200,1.777386,0.043037,0.418995,0.071500,0.226700,0.072000
1787009838197241699,-15.480800,15.319500,1.778534,0.003637,0.414219,0.071500,0.222000,0.072000
1787009838247116105,-15.603440,15.314430,1.779299,0.015910,0.414219,0.071500,0.219400,0.072000
1787009838297263633,-15.603440,15.314430,1.779299,0.015910,0.402678,0.071500,0.219400,0.072000
1787009838347218093,-15.727210,15.300450,1.779869,0.015026,0.402678,0.071500,0.216800,0.072000
1787009838397247654,-15.849690,15.277710,1.779942,0.031043,0.392402,0.071500,0.216800,0.072000
1787009838447525178,-15.849690,15.277710,1.779942,0.031043,0.392402,0.071500,0.216800,0.072000
1787009838497136882,-15.975480,15.244880,1.781445,0.028767,0.380371,0.071500,0.211000,0.072000
1787009838547336188,-16.100380,15.202500,1.782711,0.001268,0.380371,0.071500,0.205300,0.072000
1787009838597348488,-16.260790,15.133090,1.784246,0.012660,0.350835,0.071500,0.199000,0.072000
1787009838647220933,-16.260790,15.133090,1.784246,0.012660,0.350835,0.071500,0.199000,0.072000
1787009838697224236,-16.260790,15.133090,1.784246,0.012660,0.333372,0.071500,0.199000,0.072000
1787009838747268291,-16.377370,15.071120,1.786953,0.363828,0.333372,0.071500,0.183800,0.072000
1787009838797222227,-16.488350,15.002520,1.787475,0.015777,0.309793,0.071500,0.183800,0.072000
1787009838847101366,-16.587850,14.932540,1.789357,0.037288,0.309793,0.071500,0.174400,0.072000
1787009838897346715,-16.587850,14.932540,1.789357,0.037288,0.253140,0.071500,0.174400,0.072000
1787009838947313169,-16.683570,14.857220,1.791576,0.000638,0.253140,0.071500,0.162300,0.072000
1787009838997110222,-16.777950,14.774640,1.791564,0.013431,0.229047,0.071500,0.162300,0.072000
1787009839047213775,-16.777950,14.774640,1.791564,0.013431,0.229047,0.071500,0.162300,0.072000
1787009839097300021,-16.869660,14.686080,1.796302,0.027188,0.163215,0.110000,0.132500,0.072000
1787009839147192521,-16.967370,14.583010,1.797946,0.037996,0.163215,0.110000,0.119900,0.072000
1787009839197077646,-17.048930,14.489530,1.797884,0.037996,0.123212,0.110000,0.119900,0.072000
1787009839247555702,-17.048930,14.489530,1.797884,0.009619,0.123212,0.110000,0.119900,0.072000
1787009839297319792,-17.135600,14.383880,2.298544,8.368898,0.095237,0.110000,0.085300,0.110000
1787009839347184184,-17.238380,14.248970,2.682562,2.140157,0.095237,0.110000,0.064400,0.110000
1787009839397196977,-17.238380,14.248970,2.682562,2.140157,0.017522,0.110000,0.064400,0.110000
1787009839447198820,-17.350760,14.091720,2.742230,0.243828,0.017522,0.110000,0.049700,0.110000
1787009839497372054,-17.448060,13.948640,2.748842,0.037258,-0.056566,0.110000,0.049700,0.110000
1787009839547227483,-17.547670,13.796860,2.751036,0.010514,-0.056566,0.110000,0.009400,0.110000
1787009839597506692,-17.547670,13.796860,2.751036,0.010514,-0.096849,0.110000,0.009400,0.110000
1787009839647140414,-17.650970,13.637600,2.751091,0.001881,-0.096849,0.110000,0.009400,0.110000
1787009839697210196,-17.761930,13.466960,2.750459,0.027855,-0.122021,0.110000,-0.029800,0.110000
1787009839747283453,-17.915370,13.242130,2.749501,0.008943,-0.122021,0.110000,-0.050800,0.110000
1787009839797516968,-17.915370,13.242130,2.749501,0.008943,-0.180741,0.071500,-0.050800,0.110000
1787009839847201326,-18.022010,13.095290,2.749571,0.010833,-0.180741,0.071500,-0.050800,0.110000
1787009839897552742,-18.022010,13.095290,2.749571,0.010833,-0.200302,0.071500,-0.050800,0.110000
1787009839947197889,-18.125550,12.959930,2.748278,0.024511,-0.200302,0.071500,-0.063900,0.110000
1787009839997191689,-18.228210,12.833390,2.168165,9.438779,-0.360888,0.071500,-0.094800,0.072000
1787009840047402299,-18.351100,12.697610,1.809089,0.423597,-0.360888,0.071500,-0.104700,0.072000
1787009840097329524,-18.351100,12.697610,1.809089,0.423597,-0.394181,0.071500,-0.104700,0.072000
1787009840147171879,-18.436060,12.611750,1.799871,0.029406,-0.394181,0.071500,-0.104700,0.072000
1787009840197176381,-18.436060,12.611750,1.799871,0.029406,-0.402976,0.071500,-0.104700,0.072000
1787009840247266909,-18.529190,12.525300,1.785292,0.021261,-0.402976,0.071500,-0.189000,0.072000
1787009840297367328,-18.617380,12.452980,1.781648,0.034518,-0.411892,0.071500,-0.206300,0.072000
1787009840347200128,-18.720200,12.379450,1.780492,0.028000,-0.411892,0.071500,-0.211000,0.072000
1787009840397249631,-18.720200,12.379450,1.780492,0.028000,-0.419971,0.071500,-0.211000,0.072000
1787009840447257833,-18.823260,12.316070,1.779401,0.018885,-0.419971,0.071500,-0.215700,0.072000
1787009840497442689,-18.823260,12.316070,1.779401,0.018885,-0.416017,0.071500,-0.215700,0.072000
1787009840547201918,-18.928830,12.260700,1.779453,0.053549,-0.416017,0.071500,-0.215700,0.072000
1787009840597196865,-19.052770,12.206820,1.778421,0.025086,-0.418728,0.071500,-0.219900,0.072000
1787009840647231488,-19.052770,12.206820,1.778421,0.025086,-0.418728,0.071500,-0.219900,0.072000
1787009840697320450,-19.221600,12.150930,1.779037,0.003927,-0.416932,0.071500,-0.217800,0.072000
1787009840747181784,-19.339250,12.122920,1.778784,0.007623,-0.416932,0.071500,-0.219400,0.072000
1787009840797210345,-19.339250,12.122920,1.778784,0.007623,-0.415868,0.071500,-0.219400,0.072000
1787009840847272497,-19.469150,12.101870,1.778892,0.009033,-0.415868,0.071500,-0.219400,0.072000
1787009840897198791,-19.591420,12.091180,1.779188,0.023709,-0.411447,0.071500,-0.218300,0.072000
1787009840947301385,-19.591420,12.091180,1.779188,0.023709,-0.411447,0.071500,-0.218300,0.072000
1787009840997172988,-19.721260,12.089280,1.779386,0.010865,-0.406833,0.071500,-0.217800,0.072000
1787009841047341982,-19.856250,12.097540,1.780087,0.006790,-0.406833,0.071500,-0.215200,0.072000
1787009841097250256,-19.977950,12.113970,1.780069,0.051701,-0.406524,0.071500,-0.215200,0.072000
1787009841147215596,-19.977950,12.113970,1.780069,0.051701,-0.406524,0.071500,-0.213100,0.072000
1787009841197219013,-20.091320,12.137140,1.780547,0.012658,-0.394993,0.071500,-0.213100,0.072000
1787009841247412879,-20.202950,12.167610,1.780586,0.030006,-0.394993,0.071500,-0.213100,0.072000
1787009841297222822,-20.315690,12.206540,1.780719,0.024947,-0.394209,0.071500,-0.213100,0.072000
1787009841347305977,-20.315690,12.206540,1.780719,0.024947,-0.394209,0.071500,-0.213100,0.072000
1787009841397305784,-20.425710,12.252850,1.782255,0.012300,-0.386701,0.071500,-0.206800,0.072000
1787009841447220874,-20.540340,12.310470,1.782342,0.044277,-0.386701,0.071500,-0.206300,0.072000
1787009841497082348,-20.540340,12.310470,1.782342,0.044277,-0.380755,0.071500,-0.206300,0.072000
1787009841547356720,-20.664160,12.384640,1.782327,0.034254,-0.380755,0.071500,-0.206300,0.072000
1787009841597300488,-20.754870,12.447810,1.783267,0.001379,-0.369255,0.071500,-0.202600,0.072000
1787009841647234314,-20.847230,12.520800,1.784004,0.019289,-0.369255,0.071500,-0.199500,0.072000
1787009841697215848,-20.847230,12.520800,1.784004,0.019289,-0.366031,0.071500,-0.199500,0.072000
1787009841747239644,-20.934920,12.599330,1.783973,0.031947,-0.366031,0.071500,-0.199500,0.072000
1787009841797434599,-21.018950,12.684420,1.785397,0.013699,-0.359140,0.071500,-0.193200,0.072000
1787009841847131536,-21.103380,12.781340,1.785782,0.007966,-0.359140,0.071500,-0.191600,0.072000
1787009841897251582,-21.103380,12.781340,1.785782,0.007966,-0.347469,0.071500,-0.191600,0.072000
1787009841947183109,-21.179380,12.880620,1.786605,0.005295,-0.347469,0.071500,-0.188000,0.072000
1787009841997206191,-21.249140,12.984390,1.786598,0.024385,-0.341443,0.071500,-0.188000,0.072000
1787009842047122211,-21.311650,13.090710,1.787898,0.017194,-0.341443,0.071500,-0.181700,0.072000
1787009842097227477,-21.311650,13.090710,1.787898,0.017194,-0.326708,0.071500,-0.181700,0.072000
1787009842147225571,-21.367890,13.200530,1.788453,0.005641,-0.326708,0.071500,-0.178500,0.072000
1787009842197182307,-21.415010,13.306780,1.788461,0.002089,-0.318601,0.071500,-0.178500,0.072000
1787009842247113821,-21.458210,13.420550,1.789882,0.009582,-0.318601,0.071500,-0.171200,0.072000
1787009842297250716,-21.458210,13.420550,1.789882,0.009582,-0.303405,0.071500,-0.171200,0.072000
1787009842347314730,-21.493740,13.531370,1.790689,0.029740,-0.303405,0.071500,-0.167000,0.072000
1787009842397251198,-21.521920,13.636900,1.790681,0.006463,-0.296097,0.071500,-0.167000,0.072000
1787009842447080068,-21.548210,13.759540,1.792173,0.004157,-0.296097,0.071500,-0.158700,0.072000
1787009842497401056,-21.548210,13.759540,1.792173,0.004157,-0.281368,0.071500,-0.158700,0.072000
1787009842547450742,-21.568410,13.885200,1.792847,0.022028,-0.281368,0.071500,-0.155000,0.072000
1787009842597159911,-21.580750,13.995660,1.792841,0.012514,-0.273006,0.071500,-0.155000,0.072000
1787009842647560458,-21.580750,13.995660,1.792841,0.012514,-0.273006,0.071500,-0.155000,0.072000
1787009842697181460,-21.588860,14.120950,1.794101,0.010444,-0.264869,0.071500,-0.147100,0.072000
1787009842747109028,-21.591020,14.244760,1.794779,0.019081,-0.264869,0.071500,-0.142900,0.072000
1787009842797253824,-21.591020,14.244760,1.794779,0.019081,-0.249772,0.071500,-0.142900,0.072000
1787009842847228509,-21.584210,14.424130,1.795400,0.002866,-0.249772,0.071500,-0.138800,0.072000
1787009842897194325,-21.572950,14.545690,1.795377,0.017544,-0.242971,0.071500,-0.138800,0.072000
1787009842947302307,-21.572950,14.545690,1.795377,0.017544,-0.242971,0.071500,-0.138800,0.072000
1787009842997272602,-21.556750,14.664950,1.796532,0.012659,-0.223475,0.071500,-0.130900,0.072000
1787009843047239799,-21.532930,14.797590,1.796979,0.023291,-0.223475,0.071500,-0.127200,0.072000
1787009843097383555,-21.532930,14.797590,1.796979,0.023291,-0.217208,0.071500,-0.127200,0.072000
1787009843147268748,-21.503650,14.927290,1.796993,0.026210,-0.217208,0.071500,-0.127200,0.072000
1787009843197328587,-21.471410,15.047100,1.798296,0.002650,-0.208152,0.071500,-0.116800,0.072000
1787009843247154502,-21.435870,15.162250,1.798666,0.006869,-0.208152,0.071500,-0.113600,0.072000
1787009843297265971,-21.435870,15.162250,1.798666,0.006869,-0.195566,0.071500,-0.113600,0.072000
1787009843347223506,-21.396320,15.276120,1.799198,0.006050,-0.195566,0.071500,-0.108900,0.072000
1787009843397225020,-21.352250,15.390250,1.799206,0.019085,-0.188362,0.071500,-0.108900,0.072000
1787009843447116492,-21.298480,15.516020,1.799878,0.019097,-0.188362,0.071500,-0.102600,0.072000
1787009843497182516,-21.298480,15.516020,1.799878,0.019097,-0.176323,0.071500,-0.102600,0.072000
1787009843547480237,-21.252860,15.613930,1.800309,0.017809,-0.176323,0.071500,-0.098400,0.072000
1787009843597199988,-21.201250,15.716950,1.800310,0.010450,-0.170835,0.110000,-0.098400,0.072000
1787009843647206260,-21.201250,15.716950,1.800310,0.010450,-0.170835,0.110000,-0.098400,0.072000
1787009843697404555,-21.138820,15.832640,1.800883,0.034778,-0.161218,0.110000,-0.092200,0.072000
1787009843747200548,-21.061150,15.967220,2.367734,8.627239,-0.161218,0.110000,-0.089500,0.110000
1787009843797121197,-20.962550,16.121380,2.698895,1.500977,-0.159431,0.110000,-0.089500,0.110000
1787009843847345139,-20.962550,16.121380,2.698895,1.500977,-0.159431,0.110000,-0.089500,0.110000
1787009843897260988,-20.852710,16.277470,2.740878,0.175576,-0.143144,0.110000,-0.084300,0.110000
1787009843947240558,-20.742620,16.421260,2.745637,0.026419,-0.143144,0.110000,-0.083300,0.110000
1787009843997133075,-20.626930,16.560760,2.746242,0.029715,-0.133464,0.110000,-0.083300,0.110000
1787009844047316120,-20.626930,16.560760,2.746242,0.029715,-0.133464,0.110000,-0.083300,0.110000
1787009844097357984,-20.496660,16.705930,2.747480,0.016912,-0.119452,0.110000,-0.074900,0.110000
1787009844147191173,-20.368850,16.838450,2.748173,0.017055,-0.119452,0.110000,-0.069600,0.110000
1787009844197213640,-20.368850,16.838450,2.748173,0.017055,-0.113107,0.110000,-0.069600,0.110000
1787009844247196308,-20.236720,16.966670,2.748147,0.002757,-0.113107,0.110000,-0.069600,0.110000
1787009844297427721,-20.096400,17.094270,2.748948,0.017278,-0.107806,0.110000,-0.062300,0.110000
1787009844347235753,-19.954410,17.215870,2.749247,0.003959,-0.107806,0.110000,-0.059200,0.110000
1787009844397188255,-19.954410,17.215870,2.749247,0.003959,-0.098757,0.110000,-0.059200,0.110000
1787009844447503230,-19.811200,17.331740,2.749481,0.026781,-0.098757,0.110000,-0.056500,0.110000
1787009844497211800,-19.811200,17.331740,2.749481,0.026781,-0.091866,0.110000,-0.056500,0.110000
1787009844547362260,-19.513530,17.553460,2.749833,0.005701,-0.091866,0.110000,-0.051800,0.110000
1787009844597295499,-19.290740,17.705100,2.750074,0.005144,-0.085857,0.110000,-0.048200,0.110000
1787009844647175199,-19.290740,17.705100,2.750074,0.005144,-0.085857,0.110000,-0.048200,0.110000
1787009844697204830,-19.290740,17.705100,2.750074,0.005144,-0.088339,0.110000,-0.048200,0.110000
1787009844747260838,-19.142560,17.800080,2.750055,0.004981,-0.088339,0.110000,-0.048200,0.110000
1787009844797255973,-18.980570,17.898930,2.750252,0.000907,-0.080540,0.110000,-0.045000,0.110000
1787009844847436572,-18.809250,17.998220,2.750166,0.000907,-0.080540,0.110000,-0.046100,0.110000
1787009844897202080,-18.809250,17.998220,2.750166,0.011049,-0.079841,0.110000,-0.046100,0.110000
1787009844947200450,-18.633280,18.094900,2.750371,0.013041,-0.079841,0.110000,-0.042400,0.110000
1787009844997158945,-18.465040,18.182720,2.750358,0.000616,-0.079848,0.110000,-0.042400,0.110000
1787009845047475795,-18.465040,18.182720,2.750358,0.000616,-0.079848,0.110000,-0.042400,0.110000
1787009845097238612,-18.287600,18.270650,2.750376,0.010464,-0.080629,0.110000,-0.041900,0.110000
1787009845147253965,-18.095820,18.360480,2.750362,0.004063,-0.080629,0.110000,-0.041900,0.110000
1787009845197118688,-17.922260,18.437260,2.750356,0.002884,-0.090477,0.110000,-0.041900,0.110000
1787009845247222691,-17.922260,18.437260,2.750356,0.002884,-0.090477,0.110000,-0.041900,0.110000
1787009845297247401,-17.757360,18.506320,2.750314,0.012576,-0.096427,0.110000,-0.042400,0.110000
1787009845347216975,-17.598830,18.569090,2.750020,0.025419,-0.096427,0.110000,-0.047100,0.110000
1787009845397172686,-17.415740,18.636960,2.750048,0.005127,-0.100311,0.110000,-0.047100,0.110000
1787009845447491066,-17.415740,18.636960,2.750048,0.005127,-0.100311,0.110000,-0.047100,0.110000
1787009845497367104,-17.251970,18.693470,2.749821,0.014470,-0.108151,0.110000,-0.050300,0.110000
1787009845547187659,-17.073820,18.750270,2.749659,0.027060,-0.108151,0.110000,-0.052400,0.110000
1787009845597293622,-17.073820,18.750270,2.749659,0.027060,-0.112472,0.110000,-0.052400,0.110000
1787009845647215311,-16.889010,18.804060,2.749673,0.014196,-0.112472,0.110000,-0.052400,0.110000
1787009845697272984,-16.710850,18.850920,2.749313,0.027107,-0.116793,0.110000,-0.056500,0.110000
1787009845747154441,-16.523460,18.894700,2.749128,0.001225,-0.116793,0.110000,-0.058600,0.110000
1787009845797342654,-16.523460,18.894700,2.749128,0.001225,-0.125567,0.110000,-0.058600,0.110000
1787009845847223836,-16.340280,18.931920,2.748881,0.018365,-0.125567,0.110000,-0.061300,0.110000
1787009845897177441,-16.134350,18.967130,2.748873,0.012192,-0.138531,0.110000,-0.061300,0.110000
1787009845947134625,-15.957410,18.991710,2.748370,0.020587,-0.138531,0.110000,-0.066000,0.110000
1787009845997264807,-15.957410,18.991710,2.748370,0.020587,-0.147283,0.110000,-0.066000,0.110000
1787009846047251165,-15.774350,19.011220,2.747575,0.024550,-0.147283,0.110000,-0.072800,0.110000
1787009846097388178,-15.774350,19.011220,2.747575,0.024550,-0.151489,0.110000,-0.072800,0.110000
1787009846147241891,-15.588000,19.024560,2.747592,0.035167,-0.151489,0.110000,-0.072800,0.110000
1787009846197214888,-15.393060,19.031380,2.747011,0.014376,-0.154838,0.110000,-0.077000,0.110000
1787009846247214526,-15.393060,19.031380,2.747011,0.014376,-0.154838,0.110000,-0.077000,0.110000
1787009846297257145,-15.118430,19.028000,2.746719,0.025554,-0.169578,0.110000,-0.079100,0.110000
1787009846347340750,-14.932020,19.016860,2.746423,0.005568,-0.169578,0.110000,-0.081200,0.110000
1787009846397176242,-14.748910,18.998750,2.746449,0.012342,-0.167664,0.110000,-0.081200,0.110000
1787009846447139777,-14.566730,18.973380,2.745216,0.005976,-0.167664,0.110000,-0.089000,0.110000
1787009846497300240,-14.566730,18.973380,2.745216,0.005976,-0.170194,0.110000,-0.089000,0.110000
1787009846547298071,-14.211720,18.901130,2.745400,0.004306,-0.170194,0.110000,-0.088000,0.110000
1787009846597243334,-14.211720,18.901130,2.745400,0.004306,-0.169471,0.110000,-0.088000,0.110000
1787009846647199186,-14.049940,18.857890,2.745191,0.025534,-0.169471,0.110000,-0.089000,0.110000
1787009846697218707,-14.049940,18.857890,2.745191,0.025534,-0.168240,0.110000,-0.089000,0.110000
1787009846747396229,-13.876930,18.804130,2.745239,0.022226,-0.168240,0.110000,-0.089000,0.110000
1787009846797220002,-13.716570,18.747100,2.745303,0.021885,-0.167295,0.110000,-0.088500,0.110000
1787009846847344985,-13.556010,18.682810,2.745434,0.021885,-0.167295,0.110000,-0.088000,0.110000
1787009846897214201,-13.556010,18.682810,2.745434,0.030898,-0.162920,0.110000,-0.088000,0.110000
1787009846947309220,-13.380730,18.604030,2.745490,0.024585,-0.162920,0.110000,-0.087400,0.110000
1787009846997224461,-13.204180,18.515140,2.745517,0.035329,-0.160280,0.110000,-0.087400,0.110000
1787009847047328965,-13.204180,18.515140,2.745517,0.035329,-0.160280,0.110000,-0.087400,0.110000
1787009847097397922,-13.034090,18.419910,2.745856,0.002589,-0.156291,0.110000,-0.085300,0.110000
1787009847147192972,-12.849800,18.305490,2.746112,0.019231,-0.156291,0.110000,-0.083800,0.110000
1787009847197260148,-12.849800,18.305490,2.746112,0.019231,-0.147130,0.110000,-0.083800,0.110000
1787009847247273392,-12.688850,18.195420,2.746393,0.043758,-0.147130,0.110000,-0.081700,0.110000
1787009847297236724,-12.543410,18.087240,2.746413,0.013261,-0.141537,0.110000,-0.081700,0.110000
1787009847347156818,-12.393670,17.966610,2.747087,0.019563,-0.141537,0.110000,-0.077000,0.110000
1787009847397213723,-12.393670,17.966610,2.747087,0.019563,-0.133285,0.110000,-0.077000,0.110000
1787009847447317472,-12.246540,17.838540,2.747428,0.004647,-0.133285,0.110000,-0.074400,0.110000
1787009847497180246,-12.108260,17.708880,2.747416,0.006931,-0.129813,0.110000,-0.074400,0.110000
1787009847547405902,-12.108260,17.708880,2.747416,0.006931,-0.129813,0.110000,-0.074400,0.110000
1787009847597237975,-11.972740,17.572370,2.748012,0.058336,-0.124081,0.110000,-0.069600,0.110000
1787009847647167903,-11.834650,17.423080,2.748211,0.012714,-0.124081,0.110000,-0.068100,0.110000
1787009847697170859,-11.707250,17.275290,2.748207,0.006593,-0.122428,0.110000,-0.068100,0.110000
1787009847747223249,-11.707250,17.275290,2.748207,0.006593,-0.122428,0.110000,-0.068100,0.110000
1787009847797586884,-11.596740,17.138450,2.748534,0.015243,-0.120036,0.110000,-0.064900,0.110000
1787009847847213367,-11.488640,16.996200,2.748662,0.000267,-0.120036,0.110000,-0.063900,0.110000
1787009847897198046,-11.488640,16.996200,2.748662,0.000267,-0.113762,0.110000,-0.063900,0.110000
1787009847947358509,-11.372280,16.832740,2.748652,0.030136,-0.113762,0.110000,-0.063900,0.110000
1787009847997239910,-11.264310,16.670170,2.748744,0.015087,-0.114783,0.110000,-0.062800,0.110000
1787009848047129186,-11.164260,16.509020,2.749073,0.006473,-0.114783,0.110000,-0.059700,0.110000
1787009848097233891,-11.164260,16.509020,2.749073,0.006473,-0.117266,0.110000,-0.059700,0.110000
1787009848147287765,-11.063600,16.335410,2.748991,0.028110,-0.117266,0.110000,-0.060200,0.110000
1787009848197175996,-10.970920,16.163640,2.749007,0.019459,-0.120273,0.110000,-0.060200,0.110000
1787009848247200112,-10.970920,16.163640,2.749007,0.019459,-0.120273,0.110000,-0.060200,0.110000
1787009848297196107,-10.882320,15.986660,2.748885,0.021763,-0.127142,0.110000,-0.061300,0.110000
1787009848347230074,-10.802680,15.814530,2.748743,0.021636,-0.127142,0.110000,-0.062800,0.110000
1787009848397126226,-10.730430,15.645130,2.748732,0.010816,-0.130953,0.110000,-0.062800,0.110000
1787009848447251142,-10.730430,15.645130,2.748732,0.010816,-0.130953,0.110000,-0.062800,0.110000
1787009848497235721,-10.657630,15.458170,2.748321,0.002706,-0.125410,0.110000,-0.066500,0.110000
1787009848547181328,-10.593960,15.276650,2.748088,0.030294,-0.125410,0.110000,-0.068600,0.110000
1787009848597513018,-10.593960,15.276650,2.748088,0.030294,-0.133185,0.110000,-0.068600,0.110000
1787009848647303321,-10.536500,15.093070,2.748117,0.021914,-0.133185,0.110000,-0.068600,0.110000
1787009848697201175,-10.483140,14.899670,2.748463,0.008651,-0.136755,0.110000,-0.065400,0.110000
1787009848747089391,-10.438300,14.712600,2.747985,0.036809,-0.136755,0.110000,-0.069600,0.110000
1787009848797350407,-10.438300,14.712600,2.747985,0.036809,-0.134494,0.110000,-0.069600,0.110000
1787009848847221548,-10.401510,14.532220,2.747703,0.043089,-0.134494,0.110000,-0.071700,0.110000
1787009848897212392,-10.370470,14.347980,2.747744,0.025794,-0.137911,0.110000,-0.071700,0.110000
1787009848947194324,-10.370470,14.347980,2.747744,0.025794,-0.137911,0.110000,-0.071700,0.110000
1787009848997295254,-10.346720,14.170950,2.747931,0.043204,-0.134460,0.110000,-0.070200,0.110000
1787009849047186658,-10.325880,13.957660,2.747661,0.013241,-0.134460,0.110000,-0.072300,0.110000
1787009849097216993,-10.314570,13.768410,2.747665,0.010842,-0.137824,0.110000,-0.072300,0.110000
1787009849147470370,-10.314570,13.768410,2.747665,0.010842,-0.137824,0.110000,-0.072300,0.110000
1787009849197257373,-10.309870,13.578870,2.747915,0.017152,-0.131464,0.110000,-0.070200,0.110000
1787009849247195905,-10.311540,13.397530,2.747657,0.032538,-0.131464,0.110000,-0.072300,0.110000
1787009849297223944,-10.311540,13.397530,2.747657,0.032538,-0.132415,0.110000,-0.072300,0.110000
1787009849347252790,-10.319990,13.205390,2.747662,0.028058,-0.132415,0.110000,-0.072300,0.110000
1787009849397218853,-10.336270,13.002690,2.748111,0.013018,-0.132520,0.110000,-0.068600,0.110000
1787009849447167842,-10.357310,12.819780,2.748030,0.002470,-0.132520,0.110000,-0.069100,0.110000
1787009849497211800,-10.357310,12.819780,2.748030,0.002470,-0.123168,0.110000,-0.069100,0.110000
1787009849547264623,-10.384810,12.634960,2.747982,0.004959,-0.123168,0.110000,-0.069600,0.110000
1787009849597192843,-10.421210,12.437690,2.747968,0.002685,-0.115598,0.110000,-0.069600,0.110000
1787009849647202435,-10.421210,12.437690,2.747968,0.002685,-0.115598,0.110000,-0.069600,0.110000
1787009849697266478,-10.460710,12.257830,2.748601,0.010784,-0.108726,0.110000,-0.064400,0.110000
1787009849747178323,-10.507020,12.073890,2.748967,0.039029,-0.108726,0.110000,-0.060700,0.110000
1787009849797100297,-10.562740,11.878250,2.748951,0.006525,-0.101286,0.110000,-0.060700,0.110000
1787009849847459614,-10.562740,11.878250,2.748951,0.006525,-0.101286,0.110000,-0.060700,0.110000
1787009849897239390,-10.621050,11.694850,2.749301,0.015218,-0.089572,0.110000,-0.057100,0.110000
1787009849947228345,-10.683470,11.515690,2.749645,0.017233,-0.089572,0.110000,-0.052900,0.110000
1787009849997199629,-10.683470,11.515690,2.749645,0.017233,-0.085420,0.110000,-0.052900,0.110000
1787009850047282423,-10.755550,11.325400,2.749615,0.025927,-0.085420,0.110000,-0.052900,0.110000
1787009850097206057,-10.828370,11.147200,2.750048,0.011092,-0.081066,0.110000,-0.047100,0.110000
1787009850147145051,-10.903020,10.975730,2.750194,0.021395,-0.081066,0.110000,-0.044500,0.110000
1787009850197207271,-10.903020,10.975730,2.750194,0.021395,-0.069763,0.110000,-0.044500,0.110000
1787009850247262387,-10.982450,10.803380,2.750300,0.006728,-0.069763,0.110000,-0.042400,0.110000
1787009850297188211,-11.060510,10.642550,2.750274,0.006446,-0.064071,0.110000,-0.042400,0.110000
1787009850347196186,-11.144090,10.478300,2.750557,0.002466,-0.064071,0.110000,-0.036700,0.110000
1787009850397547201,-11.144090,10.478300,2.750557,0.002466,-0.054692,0.110000,-0.036700,0.110000
1787009850447302298,-11.231760,10.313060,2.750634,0.010541,-0.054692,0.110000,-0.033500,0.110000
1787009850497190649,-11.327460,10.139660,2.750612,0.077243,-0.051254,0.110000,-0.033500,0.110000
1787009850547213878,-11.327460,10.139660,2.750612,0.077243,-0.051254,0.110000,-0.033500,0.110000
1787009850597301276,-11.423180,9.972577,2.750745,0.019920,-0.043276,0.110000,-0.028800,0.110000
1787009850647173190,-11.525480,9.799768,2.750762,0.019183,-0.043276,0.110000,-0.026700,0.110000
1787009850697090862,-11.630130,9.628377,2.750744,0.019183,-0.040356,0.110000,-0.026700,0.110000
1787009850747196147,-11.725190,9.476921,2.750837,0.005269,-0.040356,0.110000,-0.022500,0.110000
1787009850797353783,-11.824770,9.321819,2.750845,0.012601,-0.033685,0.110000,-0.020900,0.110000
1787009850847254641,-11.824770,9.321819,2.750845,0.012601,-0.033685,0.110000,-0.020900,0.110000
1787009850897290204,-11.824770,9.321819,2.750845,0.012601,-0.031783,0.110000,-0.020900,0.110000
1787009850947188616,-12.006870,9.046469,2.750891,0.002301,-0.031783,0.110000,-0.017800,0.110000
1787009850997204435,-12.006870,9.046469,2.750891,0.002301,-0.027512,0.110000,-0.017800,0.110000
1787009851047378986,-12.105750,8.900789,2.750874,0.011188,-0.027512,0.110000,-0.017800,0.110000
1787009851097253589,-12.204190,8.758143,2.750886,0.032411,-0.025433,0.110000,-0.016800,0.110000
1787009851147181756,-12.302060,8.618447,2.750909,0.025583,-0.025433,0.110000,-0.014700,0.110000
1787009851197259257,-12.302060,8.618447,2.750909,0.025583,-0.022158,0.110000,-0.014700,0.110000
1787009851247325593,-12.410420,8.465954,2.750901,0.031989,-0.022158,0.110000,-0.014700,0.110000
1787009851297193804,-12.521420,8.311968,2.750920,0.019600,-0.021320,0.110000,-0.013100,0.110000
1787009851347242136,-12.633350,8.158658,2.750928,0.019600,-0.021320,0.110000,-0.011500,0.110000
1787009851397303620,-12.633350,8.158658,2.750928,0.004672,-0.019810,0.110000,-0.011500,0.110000
1787009851447378828,-12.755970,7.992712,2.750931,0.021327,-0.019810,0.110000,-0.011000,0.110000
1787009851497193082,-12.858060,7.856065,2.750927,0.004486,-0.018443,0.110000,-0.011000,0.110000
1787009851547207639,-12.858060,7.856065,2.750927,0.004486,-0.018443,0.110000,-0.011000,0.110000
1787009851597227530,-12.969090,7.708936,2.750935,0.036630,-0.017873,0.110000,-0.010500,0.110000
1787009851647287329,-13.092530,7.547046,2.750939,0.004293,-0.017873,0.110000,-0.009400,0.110000
1787009851697142184,-13.206650,7.398816,2.750938,0.008928,-0.017753,0.110000,-0.009400,0.110000
1787009851747253255,-13.206650,7.398816,2.750938,0.008928,-0.017753,0.110000,-0.009400,0.110000
1787009851797220042,-13.324820,7.246758,2.750933,0.002458,-0.017669,0.110000,-0.009400,0.110000
1787009851847168991,-13.438580,7.101725,2.750937,0.000296,-0.017669,0.110000,-0.009400,0.110000
1787009851897193649,-13.438580,7.101725,2.750937,0.000296,-0.016623,0.110000,-0.009400,0.110000
1787009851947231553,-13.564960,6.942124,2.750932,0.008874,-0.016623,0.110000,-0.009400,0.110000
1787009851997210389,-13.686950,6.789571,2.750935,0.004488,-0.017373,0.110000,-0.009400,0.110000
1787009852047200725,-13.800970,6.648263,2.750941,0.004488,-0.017373,0.110000,-0.008900,0.110000
1787009852097415273,-13.800970,6.648263,2.750941,0.014822,-0.016439,0.110000,-0.008900,0.110000
1787009852147360281,-13.931240,6.488255,2.750941,0.059981,-0.016439,0.110000,-0.008900,0.110000
1787009852197190000,-14.062260,6.328855,2.750942,0.038845,-0.015819,0.110000,-0.008900,0.110000
1787009852247198666,-14.062260,6.328855,2.750942,0.038845,-0.015819,0.110000,-0.008900,0.110000
1787009852297283706,-14.174630,6.193307,2.750943,0.000497,-0.004047,0.110000,-0.008400,0.110000
1787009852347267134,-14.298120,6.045534,2.750940,0.021242,-0.004047,0.110000,-0.008400,0.110000
1787009852397131842,-14.415110,5.906667,2.750941,0.015207,0.423165,0.071500,-0.008400,0.110000
1787009852447193746,-14.537840,5.761847,2.750966,0.006405,0.423165,0.071500,-0.002100,0.110000
1787009852497286364,-14.641960,5.636885,2.142018,10.317843,0.439190,0.071500,0.205900,0.072000
1787009852547204111,-14.641960,5.636885,2.142018,10.317843,0.439190,0.071500,0.205900,0.072000
1787009852597205649,-14.719130,5.531076,1.807469,1.294337,0.445597,0.071500,0.221500,0.072000
1787009852647218810,-14.719130,5.531076,1.807469,1.294337,0.445597,0.071500,0.221500,0.072000
1787009852697230513,-14.776320,5.438281,1.777941,0.110180,0.443076,0.071500,0.229900,0.072000
1787009852747240151,-14.829990,5.336116,1.774778,0.007976,0.443076,0.071500,0.233500,0.072000
1787009852797207313,-14.882660,5.213904,1.774546,0.008490,0.441493,0.071500,0.233500,0.072000
1787009852847446631,-14.882660,5.213904,1.774546,0.008490,0.441493,0.071500,0.233500,0.072000
1787009852897221279,-14.920090,5.104777,1.775117,0.011727,0.436818,0.071500,0.232000,0.072000
1787009852947184271,-14.948940,4.996717,1.775435,0.004983,0.436818,0.071500,0.230900,0.072000
1787009852997211147,-14.948940,4.996717,1.775435,0.004983,0.437276,0.071500,0.230900,0.072000
1787009853047333501,-14.973330,4.867630,1.775477,0.017224,0.437276,0.071500,0.230900,0.072000
1787009853097330174,-14.986870,4.744058,1.776073,0.019386,0.434765,0.071500,0.228800,0.072000
1787009853147199921,-14.991060,4.623364,1.776185,0.012661,0.434765,0.071500,0.228800,0.072000
1787009853197200884,-14.991060,4.623364,1.776185,0.012661,0.427755,0.071500,0.228800,0.072000
1787009853247267470,-14.986210,4.499123,1.776499,0.020735,0.427755,0.071500,0.227800,0.072000
1787009853297213061,-14.972360,4.377338,1.776618,0.010345,0.424131,0.071500,0.227800,0.072000
1787009853347117548,-14.949230,4.255099,1.777595,0.016313,0.424131,0.071500,0.224100,0.072000
1787009853397224587,-14.949230,4.255099,1.777595,0.016313,0.417568,0.071500,0.224100,0.072000
1787009853447307892,-14.914050,4.124643,1.778205,0.013464,0.417568,0.071500,0.222000,0.072000
1787009853497188372,-14.874570,4.012249,1.778132,0.017593,0.412927,0.071500,0.222000,0.072000
1787009853547193581,-14.874570,4.012249,1.778132,0.017593,0.412927,0.071500,0.222000,0.072000
1787009853597228430,-14.826610,3.901208,1.779122,0.013851,0.402556,0.071500,0.218900,0.072000
1787009853647240329,-14.768430,3.789062,1.779828,0.020038,0.402556,0.071500,0.216200,0.072000
1787009853697251318,-14.712100,3.696259,1.779709,0.021481,0.396905,0.071500,0.216200,0.072000
1787009853747194790,-14.712100,3.696259,1.779709,0.021481,0.396905,0.071500,0.216200,0.072000
1787009853797257039,-14.644860,3.599869,1.781026,0.051755,0.383743,0.071500,0.211000,0.072000
1787009853847187542,-14.564510,3.499881,1.781940,0.015956,0.383743,0.071500,0.207900,0.072000
1787009853897218446,-14.564510,3.499881,1.781940,0.015956,0.377297,0.071500,0.207900,0.072000
1787009853947256725,-14.474840,3.403236,1.781881,0.002805,0.377297,0.071500,0.207900,0.072000
1787009853997168857,-14.383820,3.317824,1.783491,0.028864,0.370095,0.071500,0.201100,0.072000
1787009854047178036,-14.280290,3.233072,1.784327,0.012363,0.370095,0.071500,0.197400,0.072000
1787009854097304932,-14.280290,3.233072,1.784327,0.012363,0.351042,0.071500,0.197400,0.072000
1787009854147215860,-14.183010,3.163506,1.785245,0.020931,0.351042,0.071500,0.193700,0.072000
1787009854197210290,-14.080150,3.099070,1.785218,0.014115,0.337663,0.071500,0.193700,0.072000
1787009854247134398,-13.973470,3.040885,1.787324,0.023446,0.337663,0.071500,0.183800,0.072000
1787009854297358955,-13.973470,3.040885,1.787324,0.023446,0.320525,0.071500,0.183800,0.072000
1787009854347189246,-13.858620,2.986730,1.788696,0.001872,0.320525,0.071500,0.177000,0.072000
1787009854397194799,-13.745810,2.941269,1.788681,0.012071,0.305697,0.071500,0.177000,0.072000
1787009854447197278,-13.745810,2.941269,1.788681,0.012071,0.305697,0.071500,0.177000,0.072000
1787009854497310517,-13.630570,2.902050,1.790408,0.026973,0.279912,0.071500,0.168100,0.072000
1787009854547353971,-13.509870,2.867992,1.791797,0.014406,0.279912,0.071500,0.160200,0.072000
1787009854597236656,-13.392820,2.841358,1.791844,0.031765,0.270849,0.071500,0.160200,0.072000
1787009854647213630,-13.392820,2.841358,1.791844,0.031765,0.270849,0.071500,0.160200,0.072000
1787009854697261917,-13.278020,2.820924,1.794070,0.048896,0.244069,0.071500,0.146600,0.072000
1787009854747169608,-13.149900,2.804171,1.794861,0.002159,0.244069,0.071500,0.141900,0.072000
1787009854797226109,-13.149900,2.804171,1.794861,0.002159,0.227471,0.071500,0.141900,0.072000
1787009854847239873,-13.017520,2.793334,1.794832,0.027184,0.227471,0.071500,0.141900,0.072000
1787009854897222897,-12.899020,2.788919,1.796867,0.022935,0.209883,0.071500,0.127800,0.072000
1787009854947141915,-12.764180,2.789364,1.797989,0.012190,0.209883,0.071500,0.118900,0.072000
1787009854997232580,-12.764180,2.789364,1.797989,0.012190,0.183680,0.071500,0.118900,0.072000
1787009855047372144,-12.636570,2.794778,1.799054,0.045959,0.183680,0.071500,0.110000,0.072000
1787009855097198147,-12.514610,2.804309,1.799022,0.028625,0.174557,0.071500,0.110000,0.072000
1787009855147206935,-12.514610,2.804309,1.799022,0.028625,0.174557,0.071500,0.110000,0.072000
1787009855197357325,-12.398290,2.817182,1.800466,0.005942,0.146573,0.110000,0.096300,0.072000
1787009855247272434,-12.269900,2.835300,1.800887,0.022273,0.146573,0.110000,0.091600,0.072000
1787009855297192072,-12.150970,2.855693,1.800873,0.005004,0.139535,0.110000,0.091600,0.072000
1787009855347446351,-12.150970,2.855693,1.800873,0.005004,0.139535,0.110000,0.091600,0.072000
1787009855397294226,-12.014500,2.882494,2.307284,8.339274,0.120424,0.110000,0.077000,0.110000
1787009855447196154,-11.835990,2.924336,2.692318,1.773005,0.120424,0.110000,0.073300,0.110000
1787009855497194702,-11.835990,2.924336,2.692318,1.773005,0.109486,0.110000,0.073300,0.110000
1787009855547237777,-11.641550,2.977923,2.741952,0.185091,0.109486,0.110000,0.073300,0.110000
1787009855597190553,-11.463350,3.033758,2.748180,0.055372,0.098150,0.110000,0.062800,0.110000
1787009855647153255,-11.273760,3.099567,2.749368,0.002068,0.098150,0.110000,0.057100,0.110000
1787009855697501593,-11.273760,3.099567,2.749368,0.002068,0.080860,0.110000,0.057100,0.110000
1787009855747364942,-11.088630,3.169771,2.749884,0.034740,0.080860,0.110000,0.051300,0.110000
1787009855797199626,-10.913000,3.241583,2.749873,0.004293,0.074537,0.110000,0.051300,0.110000
1787009855847212785,-10.913000,3.241583,2.749873,0.004293,0.074537,0.110000,0.051300,0.110000
1787009855897381602,-10.731550,3.320914,2.750445,0.012398,0.065355,0.110000,0.042400,0.110000
1787009855947204719,-10.549320,3.405254,2.750564,0.009819,0.065355,0.110000,0.039300,0.110000
1787009855997121442,-10.371300,3.492038,2.750529,0.018340,0.062786,0.110000,0.039300,0.110000
1787009856047313927,-10.371300,3.492038,2.750529,0.018340,0.062786,0.110000,0.039300,0.110000
1787009856097322308,-10.204710,3.577109,2.750741,0.029483,0.059337,0.110000,0.034000,0.110000
1787009856147183706,-10.041940,3.663563,2.750739,0.012184,0.059337,0.110000,0.033000,0.110000
1787009856197116282,-9.873338,3.756583,2.750713,0.026388,0.062151,0.110000,0.033000,0.110000
1787009856247258094,-9.873338,3.756583,2.750713,0.026388,0.062151,0.110000,0.033000,0.110000
1787009856297311486,-9.722872,3.842589,2.750772,0.010413,0.061837,0.110000,0.030900,0.110000
1787009856347223720,-9.559483,3.939183,2.750699,0.004653,0.061837,0.110000,0.032500,0.110000
1787009856397092617,-9.559483,3.939183,2.750699,0.004653,0.060961,0.110000,0.032500,0.110000
1787009856447498524,-9.388295,4.044159,2.750698,0.012931,0.060961,0.110000,0.032500,0.110000
1787009856497215168,-9.244294,4.135546,2.750694,0.006502,0.058909,0.110000,0.032500,0.110000
1787009856547177294,-9.244294,4.135546,2.750694,0.006502,0.058909,0.110000,0.032500,0.110000
1787009856597444934,-8.948866,4.332116,2.750696,0.010525,0.052363,0.110000,0.031900,0.110000
1787009856647223978,-8.948866,4.332116,2.750696,0.010525,0.052363,0.110000,0.031900,0.110000
1787009856697417530,-8.641469,4.550113,2.750713,0.037179,0.052363,0.110000,0.030900,0.110000
1787009856747178412,-8.641469,4.550113,2.750713,0.037179,0.052363,0.110000,0.030900,0.110000
1787009856797206540,-8.491282,4.661638,2.750798,0.012326,0.017208,0.110000,0.027200,0.110000
1787009856847261730,-8.491282,4.661638,2.750798,0.012326,0.017208,0.110000,0.027200,0.110000
1787009856897338153,-8.336039,4.780167,2.750773,0.030716,0.017208,0.110000,0.027200,0.110000
1787009856947180593,-8.191031,4.893939,2.750770,0.029241,0.017208,0.110000,0.027200,0.110000
1787009856997191552,-8.191031,4.893939,2.750770,0.029241,-0.116702,0.110000,0.027200,0.110000
1787009857047185582,-8.055734,5.002270,2.751042,0.007347,-0.116702,0.110000,0.008900,0.110000
1787009857097222969,-7.903817,5.125057,2.750993,0.031068,-0.216092,0.071500,0.008900,0.110000
1787009857147224007,-7.762355,5.238666,2.747974,0.037798,-0.216092,0.071500,-0.061300,0.110000
1787009857197236934,-7.762355,5.238666,2.747974,0.037798,-0.326158,0.071500,-0.061300,0.110000
1787009857247348293,-7.624086,5.343304,2.116083,8.946927,-0.326158,0.071500,-0.113100,0.072000
1787009857297192593,-7.520486,5.413368,1.825584,1.153447,-0.339421,0.071500,-0.113100,0.072000
1787009857347147952,-7.412827,5.478894,1.790624,0.067121,-0.339421,0.071500,-0.170700,0.072000
1787009857397370308,-7.412827,5.478894,1.790624,0.067121,-0.348185,0.071500,-0.170700,0.072000
1787009857447367334,-7.308755,5.534600,1.787935,0.007361,-0.348185,0.071500,-0.177500,0.072000
1787009857497187904,-7.200178,5.585210,1.787915,0.014973,-0.346404,0.071500,-0.177500,0.072000
1787009857547215797,-7.200178,5.585210,1.787915,0.014973,-0.346404,0.071500,-0.177500,0.072000
1787009857597291480,-7.083941,5.631442,1.787055,0.004120,-0.340491,0.071500,-0.182200,0.072000
1787009857647182615,-6.963434,5.671181,1.787274,0.002087,-0.340491,0.071500,-0.181200,0.072000
1787009857697089731,-6.837268,5.704402,1.787323,0.002934,-0.335560,0.071500,-0.181200,0.072000
1787009857747218193,-6.837268,5.704402,1.787323,0.002934,-0.335560,0.071500,-0.181200,0.072000
1787009857797269397,-6.718071,5.728332,1.788036,0.006012,-0.329658,0.071500,-0.178000,0.072000
1787009857847135621,-6.587018,5.746706,1.788534,0.024938,-0.329658,0.071500,-0.175900,0.072000
1787009857897368488,-6.587018,5.746706,1.788534,0.024938,-0.315499,0.071500,-0.175900,0.072000
1787009857947190219,-6.449687,5.757392,1.789173,0.010029,-0.315499,0.071500,-0.172800,0.072000
1787009857997135843,-6.308371,5.759454,1.789164,0.037169,-0.306927,0.071500,-0.172800,0.072000
1787009858047183152,-6.308371,5.759454,1.789164,0.037169,-0.306927,0.071500,-0.172800,0.072000
1787009858097216154,-6.188523,5.754259,1.790701,0.015496,-0.297040,0.071500,-0.164900,0.072000
1787009858147180549,-6.053040,5.740971,1.791462,0.003003,-0.297040,0.071500,-0.160700,0.072000
1787009858197199731,-6.053040,5.740971,1.791462,0.003003,-0.274443,0.071500,-0.160700,0.072000
1787009858247251277,-5.927337,5.721587,1.791490,0.015162,-0.274443,0.071500,-0.160700,0.072000
1787009858297266182,-5.808003,5.696837,1.792445,0.034444,-0.259874,0.071500,-0.155500,0.072000
1787009858347216172,-5.808003,5.696837,1.792445,0.034444,-0.259874,0.071500,-0.155500,0.072000
1787009858397219601,-5.684680,5.664934,1.794414,0.006816,-0.231967,0.071500,-0.143500,0.072000
1787009858447214940,-5.561184,5.626743,1.795534,0.004074,-0.231967,0.071500,-0.136100,0.072000
1787009858497128488,-5.439557,5.582943,1.795532,0.004919,-0.216191,0.071500,-0.136100,0.072000
1787009858547440354,-5.439557,5.582943,1.795532,0.004919,-0.216191,0.071500,-0.136100,0.072000
1787009858597184339,-5.326426,5.536698,1.797591,0.052425,-0.199585,0.071500,-0.121500,0.072000
1787009858647148666,-5.200418,5.479258,1.798584,0.009534,-0.199585,0.071500,-0.113100,0.072000
1787009858697506590,-5.200418,5.479258,1.798584,0.009534,-0.164526,0.110000,-0.113100,0.072000
1787009858747284591,-5.084653,5.421081,1.799557,0.039641,-0.164526,0.110000,-0.104700,0.072000
1787009858797253802,-4.964750,5.355300,1.799525,0.007606,-0.140364,0.110000,-0.104700,0.072000
1787009858847141165,-4.850789,5.288432,2.282114,7.569767,-0.140364,0.110000,-0.086400,0.110000
1787009858897251361,-4.850789,5.288432,2.282114,7.569767,-0.086743,0.110000,-0.086400,0.110000
1787009858947271512,-4.701785,5.193286,2.683169,2.074748,-0.086743,0.110000,-0.073300,0.110000
1787009858997175403,-4.558616,5.094384,2.738593,0.293325,-0.069170,0.110000,-0.073300,0.110000
1787009859047202859,-4.558616,5.094384,2.738593,0.293325,-0.069170,0.110000,-0.073300,0.110000
1787009859097401993,-4.394982,4.973867,2.749322,0.032153,-0.036747,0.110000,-0.045600,0.110000
1787009859147186308,-4.253342,4.864792,2.750608,0.015722,-0.036747,0.110000,-0.036100,0.110000
1787009859197208130,-4.253342,4.864792,2.750608,0.015722,0.353312,0.071500,-0.036100,0.110000
1787009859247273114,-4.098583,4.741208,2.750667,0.047337,0.353312,0.071500,-0.036100,0.110000
1787009859297324443,-3.939384,4.609932,2.751076,0.003085,0.384901,0.071500,-0.019400,0.110000
1787009859347173375,-3.807011,4.501070,2.111578,9.212842,0.384901,0.071500,0.184800,0.072000
1787009859397203623,-3.807011,4.501070,2.111578,9.212842,0.426316,0.071500,0.184800,0.072000
1787009859447262538,-3.701931,4.424596,1.807490,1.084939,0.426316,0.071500,0.201600,0.072000
1787009859497182368,-3.606293,4.364634,1.784449,0.085116,0.424855,0.071500,0.201600,0.072000
1787009859547190556,-3.493490,4.304016,1.777418,0.007282,0.424855,0.071500,0.223100,0.072000
1787009859597345057,-3.493490,4.304016,1.777418,0.007282,0.423288,0.071500,0.223100,0.072000
1787009859647252611,-3.374873,4.251435,1.777493,0.014974,0.423288,0.071500,0.222500,0.072000
1787009859697190795,-3.264459,4.211793,1.777508,0.025632,0.423545,0.071500,0.222500,0.072000
1787009859747088256,-3.149837,4.179402,1.777959,0.025632,0.423545,0.071500,0.221500,0.072000
1787009859797259875,-3.149837,4.179402,1.777959,0.008708,0.414982,0.071500,0.221500,0.072000
1787009859847328442,-3.031487,4.154769,1.777891,0.009845,0.414982,0.071500,0.222000,0.072000
1787009859897237650,-2.906379,4.138053,1.777892,0.008424,0.414385,0.071500,0.222000,0.072000
1787009859947204102,-2.906379,4.138053,1.777892,0.008424,0.414385,0.071500,0.222000,0.072000
1787009859997263313,-2.785641,4.130664,1.779119,0.035160,0.407538,0.071500,0.217300,0.072000
1787009860047224598,-2.666438,4.131570,1.779403,0.050286,0.407538,0.071500,0.216800,0.072000
1787009860097170185,-2.540496,4.141379,1.779443,0.016475,0.402278,0.071500,0.216800,0.072000
1787009860147391577,-2.540496,4.141379,1.779443,0.016475,0.402278,0.071500,0.216800,0.072000
1787009860197361545,-2.413781,4.160522,1.780236,0.002584,0.393282,0.071500,0.213600,0.072000
1787009860247180806,-2.295594,4.186903,1.781096,0.005531,0.393282,0.071500,0.210500,0.072000
1787009860297215859,-2.295594,4.186903,1.781096,0.005531,0.386852,0.071500,0.210500,0.072000
1787009860347191269,-2.176054,4.222276,1.781135,0.004232,0.386852,0.071500,0.210500,0.072000
1787009860397257970,-2.060791,4.265080,1.782236,0.011507,0.382155,0.071500,0.205800,0.072000
1787009860447211902,-1.953365,4.313085,1.783031,0.007718,0.382155,0.071500,0.202600,0.072000
1787009860497452552,-1.953365,4.313085,1.783031,0.007718,0.369154,0.071500,0.202600,0.072000
1787009860547382352,-1.839791,4.372987,1.783588,0.024740,0.369154,0.071500,0.200000,0.072000
1787009860597181488,-1.731994,4.439427,1.783642,0.027159,0.362390,0.071500,0.200000,0.072000
1787009860647321089,-1.634391,4.508526,1.785154,0.027159,0.362390,0.071500,0.193200,0.072000
1787009860697227221,-1.634391,4.508526,1.785154,0.014224,0.346295,0.071500,0.193200,0.072000
1787009860747194905,-1.539708,4.584562,1.786048,0.011897,0.346295,0.071500,0.189500,0.072000
1787009860797217412,-1.442083,4.673631,1.786061,0.009862,0.337784,0.071500,0.189500,0.072000
1787009860847190368,-1.442083,4.673631,1.786061,0.009862,0.337784,0.071500,0.189500,0.072000
1787009860897269506,-1.353909,4.764903,1.787747,0.007727,0.318854,0.071500,0.181200,0.072000
1787009860947208763,-1.280305,4.850212,1.788699,0.003836,0.318854,0.071500,0.177000,0.072000
1787009860997111374,-1.205965,4.946469,1.788683,0.002874,0.310091,0.071500,0.177000,0.072000
1787009861047215063,-1.205965,4.946469,1.788683,0.002874,0.310091,0.071500,0.177000,0.072000
1787009861097328855,-1.125326,5.064827,1.790519,0.009470,0.299737,0.071500,0.167000,0.072000
1787009861147185574,-1.064367,5.166126,1.791418,0.012447,0.299737,0.071500,0.162300,0.072000
1787009861197066751,-1.002818,5.281570,1.791418,0.012447,0.277945,0.071500,0.157100,0.072000
1787009861247197806,-1.002818,5.281570,1.792300,0.015692,0.277945,0.071500,0.157100,0.072000
1787009861297246836,-0.956186,5.380454,1.792322,0.007358,0.253661,0.071500,0.157100,0.072000
1787009861347227219,-0.911866,5.486370,1.794272,0.023180,0.253661,0.071500,0.145600,0.072000
1787009861398398870,-0.911866,5.486370,1.794272,0.023180,0.245348,0.071500,0.145600,0.072000
1787009861447204612,-0.869285,5.602617,1.794191,0.004140,0.245348,0.071500,0.145600,0.072000
1787009861497213544,-0.803088,5.826513,1.796751,0.023173,0.222095,0.071500,0.128300,0.072000
1787009861547199146,-0.803088,5.826513,1.796751,0.023173,0.222095,0.071500,0.128300,0.072000
1787009861597249447,-0.778073,5.933257,1.798310,0.064218,0.203586,0.071500,0.116200,0.072000
1787009861647212008,-0.778073,5.933257,1.798310,0.064218,0.203586,0.071500,0.116200,0.072000
1787009861697272786,-0.753792,6.056777,1.798297,0.010328,0.194693,0.071500,0.116200,0.072000
1787009861747184550,-0.733968,6.182910,1.798293,0.024242,0.194693,0.071500,0.116200,0.072000
1787009861797107428,-0.720877,6.290073,1.799369,0.005962,0.186545,0.071500,0.106800,0.072000
1787009861847490711,-0.720877,6.290073,1.799369,0.005962,0.186545,0.071500,0.106800,0.072000
1787009861897297096,-0.709824,6.411967,1.799888,0.017766,0.168895,0.110000,0.102100,0.072000
1787009861947211736,-0.702565,6.535977,1.800280,0.004808,0.168895,0.110000,0.097900,0.072000
1787009861997434200,-0.702565,6.535977,1.800280,0.004808,0.161973,0.110000,0.097900,0.072000
1787009862047271579,-0.699191,6.661956,1.800273,0.016829,0.161973,0.110000,0.097900,0.072000
1787009862097224785,-0.699670,6.824456,2.392162,8.292362,0.153701,0.110000,0.088500,0.110000
1787009862147191634,-0.699670,6.824456,2.392162,8.292362,0.153701,0.110000,0.088500,0.110000
1787009862197237695,-0.708635,7.008280,2.703824,1.362839,0.136224,0.110000,0.084800,0.110000
1787009862247197931,-0.726520,7.203973,2.742122,0.147183,0.136224,0.110000,0.080600,0.110000
1787009862297204669,-0.750055,7.383582,2.746068,0.020232,0.125898,0.110000,0.080600,0.110000
1787009862347173406,-0.750055,7.383582,2.746068,0.020232,0.125898,0.110000,0.080600,0.110000
1787009862397231638,-0.781621,7.570510,2.747884,0.020585,0.106982,0.110000,0.071200,0.110000
1787009862447166907,-0.820151,7.758998,2.748555,0.027700,0.106982,0.110000,0.066000,0.110000
1787009862497175045,-0.860101,7.927482,2.748515,0.000759,0.098934,0.110000,0.066000,0.110000
1787009862547263537,-0.860101,7.927482,2.748515,0.000759,0.098934,0.110000,0.066000,0.110000
1787009862597398689,-0.907744,8.105422,2.749518,0.023793,0.086447,0.110000,0.056000,0.110000
1787009862647184791,-0.962462,8.289974,2.749846,0.004172,0.086447,0.110000,0.051800,0.110000
1787009862697113411,-1.024562,8.480865,2.749804,0.025296,0.081301,0.110000,0.051800,0.110000
1787009862747402860,-1.024562,8.480865,2.749804,0.025296,0.081301,0.110000,0.051800,0.110000
1787009862797230204,-1.085855,8.654646,2.750279,0.022939,0.073376,0.110000,0.045000,0.110000
1787009862847297137,-1.148802,8.821980,2.750396,0.039817,0.073376,0.110000,0.042400,0.110000
1787009862897216220,-1.148802,8.821980,2.750396,0.039817,0.072125,0.110000,0.042400,0.110000
1787009862947211342,-1.214998,8.988052,2.750381,0.018494,0.072125,0.110000,0.042400,0.110000
1787009862997181687,-1.294138,9.175587,2.750568,0.017884,0.071401,0.110000,0.038200,0.110000
1787009863047133323,-1.376997,9.361509,2.750570,0.001711,0.071401,0.110000,0.037700,0.110000
1787009863097253430,-1.376997,9.361509,2.750570,0.001711,0.070301,0.110000,0.037700,0.110000
1787009863147231080,-1.455143,9.528413,2.750578,0.017115,0.070301,0.110000,0.037200,0.110000
1787009863197183122,-1.534975,9.691463,2.750562,0.030246,0.071152,0.110000,0.037200,0.110000
1787009863247163726,-1.621420,9.860432,2.750576,0.030246,0.071152,0.110000,0.036700,0.110000
1787009863297271656,-1.621420,9.860432,2.750576,0.002799,0.072197,0.110000,0.036700,0.110000
1787009863347312854,-1.716154,10.037480,2.750543,0.032370,0.072197,0.110000,0.037200,0.110000
1787009863397222129,-1.803338,10.193570,2.750542,0.034244,0.065251,0.110000,0.037200,0.110000
1787009863447210549,-1.803338,10.193570,2.750542,0.034244,0.065251,0.110000,0.037200,0.110000
1787009863497217859,-1.890372,10.343420,2.750508,0.008237,0.037167,0.110000,0.037700,0.110000
1787009863547161995,-1.989903,10.508260,2.750651,0.027525,0.037167,0.110000,0.034000,0.110000
1787009863597156164,-2.093678,10.673710,2.750631,0.012281,0.020894,0.110000,0.034000,0.110000
1787009863647476586,-2.093678,10.673710,2.750631,0.012281,0.020894,0.110000,0.034000,0.110000
1787009863697335116,-2.195347,10.830750,2.750975,0.044241,-0.019378,0.110000,0.019400,0.110000
1787009863747174576,-2.305919,10.998410,2.751010,0.016255,-0.019378,0.110000,0.011000,0.110000
1787009863797201026,-2.305919,10.998410,2.751010,0.016255,-0.032262,0.110000,0.011000,0.110000
1787009863847252430,-2.414389,11.160860,2.750980,0.009704,-0.032262,0.110000,0.011000,0.110000
1787009863897303581,-2.518589,11.316230,2.750911,0.014385,-0.044655,0.110000,-0.009900,0.110000
1787009863947195255,-2.615911,11.462950,2.750825,0.037297,-0.044655,0.110000,-0.016800,0.110000
1787009863997597096,-2.615911,11.462950,2.750825,0.037297,-0.063181,0.110000,-0.016800,0.110000
1787009864047182974,-2.728370,11.635920,2.750702,0.011586,-0.063181,0.110000,-0.023600,0.110000
1787009864097200584,-2.821193,11.782270,2.750728,0.009248,-0.073020,0.110000,-0.023600,0.110000
1787009864147510968,-2.963384,12.014500,2.750485,0.024269,-0.073020,0.110000,-0.033000,0.110000
1787009864197366749,-2.963384,12.014500,2.750485,0.024269,-0.079421,0.110000,-0.033000,0.110000
1787009864247328578,-2.963384,12.014500,2.750485,0.024269,-0.079421,0.110000,-0.033000,0.110000
1787009864297204315,-3.057964,12.175870,2.750516,0.014662,-0.079421,0.110000,-0.033000,0.110000
1787009864347093511,-3.057964,12.175870,2.750516,0.014662,-0.079421,0.110000,-0.038200,0.110000
1787009864397214105,-3.192051,12.416010,2.750321,0.017009,-0.075692,0.110000,-0.038200,0.110000
1787009864447500029,-3.285733,12.593590,2.750172,0.007436,-0.075692,0.110000,-0.041400,0.110000
1787009864497360206,-3.285733,12.593590,2.750172,0.007436,-0.069418,0.110000,-0.041400,0.110000
1787009864547209489,-3.433837,12.894670,2.750290,0.060527,-0.069418,0.110000,-0.039800,0.110000
1787009864597171733,-3.433837,12.894670,2.750290,0.060527,-0.058270,0.110000,-0.039800,0.110000
1787009864647206269,-3.547675,13.145060,2.750452,0.028357,-0.058270,0.110000,-0.036100,0.110000
1787009864697387586,-3.547675,13.145060,2.750452,0.028357,-0.051302,0.110000,-0.036100,0.110000
1787009864747230829,-3.621417,13.316950,2.750448,0.017673,-0.051302,0.110000,-0.036100,0.110000
1787009864797179825,-3.690284,13.484940,2.750657,0.006420,-0.041220,0.110000,-0.030400,0.110000
1787009864847204329,-3.690284,13.484940,2.750657,0.006420,-0.041220,0.110000,-0.030400,0.110000
1787009864897208381,-3.761807,13.666680,2.750724,0.002668,-0.023481,0.110000,-0.026700,0.110000
1787009864947180514,-3.827202,13.839010,2.750832,0.010529,-0.023481,0.110000,-0.021500,0.110000
1787009864997170551,-3.890834,14.011990,2.750804,0.004058,-0.018903,0.110000,-0.021500,0.110000
1787009865047226925,-3.890834,14.011990,2.750804,0.004058,-0.018903,0.110000,-0.021500,0.110000
1787009865097423756,-3.954806,14.190710,2.750948,0.021695,-0.001239,0.110000,-0.012000,0.110000
1787009865147184264,-4.015948,14.364610,2.750950,0.038437,-0.001239,0.110000,-0.009900,0.110000
1787009865197219547,-4.015948,14.364610,2.750950,0.038437,0.006996,0.110000,-0.009900,0.110000
1787009865247298073,-4.080741,14.551790,2.750941,0.025562,0.006996,0.110000,-0.009900,0.110000
1787009865297235274,-4.150238,14.754820,2.750976,0.006664,0.010057,0.110000,-0.000500,0.110000
1787009865347132146,-4.210853,14.931810,2.750968,0.004625,0.010057,0.110000,0.003700,0.110000
1787009865397419439,-4.210853,14.931810,2.750968,0.004625,0.026200,0.110000,0.003700,0.110000
1787009865447386383,-4.275395,15.119080,2.750956,0.006439,0.026200,0.110000,0.005200,0.110000
1787009865497213529,-4.334979,15.290600,2.750961,0.017097,0.033448,0.110000,0.005200,0.110000
1787009865547200630,-4.334979,15.290600,2.750961,0.017097,0.033448,0.110000,0.005200,0.110000
1787009865597209591,-4.397026,15.467080,2.750871,0.023997,0.041814,0.110000,0.013600,0.110000
1787009865647249244,-4.463104,15.650890,2.750832,0.006586,0.041814,0.110000,0.017300,0.110000
1787009865697316723,-4.463104,15.650890,2.750832,0.006586,0.047996,0.110000,0.017300,0.110000
1787009865747268866,-4.528816,15.828970,2.750843,0.034743,0.047996,0.110000,0.017300,0.110000
1787009865797271169,-4.601093,16.019280,2.750751,0.019185,0.053292,0.110000,0.022000,0.110000
1787009865847220948,-4.671532,16.198490,2.750691,0.001453,0.053292,0.110000,0.025100,0.110000
1787009865897291528,-4.671532,16.198490,2.750691,0.001453,0.058365,0.110000,0.025100,0.110000
1787009865947345330,-4.742058,16.371750,2.750710,0.006531,0.058365,0.110000,0.025100,0.110000
1787009865997143637,-4.822336,16.561790,2.750644,0.015003,0.063339,0.110000,0.027800,0.110000
1787009866047532151,-4.822336,16.561790,2.750644,0.015003,0.063339,0.110000,0.027800,0.110000
1787009866097500687,-4.903208,16.745590,2.750583,0.001478,0.066289,0.110000,0.030400,0.110000
1787009866147308260,-4.903208,16.745590,2.750583,0.001478,0.066289,0.110000,0.030400,0.110000
1787009866197302225,-5.076300,17.114050,2.750533,0.043043,0.066289,0.110000,0.033000,0.110000
1787009866247181085,-5.076300,17.114050,2.750533,0.043043,0.066289,0.110000,0.033000,0.110000
1787009866297192883,-5.195297,17.349780,2.750544,0.019473,0.073050,0.110000,0.033000,0.110000
1787009866347209781,-5.195297,17.349780,2.750544,0.019473,0.073050,0.110000,0.033000,0.110000
1787009866397349323,-5.282791,17.515100,2.750488,0.006387,0.079490,0.110000,0.034600,0.110000
1787009866447206567,-5.375792,17.683680,2.750338,0.004623,0.079490,0.110000,0.038200,0.110000
1787009866497125943,-5.462189,17.833890,2.750358,0.002386,0.076706,0.110000,0.038200,0.110000
1787009866547297065,-5.462189,17.833890,2.750358,0.002386,0.076706,0.110000,0.038200,0.110000
1787009866597216615,-5.558366,17.994300,2.750210,0.034424,0.080936,0.110000,0.041400,0.110000
1787009866647194855,-5.654706,18.148150,2.750278,0.015160,0.080936,0.110000,0.040300,0.110000
1787009866697147253,-5.753920,18.300170,2.750276,0.017336,0.082079,0.110000,0.040300,0.110000
1787009866747246851,-5.753920,18.300170,2.750276,0.017336,0.082079,0.110000,0.040300,0.110000
1787009866797232050,-5.860722,18.457030,2.750159,0.019386,0.079323,0.110000,0.042400,0.110000
1787009866847200929,-5.969129,18.609420,2.750143,0.008934,0.079323,0.110000,0.042900,0.110000
1787009866897223120,-5.969129,18.609420,2.750143,0.008934,0.079445,0.110000,0.042900,0.110000
1787009866947492111,-6.087309,18.768310,2.750164,0.034526,0.079445,0.110000,0.042900,0.110000
1787009866997555545,-6.087309,18.768310,2.750164,0.034526,0.079263,0.110000,0.042900,0.110000
1787009867047194365,-6.208889,18.924620,2.750247,0.019441,0.079263,0.110000,0.041400,0.110000
1787009867097204689,-6.333728,19.078340,2.750238,0.010857,0.073850,0.110000,0.041400,0.110000
1787009867147263012,-6.512413,19.287420,2.750244,0.008659,0.073850,0.110000,0.041400,0.110000
1787009867197190929,-6.512413,19.287420,2.750244,0.008659,0.073059,0.110000,0.041400,0.110000
1787009867247421350,-6.512413,19.287420,2.750244,0.008659,0.073059,0.110000,0.041400,0.110000
1787009867297265076,-6.780198,19.579210,2.750385,0.021623,0.073059,0.110000,0.038700,0.110000
1787009867347738619,-6.780198,19.579210,2.750385,0.010812,0.073059,0.110000,0.038700,0.110000
1787009867397237194,-6.780198,19.579210,2.750385,0.010812,0.069000,0.110000,0.038700,0.110000
1787009867447256841,-6.970932,19.773550,2.750396,0.030108,0.069000,0.110000,0.038200,0.110000
1787009867497219265,-6.970932,19.773550,2.750396,0.030108,0.067814,0.110000,0.038200,0.110000
1787009867547223547,-7.168782,19.964630,2.750503,0.018034,0.067814,0.110000,0.036100,0.110000
1787009867597195617,-7.168782,19.964630,2.750503,0.018034,0.064919,0.110000,0.036100,0.110000
1787009867647519750,-7.314293,20.098980,2.750482,0.002435,0.064919,0.110000,0.036100,0.110000
1787009867697191543,-7.458085,20.227030,2.750494,0.010888,0.062127,0.110000,0.035600,0.110000
1787009867747186356,-7.597775,20.347240,2.750557,0.032505,0.062127,0.110000,0.034000,0.110000
1787009867797219372,-7.597775,20.347240,2.750557,0.032505,0.057014,0.110000,0.034000,0.110000
1787009867847270009,-7.756380,20.479170,2.750600,0.015300,0.057014,0.110000,0.032500,0.110000
1787009867897188577,-7.895651,20.591300,2.750587,0.012966,0.056764,0.110000,0.032500,0.110000
1787009867947225920,-7.895651,20.591300,2.750587,0.012966,0.056764,0.110000,0.032500,0.110000
1787009867997315002,-8.045251,20.708120,2.750668,0.004292,0.056474,0.110000,0.029800,0.110000
1787009868047201047,-8.214180,20.835900,2.750654,0.002122,0.056474,0.110000,0.029800,0.110000
1787009868097093811,-8.385150,20.960940,2.750650,0.017314,0.056916,0.110000,0.029800,0.110000
1787009868147375622,-8.385150,20.960940,2.750650,0.017314,0.056916,0.110000,0.029800,0.110000
1787009868197324442,-8.535531,21.067490,2.750665,0.027936,0.057181,0.110000,0.029300,0.110000
1787009868247205453,-8.682827,21.168860,2.750642,0.025819,0.057181,0.110000,0.029800,0.110000
1787009868297075556,-8.836086,21.271240,2.750648,0.030207,0.057951,0.110000,0.029800,0.110000
1787009868347231904,-8.836086,21.271240,2.750648,0.030207,0.057951,0.110000,0.029800,0.110000
1787009868397239713,-8.995403,21.374400,2.750643,0.013044,0.058885,0.110000,0.029800,0.110000
1787009868447232120,-9.151519,21.472360,2.750631,0.015066,0.058885,0.110000,0.030400,0.110000
1787009868497225055,-9.151519,21.472360,2.750631,0.015066,0.061033,0.110000,0.030400,0.110000
1787009868547214800,-9.318475,21.573700,2.750622,0.025868,0.061033,0.110000,0.030900,0.110000
1787009868597221258,-9.479825,21.668330,2.750625,0.004234,0.062398,0.110000,0.030900,0.110000
1787009868647103979,-9.479825,21.668330,2.750625,0.004234,0.062398,0.110000,0.031900,0.110000
1787009868697234780,-9.656994,21.768570,2.750588,0.021568,0.065634,0.110000,0.031900,0.110000
1787009868747171395,-9.828528,21.861940,2.750585,0.025969,0.065634,0.110000,0.032500,0.110000
1787009868797204787,-10.006450,21.955040,2.750577,0.032293,0.067286,0.110000,0.032500,0.110000
1787009868847353235,-10.006450,21.955040,2.750577,0.032293,0.067286,0.110000,0.032500,0.110000
1787009868897239835,-10.176050,22.040230,2.750513,0.001394,0.071738,0.110000,0.034600,0.110000
1787009868947203142,-10.352040,22.124910,2.750506,0.034418,0.071738,0.110000,0.035100,0.110000
1787009868997247876,-10.352040,22.124910,2.750506,0.034418,0.074352,0.110000,0.035100,0.110000
1787009869047342081,-10.534500,22.208740,2.750506,0.025786,0.074352,0.110000,0.035100,0.110000
1787009869097175911,-10.710880,22.285940,2.750397,0.000534,0.077194,0.110000,0.037700,0.110000
1787009869147096298,-10.906530,22.367030,2.750397,0.000534,0.077194,0.110000,0.038700,0.110000
1787009869197590550,-10.906530,22.367030,2.750367,0.006348,0.083250,0.110000,0.038700,0.110000
1787009869247214452,-11.080710,22.435170,2.750284,0.040883,0.083250,0.110000,0.040300,0.110000
1787009869297156552,-11.245810,22.496210,2.750300,0.001494,0.085881,0.110000,0.040300,0.110000
1787009869347233573,-11.245810,22.496210,2.750300,0.001494,0.085881,0.110000,0.040300,0.110000
1787009869397342363,-11.432870,22.561180,2.750124,0.023697,0.092742,0.110000,0.043500,0.110000
1787009869447175882,-11.623950,22.622770,2.750043,0.012675,0.092742,0.110000,0.045000,0.110000
1787009869497189109,-11.623950,22.622770,2.750043,0.012675,0.101784,0.110000,0.045000,0.110000
1787009869547602507,-11.808480,22.677660,2.750061,0.019101,0.101784,0.110000,0.045000,0.110000
1787009869597233064,-11.999510,22.729690,2.749803,0.017371,0.104241,0.110000,0.048700,0.110000
1787009869647332996,-11.999510,22.729690,2.749803,0.017371,0.104241,0.110000,0.048700,0.110000
1787009869697160795,-12.382580,22.818130,2.749380,0.006741,0.106682,0.110000,0.054500,0.110000
1787009869747181370,-12.382580,22.818130,2.749380,0.006741,0.106682,0.110000,0.054500,0.110000
1787009869797140656,-12.382580,22.818130,2.749380,0.006741,0.103192,0.110000,0.056000,0.110000
1787009869847831824,-12.628640,22.863440,2.749353,0.149774,0.103192,0.110000,0.056000,0.110000
1787009869897206512,-12.628640,22.863440,2.749353,0.149774,0.108169,0.110000,0.056000,0.110000
1787009869947320967,-12.990790,22.913900,2.749461,0.002166,0.108169,0.110000,0.053900,0.110000
1787009869997247290,-12.990790,22.913900,2.749461,0.002166,0.100285,0.110000,0.053900,0.110000
1787009870047421661,-12.990790,22.913900,2.749461,0.002166,0.100285,0.110000,0.053900,0.110000
1787009870097414466,-13.264520,22.939630,2.749322,0.168152,0.103681,0.110000,0.056500,0.110000
1787009870147184083,-13.525290,22.954180,2.749239,0.014970,0.103681,0.110000,0.056500,0.110000
1787009870197207710,-13.525290,22.954180,2.749239,0.014970,0.098565,0.110000,0.056500,0.110000
1787009870247327139,-13.717720,22.958690,2.749588,0.041007,0.098565,0.110000,0.052400,0.110000
1787009870297197576,-13.915690,22.958030,2.749395,0.004634,0.093134,0.110000,0.054500,0.110000
1787009870347131160,-14.108080,22.952240,2.749635,0.030061,0.093134,0.110000,0.051800,0.110000
1787009870397451611,-14.108080,22.952240,2.749635,0.030061,0.082973,0.110000,0.051800,0.110000
1787009870447485056,-14.294800,22.941970,2.749877,0.013085,0.082973,0.110000,0.048700,0.110000
1787009870497167459,-14.486700,22.926820,2.749854,0.019283,0.079424,0.110000,0.048700,0.110000
1787009870547168066,-14.659080,22.909370,2.750202,0.003142,0.079424,0.110000,0.043500,0.110000
1787009870597166268,-14.844750,22.886850,2.750294,0.015267,0.067856,0.110000,0.041400,0.110000
1787009870647538560,-15.008170,22.863910,2.750271,0.017211,0.067856,0.110000,0.041400,0.110000
1787009870697367687,-15.008170,22.863910,2.750271,0.017211,0.065475,0.110000,0.041400,0.110000
1787009870747306418,-15.008170,22.863910,2.750271,0.017211,0.065475,0.110000,0.041400,0.110000
1787009870797210159,-15.206420,22.832150,2.750438,0.415198,0.065475,0.110000,0.035600,0.110000
1787009870847136645,-15.476930,22.782280,2.750534,0.002146,0.065475,0.110000,0.035600,0.110000
1787009870897701277,-15.476930,22.782280,2.750534,0.002146,0.057973,0.110000,0.035600,0.110000
1787009870947251974,-15.476930,22.782280,2.750534,0.002146,0.057973,0.110000,0.035600,0.110000
1787009870997451872,-15.845370,22.703190,2.750565,0.008741,0.054569,0.110000,0.034000,0.110000
1787009871047318536,-15.845370,22.703190,2.750565,0.008741,0.054569,0.110000,0.034000,0.110000
1787009871097259167,-16.107310,22.639460,2.750655,0.015224,0.053222,0.110000,0.030400,0.110000
1787009871147185801,-16.107310,22.639460,2.750655,0.015224,0.053222,0.110000,0.030400,0.110000
1787009871197189924,-16.373160,22.568790,2.750748,0.038026,0.052415,0.110000,0.027800,0.110000
1787009871247223574,-16.373160,22.568790,2.750748,0.038026,0.052415,0.110000,0.027800,0.110000
1787009871297246523,-16.758630,22.456050,2.750718,0.013053,0.045583,0.110000,0.027200,0.110000
1787009871347201176,-16.758630,22.456050,2.750718,0.013053,0.045583,0.110000,0.027200,0.110000
1787009871397206621,-16.916100,22.406600,2.750813,0.034180,0.046902,0.110000,0.024100,0.110000
1787009871447240550,-16.916100,22.406600,2.750813,0.034180,0.046902,0.110000,0.024100,0.110000
1787009871497393230,-17.093930,22.348550,2.750774,0.015058,0.046902,0.110000,0.024100,0.110000
1787009871547435653,-17.093930,22.348550,2.750774,0.015058,0.046902,0.110000,0.024100,0.110000
1787009871597230992,-17.465640,22.219820,2.750757,0.002215,0.044591,0.110000,0.024600,0.110000
1787009871647170884,-17.465640,22.219820,2.750757,0.002278,0.044591,0.110000,0.024600,0.110000
1787009871697222756,-17.723670,22.124460,2.750774,0.023792,0.052347,0.110000,0.023600,0.110000
1787009871747673254,-17.723670,22.124460,2.750774,0.023792,0.052347,0.110000,0.023600,0.110000
1787009871797453564,-17.723670,22.124460,2.750774,0.023792,0.052347,0.110000,0.023600,0.110000
1787009871847196884,-18.089840,21.980720,2.750774,0.014934,0.052347,0.110000,0.023600,0.110000
1787009871897192892,-18.089840,21.980720,2.750774,0.014934,0.052915,0.110000,0.023600,0.110000
1787009871947201154,-18.343730,21.874840,2.750698,0.029960,0.052915,0.110000,0.027200,0.110000
1787009871997712523,-18.343730,21.874840,2.750698,0.029960,0.056751,0.110000,0.027200,0.110000
1787009872047248845,-18.520230,21.797860,2.750697,0.047406,0.056751,0.110000,0.027800,0.110000
1787009872097327929,-18.680690,21.725400,2.750683,0.032327,0.059112,0.110000,0.027800,0.110000
1787009872147105543,-18.830260,21.655620,2.750623,0.017342,0.059112,0.110000,0.029800,0.110000
1787009872197199792,-18.996220,21.575460,2.750607,0.028074,0.058139,0.110000,0.030900,0.110000
1787009872247539301,-19.148730,21.499150,2.750624,0.021496,0.058139,0.110000,0.030900,0.110000
1787009872297477275,-19.148730,21.499150,2.750624,0.021496,0.062017,0.110000,0.030900,0.110000
1787009872347341792,-19.148730,21.499150,2.750624,0.021496,0.062017,0.110000,0.030900,0.110000
1787009872397190098,-19.295340,21.423350,2.750627,0.025881,0.062017,0.110000,0.030900,0.110000
1787009872447555997,-19.295340,21.423350,2.750627,0.025881,0.062017,0.110000,0.030900,0.110000
1787009872497184763,-19.537480,21.292820,2.750636,0.021449,0.059339,0.110000,0.032500,0.110000
1787009872547197524,-19.695700,21.203800,2.750571,0.006667,0.059339,0.110000,0.032500,0.110000
1787009872597542445,-19.923470,21.070180,2.750622,0.012853,0.067533,0.110000,0.030900,0.110000
1787009872647271685,-19.923470,21.070180,2.750622,0.012853,0.067533,0.110000,0.030900,0.110000
1787009872697186788,-20.083100,20.972680,2.750623,0.010822,0.072942,0.110000,0.030900,0.110000
1787009872747233551,-20.083100,20.972680,2.750623,0.010822,0.072942,0.110000,0.030900,0.110000
1787009872797430175,-20.250440,20.866750,2.750460,0.012790,0.074513,0.110000,0.035600,0.110000
1787009872847187459,-20.415780,20.757770,2.750381,0.017252,0.074513,0.110000,0.038200,0.110000
1787009872897122048,-20.588000,20.639280,2.750392,0.017228,0.078973,0.110000,0.038200,0.110000
1787009872947209051,-20.588000,20.639280,2.750392,0.017228,0.078973,0.110000,0.038200,0.110000
1787009872997368001,-20.733320,20.535140,2.750347,0.006522,0.078883,0.110000,0.039300,0.110000
1787009873047234369,-20.878900,20.426700,2.750243,0.021629,0.078883,0.110000,0.041400,0.110000
1787009873097128634,-21.024530,20.313780,2.750259,0.006439,0.075071,0.110000,0.041400,0.110000
1787009873147206512,-21.024530,20.313780,2.750259,0.006439,0.075071,0.110000,0.041400,0.110000
1787009873197396227,-21.170040,20.196290,2.750265,0.010742,0.074649,0.110000,0.041400,0.110000
1787009873247204840,-21.313240,20.075970,2.750364,0.021661,0.074649,0.110000,0.039300,0.110000
1787009873297175424,-21.313240,20.075970,2.750364,0.021661,0.078298,0.110000,0.039300,0.110000
1787009873347308261,-21.456200,19.951150,2.750361,0.023691,0.078298,0.110000,0.039300,0.110000
1787009873397332686,-21.584630,19.834810,2.750361,0.038983,0.082102,0.110000,0.039300,0.110000
1787009873447172238,-21.720910,19.706730,2.750276,0.013187,0.082102,0.110000,0.040800,0.110000
1787009873497210617,-21.720910,19.706730,2.750276,0.013187,0.081934,0.110000,0.040800,0.110000
1787009873547243838,-21.864340,19.566240,2.750165,0.010680,0.081934,0.110000,0.042900,0.110000
1787009873597169012,-21.987510,19.440490,2.750179,0.004415,0.077644,0.110000,0.042900,0.110000
1787009873647118800,-22.121270,19.298220,2.750182,0.025893,0.077644,0.110000,0.042900,0.110000
1787009873697337798,-22.121270,19.298220,2.750182,0.025893,0.075048,0.110000,0.042900,0.110000
1787009873747193969,-22.251990,19.153150,2.750297,0.043102,0.075048,0.110000,0.040800,0.110000
1787009873797192447,-22.383270,19.001240,2.750289,0.027983,0.076704,0.110000,0.040800,0.110000
1787009873847197532,-22.383270,19.001240,2.750289,0.027983,0.076704,0.110000,0.040800,0.110000
1787009873897382280,-22.509650,18.848760,2.750363,0.023681,0.073555,0.110000,0.039300,0.110000
1787009873947182715,-22.622770,18.706780,2.750312,0.023809,0.073555,0.110000,0.040300,0.110000
1787009873997438064,-22.622770,18.706780,2.750312,0.023809,0.068976,0.110000,0.040300,0.110000
1787009874047071691,-22.850630,18.403230,2.750319,0.036516,0.068976,0.110000,0.038700,0.110000
1787009874097198655,-22.850630,18.403230,2.750401,0.004307,0.065868,0.110000,0.038700,0.110000
1787009874147198329,-23.000850,18.189430,2.750498,0.017110,0.065868,0.110000,0.036100,0.110000
1787009874197381426,-23.000850,18.189430,2.750498,0.017110,0.067090,0.110000,0.036100,0.110000
1787009874247238052,-23.106700,18.031890,2.750559,0.049422,0.067090,0.110000,0.034600,0.110000
1787009874297488772,-23.106700,18.031890,2.750559,0.049422,0.066806,0.110000,0.034600,0.110000
1787009874347124408,-23.294420,17.737290,2.750523,0.004660,0.066806,0.110000,0.035100,0.110000
1787009874397222490,-23.294420,17.737290,2.750523,0.004660,0.064605,0.110000,0.035100,0.110000
1787009874447582185,-23.435700,17.501280,2.750524,0.002014,0.064605,0.110000,0.035100,0.110000
1787009874498242680,-23.435700,17.501280,2.750524,0.002014,0.060777,0.110000,0.035100,0.110000
1787009874547176591,-23.435700,17.501280,2.750524,0.002014,0.060777,0.110000,0.035100,0.110000
1787009874597572820,-23.527080,17.341230,2.750525,0.012874,0.059574,0.110000,0.035100,0.110000
1787009874647488584,-23.527080,17.341230,2.750525,0.012874,0.059574,0.110000,0.035100,0.110000
1787009874697155536,-23.744720,16.933590,2.750621,0.043223,0.059574,0.110000,0.031900,0.110000
1787009874747350870,-23.744720,16.933590,2.750621,0.043223,0.059574,0.110000,0.031900,0.110000
1787009874797210053,-23.866810,16.687090,2.750621,0.017161,0.054280,0.110000,0.031400,0.110000
1787009874847557237,-23.866810,16.687090,2.750621,0.017161,0.054280,0.110000,0.031400,0.110000
1787009874897186394,-23.866810,16.687090,2.750621,0.017161,0.055015,0.110000,0.031400,0.110000
1787009874947189388,-23.978860,16.447970,2.750738,0.039918,0.055015,0.110000,0.028300,0.110000
1787009874997214826,-23.978860,16.447970,2.750738,0.039918,0.053901,0.110000,0.028300,0.110000
1787009875047264299,-24.090520,16.196560,2.750687,0.015138,0.053901,0.110000,0.028300,0.110000
1787009875097240119,-24.161440,16.029440,2.750673,0.001055,0.049090,0.110000,0.028800,0.110000
1787009875147136422,-24.230160,15.861390,2.750687,0.010798,0.049090,0.110000,0.028300,0.110000
1787009875197302714,-24.230160,15.861390,2.750687,0.010798,0.045388,0.110000,0.028300,0.110000
1787009875247215287,-24.301690,15.679640,2.750751,0.017140,0.045388,0.110000,0.025700,0.110000
1787009875297121091,-24.368970,15.502150,2.750739,0.030298,0.046616,0.110000,0.025700,0.110000
1787009875347536547,-24.368970,15.502150,2.750739,0.030298,0.046616,0.110000,0.025700,0.110000
1787009875397281034,-24.447060,15.287590,2.750780,0.008692,0.045363,0.110000,0.023600,0.110000
1787009875447182628,-24.506130,15.118820,2.750750,0.001289,0.045363,0.110000,0.024600,0.110000
1787009875497245211,-24.506130,15.118820,2.750750,0.001289,0.046735,0.110000,0.024600,0.110000
1787009875547251798,-24.567620,14.936330,2.750755,0.008759,0.046735,0.110000,0.024600,0.110000
1787009875597166147,-24.626100,14.755750,2.750778,0.010653,0.044195,0.110000,0.023600,0.110000
1787009875647185303,-24.684090,14.569240,2.750745,0.008917,0.044195,0.110000,0.024600,0.110000
1787009875697270775,-24.684090,14.569240,2.750745,0.008917,0.043454,0.110000,0.024600,0.110000
1787009875747209808,-24.736760,14.392610,2.750785,0.028043,0.043454,0.110000,0.023000,0.110000
1787009875797200214,-24.794920,14.188930,2.750777,0.013045,0.045289,0.110000,0.023000,0.110000
1787009875847526290,-24.794920,14.188930,2.750777,0.013045,0.045289,0.110000,0.023000,0.110000
1787009875897199043,-24.843470,14.011130,2.750788,0.006414,0.043030,0.110000,0.022500,0.110000
1787009875947434146,-24.843470,14.011130,2.750788,0.006414,0.043030,0.110000,0.022500,0.110000
1787009875997308790,-24.895550,13.811490,2.750764,0.004505,0.047480,0.110000,0.023600,0.110000
1787009876047205344,-24.959950,13.549700,2.750785,0.015123,0.047480,0.110000,0.022500,0.110000
1787009876097143197,-25.002240,13.367470,2.750785,0.021504,0.045058,0.110000,0.022500,0.110000
1787009876147257676,-25.002240,13.367470,2.750785,0.021504,0.045058,0.110000,0.022500,0.110000
1787009876197337251,-25.044230,13.176730,2.750738,0.017261,0.046535,0.110000,0.024600,0.110000
1787009876247178247,-25.081220,12.998980,2.750774,0.017213,0.046535,0.110000,0.023600,0.110000
1787009876297217004,-25.081220,12.998980,2.750774,0.017213,0.046583,0.110000,0.023600,0.110000
1787009876347251507,-25.122380,12.788390,2.750745,0.004303,0.046583,0.110000,0.024600,0.110000
1787009876397201692,-25.156910,12.598950,2.750743,0.004372,0.049257,0.110000,0.024600,0.110000
1787009876447094355,-25.188250,12.414530,2.750743,0.004372,0.049257,0.110000,0.024600,0.110000
1787009876497306875,-25.188250,12.414530,2.750747,0.036586,0.048699,0.110000,0.024600,0.110000
1787009876547204208,-25.219450,12.216160,2.750723,0.021523,0.048699,0.110000,0.025700,0.110000
1787009876597343490,-25.245420,12.036460,2.750730,0.002065,0.046125,0.110000,0.025700,0.110000
1787009876647219595,-25.245420,12.036460,2.750730,0.002065,0.046125,0.110000,0.025700,0.110000
1787009876697433036,-25.271660,11.837370,2.750730,0.036512,0.045516,0.110000,0.025700,0.110000
1787009876747175133,-25.296560,11.627010,2.750765,0.019317,0.045516,0.110000,0.024100,0.110000
1787009876797617525,-25.296560,11.627010,2.750765,0.019317,0.047620,0.110000,0.024100,0.110000
1787009876847191566,-25.316270,11.440990,2.750759,0.004293,0.047620,0.110000,0.024100,0.110000
1787009876897310528,-25.333600,11.257490,2.750759,0.006377,0.047374,0.110000,0.024100,0.110000
1787009876947372958,-25.355320,10.986020,2.750732,0.025850,0.047374,0.110000,0.025100,0.110000
1787009876997178128,-25.355320,10.986020,2.750732,0.025850,0.049812,0.110000,0.025100,0.110000
1787009877047212973,-25.355320,10.986020,2.750732,0.025850,0.049812,0.110000,0.025100,0.110000
1787009877097214196,-25.370500,10.747170,2.750756,0.031618,0.050555,0.110000,0.024600,0.110000
1787009877147155413,-25.379360,10.571330,2.750749,0.038691,0.050555,0.110000,0.024600,0.110000
1787009877197189515,-25.386500,10.387160,2.750703,0.021541,0.047342,0.110000,0.026200,0.110000
1787009877247235569,-25.386500,10.387160,2.750703,0.021541,0.047342,0.110000,0.026200,0.110000
1787009877297351228,-25.391730,10.183670,2.750701,0.002063,0.050541,0.110000,0.026700,0.110000
1787009877347217664,-25.394100,9.999353,2.750757,0.004118,0.050541,0.110000,0.024600,0.110000
1787009877397559589,-25.394100,9.999353,2.750757,0.004118,0.047574,0.110000,0.024600,0.110000
1787009877447209488,-25.394280,9.809526,2.750744,0.000310,0.047574,0.110000,0.024600,0.110000
1787009877497217696,-25.391910,9.605974,2.750690,0.019499,0.050043,0.110000,0.026700,0.110000
1787009877547271521,-25.384650,9.339241,2.750739,0.002230,0.050043,0.110000,0.025100,0.110000
1787009877597181727,-25.384650,9.339241,2.750739,0.002230,0.047137,0.110000,0.025100,0.110000
1787009877647107047,-25.376700,9.149597,2.750733,0.025891,0.047137,0.110000,0.025100,0.110000
1787009877697200677,-25.376700,9.149597,2.750733,0.025891,0.046697,0.110000,0.025100,0.110000
1787009877747267220,-25.365230,8.940844,2.750709,0.027839,0.046697,0.110000,0.026200,0.110000
1787009877797205449,-25.351940,8.745976,2.750753,0.015095,0.047159,0.110000,0.024600,0.110000
1787009877847080637,-25.336960,8.559513,2.750743,0.010762,0.047159,0.110000,0.024600,0.110000
1787009877897571831,-25.336960,8.559513,2.750743,0.010762,0.044338,0.110000,0.024600,0.110000
1787009877947273216,-25.336960,8.559513,2.750743,0.010762,0.044338,0.110000,0.024600,0.110000
1787009877997730327,-25.299860,8.181712,2.750746,0.014991,0.044338,0.110000,0.024600,0.110000
1787009878047176970,-25.299860,8.181712,2.750746,0.014991,0.044338,0.110000,0.024600,0.110000
1787009878097161631,-25.299860,8.181712,2.750746,0.014991,0.044713,0.110000,0.024600,0.110000
1787009878147197637,-25.244870,7.739471,2.750785,0.012880,0.044713,0.110000,0.023000,0.110000
1787009878197202486,-25.244870,7.739471,2.750785,0.012880,0.042809,0.110000,0.023000,0.110000
1787009878247282881,-25.192670,7.388465,2.750764,0.023594,0.042809,0.110000,0.023600,0.110000
1787009878297189030,-25.192670,7.388465,2.750764,0.023594,0.040445,0.110000,0.023600,0.110000
1787009878347219809,-25.165880,7.225594,2.750787,0.013012,0.040445,0.110000,0.022500,0.110000
1787009878397231748,-25.165880,7.225594,2.750787,0.013012,0.039797,0.110000,0.022500,0.110000
1787009878447234963,-25.133160,7.038618,2.750796,0.124819,0.039797,0.110000,0.020900,0.110000
1787009878497199485,-25.096910,6.843891,2.750813,0.040870,0.039504,0.110000,0.020900,0.110000
1787009878547242022,-25.096910,6.843891,2.750813,0.040870,0.039504,0.110000,0.020900,0.110000
1787009878597184951,-25.058060,6.646862,2.750808,0.012867,0.039518,0.110000,0.020900,0.110000
1787009878647188175,-25.017100,6.450261,2.750806,0.002089,0.039518,0.110000,0.020900,0.110000
1787009878697628642,-25.017100,6.450261,2.750806,0.002089,0.038386,0.110000,0.020900,0.110000
1787009878747204085,-24.975850,6.262161,2.750804,0.028133,0.038386,0.110000,0.020900,0.110000
1787009878797170082,-24.933300,6.077172,2.750812,0.008723,0.036112,0.110000,0.020900,0.110000
1787009878847206014,-24.870390,5.817846,2.750825,0.002206,0.036112,0.110000,0.019900,0.110000
1787009878897631951,-24.870390,5.817846,2.750825,0.002206,0.445122,0.071500,0.019900,0.110000
1787009878947263429,-24.782050,5.476982,2.750843,0.002660,0.445122,0.071500,0.018800,0.110000
1787009878997658049,-24.782050,5.476982,2.750843,0.002660,0.446344,0.071500,0.018800,0.110000
1787009879047261967,-24.782050,5.476982,2.750843,0.002660,0.446344,0.071500,0.018800,0.110000
1787009879097213832,-24.740490,5.328937,2.174081,10.590207,0.446344,0.071500,0.214000,0.072000
1787009879147220019,-24.740490,5.328937,2.174081,10.590207,0.446344,0.071500,0.214000,0.072000
1787009879197204838,-24.673180,5.151739,1.784610,0.426334,0.446577,0.071500,0.233500,0.072000
1787009879247548306,-24.673180,5.151739,1.784610,0.426334,0.446577,0.071500,0.233500,0.072000
1787009879297187399,-24.618120,5.042109,1.775465,0.033641,0.444222,0.071500,0.234000,0.072000
1787009879347201318,-24.551140,4.931214,1.774764,0.013327,0.444222,0.071500,0.234000,0.072000
1787009879397366313,-24.447710,4.791404,1.775189,0.002652,0.433021,0.071500,0.232500,0.072000
1787009879447339823,-24.447710,4.791404,1.775189,0.002652,0.433021,0.071500,0.232500,0.072000
1787009879497262314,-24.364980,4.698692,1.775227,0.019402,0.424867,0.071500,0.232500,0.072000
1787009879547237525,-24.364980,4.698692,1.775227,0.019402,0.424867,0.071500,0.232500,0.072000
1787009879597346817,-24.274090,4.611232,1.776860,0.005307,0.403880,0.071500,0.226700,0.072000
1787009879647237030,-24.179670,4.532928,1.778143,0.005729,0.403880,0.071500,0.222500,0.072000
1787009879697154478,-24.084300,4.464562,1.778165,0.047158,0.392738,0.071500,0.222500,0.072000
1787009879747237454,-24.084300,4.464562,1.778165,0.047158,0.392738,0.071500,0.222500,0.072000
1787009879797289065,-23.973580,4.396507,1.780981,0.008161,0.380858,0.071500,0.211500,0.072000
1787009879847199426,-23.856560,4.335712,1.782325,0.023800,0.380858,0.071500,0.205800,0.072000
1787009879897214670,-23.856560,4.335712,1.782325,0.023800,0.353710,0.071500,0.205800,0.072000
1787009879947287098,-23.742140,4.286012,1.782387,0.030309,0.353710,0.071500,0.205800,0.072000
1787009879997172598,-23.626270,4.244550,1.783845,0.030575,0.338578,0.071500,0.199500,0.072000
1787009880047120800,-23.506120,4.209888,1.786987,0.004885,0.338578,0.071500,0.185400,0.072000
1787009880097615918,-23.506120,4.209888,1.786987,0.004885,0.307718,0.071500,0.185400,0.072000
1787009880147268919,-23.382230,4.182071,1.788574,0.025526,0.307718,0.071500,0.177500,0.072000
1787009880197198370,-23.258680,4.161833,1.788494,0.028679,0.292308,0.071500,0.177500,0.072000
1787009880247214886,-23.258680,4.161833,1.788494,0.028679,0.292308,0.071500,0.177500,0.072000
1787009880297272795,-23.141160,4.149071,1.791635,0.058611,0.261005,0.071500,0.161300,0.072000
1787009880347224693,-23.006920,4.141489,1.792997,0.009172,0.261005,0.071500,0.152900,0.072000
1787009880397273544,-23.006920,4.141489,1.792997,0.009172,0.246361,0.071500,0.152900,0.072000
1787009880447535756,-22.881410,4.140905,1.793043,0.012289,0.246361,0.071500,0.152900,0.072000
1787009880497245788,-22.881410,4.140905,1.793043,0.012289,0.230680,0.071500,0.152900,0.072000
1787009880547503915,-22.634140,4.156766,1.796654,0.042546,0.230680,0.071500,0.128800,0.072000
1787009880597302770,-22.459560,4.180289,1.797687,0.016085,0.202626,0.071500,0.121000,0.072000
1787009880647244503,-22.459560,4.180289,1.797687,0.016085,0.202626,0.071500,0.121000,0.072000
1787009880697187703,-22.339310,4.202265,1.797662,0.041929,0.188314,0.071500,0.121000,0.072000
1787009880747202926,-22.339310,4.202265,1.797662,0.041929,0.188314,0.071500,0.121000,0.072000
1787009880755359658,-22.232080,4.225711,1.797662,0.041929,0.188314,0.071500,0.106300,0.072000
